image_path,label
C:\Users\mainh\OneDrive\Attachments\Máy tính\facial-emotion-viz\data\raw\happiness\reg_img48 (7).jpg,happiness
C:\Users\mainh\OneDrive\Attachments\Máy tính\facial-emotion-viz\data\raw\sadness\reg_img45 (2).jpg,sadness
C:\Users\mainh\OneDrive\Attachments\Máy tính\facial-emotion-viz\data\raw\disgust\reg_img29 (12).jpg,disgust
C:\Users\mainh\OneDrive\Attachments\Máy tính\facial-emotion-viz\data\raw\sadness\reg_img82.jpg,sadness
C:\Users\mainh\OneDrive\Attachments\Máy tính\facial-emotion-viz\data\raw\disgust\reg_img133 (11).jpg,disgust
C:\Users\mainh\OneDrive\Attachments\Máy tính\facial-emotion-viz\data\raw\happiness\reg_img115 (9).jpg,happiness
C:\Users\mainh\OneDrive\Attachments\Máy tính\facial-emotion-viz\data\raw\repression\reg_img134 (4).jpg,repression
C:\Users\mainh\OneDrive\Attachments\Máy tính\facial-emotion-viz\data\raw\repression\reg_img40 (2).jpg,repression
C:\Users\mainh\OneDrive\Attachments\Máy tính\facial-emotion-viz\data\raw\surprise\reg_img109 (2).jpg,surprise
C:\Users\mainh\OneDrive\Attachments\Máy tính\facial-emotion-viz\data\raw\surprise\reg_img91 (15).jpg,surprise
C:\Users\mainh\OneDrive\Attachments\Máy tính\facial-emotion-viz\data\raw\surprise\reg_img40 (2).jpg,surprise
C:\Users\mainh\OneDrive\Attachments\Máy tính\facial-emotion-viz\data\raw\disgust\reg_img131 (2).jpg,disgust
C:\Users\mainh\OneDrive\Attachments\Máy tính\facial-emotion-viz\data\raw\disgust\reg_img114 (12).jpg,disgust
C:\Users\mainh\OneDrive\Attachments\Máy tính\facial-emotion-viz\data\raw\disgust\reg_img34 (16).jpg,disgust
C:\Users\mainh\OneDrive\Attachments\Máy tính\facial-emotion-viz\data\raw\sadness\reg_img48 (3).jpg,sadness
C:\Users\mainh\OneDrive\Attachments\Máy tính\facial-emotion-viz\data\raw\repression\reg_img114 (10).jpg,repression
C:\Users\mainh\OneDrive\Attachments\Máy tính\facial-emotion-viz\data\raw\repression\reg_img130 (2).jpg,repression
C:\Users\mainh\OneDrive\Attachments\Máy tính\facial-emotion-viz\data\raw\happiness\reg_img258.jpg,happiness
C:\Users\mainh\OneDrive\Attachments\Máy tính\facial-emotion-viz\data\raw\sadness\reg_img37.jpg,sadness
C:\Users\mainh\OneDrive\Attachments\Máy tính\facial-emotion-viz\data\raw\disgust\reg_img43 (9).jpg,disgust
C:\Users\mainh\OneDrive\Attachments\Máy tính\facial-emotion-viz\data\raw\repression\reg_img68 (2).jpg,repression
C:\Users\mainh\OneDrive\Attachments\Máy tính\facial-emotion-viz\data\raw\surprise\reg_img108 (10).jpg,surprise
C:\Users\mainh\OneDrive\Attachments\Máy tính\facial-emotion-viz\data\raw\repression\reg_img36 (2).jpg,repression
C:\Users\mainh\OneDrive\Attachments\Máy tính\facial-emotion-viz\data\raw\disgust\reg_img97 (12).jpg,disgust
C:\Users\mainh\OneDrive\Attachments\Máy tính\facial-emotion-viz\data\raw\repression\reg_img140 (3).jpg,repression
C:\Users\mainh\OneDrive\Attachments\Máy tính\facial-emotion-viz\data\raw\sadness\reg_img96.jpg,sadness
C:\Users\mainh\OneDrive\Attachments\Máy tính\facial-emotion-viz\data\raw\disgust\reg_img207 (2).jpg,disgust
C:\Users\mainh\OneDrive\Attachments\Máy tính\facial-emotion-viz\data\raw\disgust\reg_img163.jpg,disgust
C:\Users\mainh\OneDrive\Attachments\Máy tính\facial-emotion-viz\data\raw\disgust\reg_img87 (15).jpg,disgust
C:\Users\mainh\OneDrive\Attachments\Máy tính\facial-emotion-viz\data\raw\repression\reg_img68 (11).jpg,repression
C:\Users\mainh\OneDrive\Attachments\Máy tính\facial-emotion-viz\data\raw\disgust\reg_img32 (8).jpg,disgust
C:\Users\mainh\OneDrive\Attachments\Máy tính\facial-emotion-viz\data\raw\repression\reg_img65 (3).jpg,repression
C:\Users\mainh\OneDrive\Attachments\Máy tính\facial-emotion-viz\data\raw\happiness\reg_img28 (2).jpg,happiness
C:\Users\mainh\OneDrive\Attachments\Máy tính\facial-emotion-viz\data\raw\disgust\reg_img69 (24).jpg,disgust
C:\Users\mainh\OneDrive\Attachments\Máy tính\facial-emotion-viz\data\raw\disgust\reg_img105 (20).jpg,disgust
C:\Users\mainh\OneDrive\Attachments\Máy tính\facial-emotion-viz\data\raw\disgust\reg_img202 (3).jpg,disgust
C:\Users\mainh\OneDrive\Attachments\Máy tính\facial-emotion-viz\data\raw\disgust\reg_img313.jpg,disgust
C:\Users\mainh\OneDrive\Attachments\Máy tính\facial-emotion-viz\data\raw\disgust\reg_img134 (5).jpg,disgust
C:\Users\mainh\OneDrive\Attachments\Máy tính\facial-emotion-viz\data\raw\disgust\reg_img131 (5).jpg,disgust
C:\Users\mainh\OneDrive\Attachments\Máy tính\facial-emotion-viz\data\raw\disgust\reg_img81 (33).jpg,disgust
C:\Users\mainh\OneDrive\Attachments\Máy tính\facial-emotion-viz\data\raw\disgust\reg_img51 (21).jpg,disgust
C:\Users\mainh\OneDrive\Attachments\Máy tính\facial-emotion-viz\data\raw\repression\reg_img134 (12).jpg,repression
C:\Users\mainh\OneDrive\Attachments\Máy tính\facial-emotion-viz\data\raw\happiness\reg_img125 (5).jpg,happiness
C:\Users\mainh\OneDrive\Attachments\Máy tính\facial-emotion-viz\data\raw\happiness\reg_img131 (6).jpg,happiness
C:\Users\mainh\OneDrive\Attachments\Máy tính\facial-emotion-viz\data\raw\happiness\reg_img155 (7).jpg,happiness
C:\Users\mainh\OneDrive\Attachments\Máy tính\facial-emotion-viz\data\raw\repression\reg_img104 (2).jpg,repression
C:\Users\mainh\OneDrive\Attachments\Máy tính\facial-emotion-viz\data\raw\surprise\reg_img71 (2).jpg,surprise
C:\Users\mainh\OneDrive\Attachments\Máy tính\facial-emotion-viz\data\raw\happiness\reg_img28 (10).jpg,happiness
C:\Users\mainh\OneDrive\Attachments\Máy tính\facial-emotion-viz\data\raw\happiness\reg_img90 (14).jpg,happiness
C:\Users\mainh\OneDrive\Attachments\Máy tính\facial-emotion-viz\data\raw\disgust\reg_img268.jpg,disgust
C:\Users\mainh\OneDrive\Attachments\Máy tính\facial-emotion-viz\data\raw\disgust\reg_img23 (14).jpg,disgust
C:\Users\mainh\OneDrive\Attachments\Máy tính\facial-emotion-viz\data\raw\disgust\reg_img24 (4).jpg,disgust
C:\Users\mainh\OneDrive\Attachments\Máy tính\facial-emotion-viz\data\raw\repression\reg_img178 (3).jpg,repression
C:\Users\mainh\OneDrive\Attachments\Máy tính\facial-emotion-viz\data\raw\repression\reg_img82 (12).jpg,repression
C:\Users\mainh\OneDrive\Attachments\Máy tính\facial-emotion-viz\data\raw\happiness\reg_img66 (3).jpg,happiness
C:\Users\mainh\OneDrive\Attachments\Máy tính\facial-emotion-viz\data\raw\disgust\reg_img69 (34).jpg,disgust
C:\Users\mainh\OneDrive\Attachments\Máy tính\facial-emotion-viz\data\raw\disgust\reg_img67.jpg,disgust
C:\Users\mainh\OneDrive\Attachments\Máy tính\facial-emotion-viz\data\raw\repression\reg_img110 (9).jpg,repression
C:\Users\mainh\OneDrive\Attachments\Máy tính\facial-emotion-viz\data\raw\repression\reg_img127 (12).jpg,repression
C:\Users\mainh\OneDrive\Attachments\Máy tính\facial-emotion-viz\data\raw\surprise\reg_img98 (4).jpg,surprise
C:\Users\mainh\OneDrive\Attachments\Máy tính\facial-emotion-viz\data\raw\happiness\reg_img98 (4).jpg,happiness
C:\Users\mainh\OneDrive\Attachments\Máy tính\facial-emotion-viz\data\raw\disgust\reg_img95 (10).jpg,disgust
C:\Users\mainh\OneDrive\Attachments\Máy tính\facial-emotion-viz\data\raw\disgust\reg_img24 (3).jpg,disgust
C:\Users\mainh\OneDrive\Attachments\Máy tính\facial-emotion-viz\data\raw\repression\reg_img104 (5).jpg,repression
C:\Users\mainh\OneDrive\Attachments\Máy tính\facial-emotion-viz\data\raw\disgust\reg_img65 (30).jpg,disgust
C:\Users\mainh\OneDrive\Attachments\Máy tính\facial-emotion-viz\data\raw\repression\reg_img160 (7).jpg,repression
C:\Users\mainh\OneDrive\Attachments\Máy tính\facial-emotion-viz\data\raw\happiness\reg_img58 (13).jpg,happiness
C:\Users\mainh\OneDrive\Attachments\Máy tính\facial-emotion-viz\data\raw\disgust\reg_img134 (3).jpg,disgust
C:\Users\mainh\OneDrive\Attachments\Máy tính\facial-emotion-viz\data\raw\happiness\reg_img49 (8).jpg,happiness
C:\Users\mainh\OneDrive\Attachments\Máy tính\facial-emotion-viz\data\raw\repression\reg_img59 (7).jpg,repression
C:\Users\mainh\OneDrive\Attachments\Máy tính\facial-emotion-viz\data\raw\disgust\reg_img77 (26).jpg,disgust
C:\Users\mainh\OneDrive\Attachments\Máy tính\facial-emotion-viz\data\raw\sadness\reg_img38.jpg,sadness
C:\Users\mainh\OneDrive\Attachments\Máy tính\facial-emotion-viz\data\raw\happiness\reg_img45 (7).jpg,happiness
C:\Users\mainh\OneDrive\Attachments\Máy tính\facial-emotion-viz\data\raw\disgust\reg_img154 (6).jpg,disgust
C:\Users\mainh\OneDrive\Attachments\Máy tính\facial-emotion-viz\data\raw\disgust\reg_img73.jpg,disgust
C:\Users\mainh\OneDrive\Attachments\Máy tính\facial-emotion-viz\data\raw\disgust\reg_img95 (24).jpg,disgust
C:\Users\mainh\OneDrive\Attachments\Máy tính\facial-emotion-viz\data\raw\repression\reg_img118 (11).jpg,repression
C:\Users\mainh\OneDrive\Attachments\Máy tính\facial-emotion-viz\data\raw\repression\reg_img54 (10).jpg,repression
C:\Users\mainh\OneDrive\Attachments\Máy tính\facial-emotion-viz\data\raw\repression\reg_img133 (5).jpg,repression
C:\Users\mainh\OneDrive\Attachments\Máy tính\facial-emotion-viz\data\raw\repression\reg_img194.jpg,repression
C:\Users\mainh\OneDrive\Attachments\Máy tính\facial-emotion-viz\data\raw\disgust\reg_img82 (6).jpg,disgust
C:\Users\mainh\OneDrive\Attachments\Máy tính\facial-emotion-viz\data\raw\disgust\reg_img60 (10).jpg,disgust
C:\Users\mainh\OneDrive\Attachments\Máy tính\facial-emotion-viz\data\raw\disgust\reg_img105 (5).jpg,disgust
C:\Users\mainh\OneDrive\Attachments\Máy tính\facial-emotion-viz\data\raw\disgust\reg_img104 (7).jpg,disgust
C:\Users\mainh\OneDrive\Attachments\Máy tính\facial-emotion-viz\data\raw\happiness\reg_img25 (2).jpg,happiness
C:\Users\mainh\OneDrive\Attachments\Máy tính\facial-emotion-viz\data\raw\surprise\reg_img122 (7).jpg,surprise
C:\Users\mainh\OneDrive\Attachments\Máy tính\facial-emotion-viz\data\raw\disgust\reg_img134 (2).jpg,disgust
C:\Users\mainh\OneDrive\Attachments\Máy tính\facial-emotion-viz\data\raw\repression\reg_img65 (15).jpg,repression
C:\Users\mainh\OneDrive\Attachments\Máy tính\facial-emotion-viz\data\raw\surprise\reg_img39 (2).jpg,surprise
C:\Users\mainh\OneDrive\Attachments\Máy tính\facial-emotion-viz\data\raw\happiness\reg_img146.jpg,happiness
C:\Users\mainh\OneDrive\Attachments\Máy tính\facial-emotion-viz\data\raw\disgust\reg_img116 (17).jpg,disgust
C:\Users\mainh\OneDrive\Attachments\Máy tính\facial-emotion-viz\data\raw\sadness\reg_img320.jpg,sadness
C:\Users\mainh\OneDrive\Attachments\Máy tính\facial-emotion-viz\data\raw\repression\reg_img55 (6).jpg,repression
C:\Users\mainh\OneDrive\Attachments\Máy tính\facial-emotion-viz\data\raw\repression\reg_img79.jpg,repression
C:\Users\mainh\OneDrive\Attachments\Máy tính\facial-emotion-viz\data\raw\surprise\reg_img99 (7).jpg,surprise
C:\Users\mainh\OneDrive\Attachments\Máy tính\facial-emotion-viz\data\raw\fear\reg_img97.jpg,fear
C:\Users\mainh\OneDrive\Attachments\Máy tính\facial-emotion-viz\data\raw\fear\reg_img43.jpg,fear
C:\Users\mainh\OneDrive\Attachments\Máy tính\facial-emotion-viz\data\raw\repression\reg_img51 (4).jpg,repression
C:\Users\mainh\OneDrive\Attachments\Máy tính\facial-emotion-viz\data\raw\surprise\reg_img12 (2).jpg,surprise
C:\Users\mainh\OneDrive\Attachments\Máy tính\facial-emotion-viz\data\raw\happiness\reg_img76 (12).jpg,happiness
C:\Users\mainh\OneDrive\Attachments\Máy tính\facial-emotion-viz\data\raw\repression\reg_img74 (15).jpg,repression
C:\Users\mainh\OneDrive\Attachments\Máy tính\facial-emotion-viz\data\raw\surprise\reg_img65 (4).jpg,surprise
C:\Users\mainh\OneDrive\Attachments\Máy tính\facial-emotion-viz\data\raw\disgust\reg_img276.jpg,disgust
C:\Users\mainh\OneDrive\Attachments\Máy tính\facial-emotion-viz\data\raw\repression\reg_img77 (14).jpg,repression
C:\Users\mainh\OneDrive\Attachments\Máy tính\facial-emotion-viz\data\raw\disgust\reg_img53 (10).jpg,disgust
C:\Users\mainh\OneDrive\Attachments\Máy tính\facial-emotion-viz\data\raw\repression\reg_img125 (4).jpg,repression
C:\Users\mainh\OneDrive\Attachments\Máy tính\facial-emotion-viz\data\raw\repression\reg_img70 (15).jpg,repression
C:\Users\mainh\OneDrive\Attachments\Máy tính\facial-emotion-viz\data\raw\happiness\reg_img37 (12).jpg,happiness
C:\Users\mainh\OneDrive\Attachments\Máy tính\facial-emotion-viz\data\raw\happiness\reg_img98 (6).jpg,happiness
C:\Users\mainh\OneDrive\Attachments\Máy tính\facial-emotion-viz\data\raw\disgust\reg_img82 (28).jpg,disgust
C:\Users\mainh\OneDrive\Attachments\Máy tính\facial-emotion-viz\data\raw\happiness\reg_img108 (16).jpg,happiness
C:\Users\mainh\OneDrive\Attachments\Máy tính\facial-emotion-viz\data\raw\disgust\reg_img99 (28).jpg,disgust
C:\Users\mainh\OneDrive\Attachments\Máy tính\facial-emotion-viz\data\raw\disgust\reg_img115 (3).jpg,disgust
C:\Users\mainh\OneDrive\Attachments\Máy tính\facial-emotion-viz\data\raw\happiness\reg_img80 (4).jpg,happiness
C:\Users\mainh\OneDrive\Attachments\Máy tính\facial-emotion-viz\data\raw\happiness\reg_img42 (14).jpg,happiness
C:\Users\mainh\OneDrive\Attachments\Máy tính\facial-emotion-viz\data\raw\repression\reg_img42 (9).jpg,repression
C:\Users\mainh\OneDrive\Attachments\Máy tính\facial-emotion-viz\data\raw\repression\reg_img171 (5).jpg,repression
C:\Users\mainh\OneDrive\Attachments\Máy tính\facial-emotion-viz\data\raw\happiness\reg_img76 (3).jpg,happiness
C:\Users\mainh\OneDrive\Attachments\Máy tính\facial-emotion-viz\data\raw\happiness\reg_img76 (10).jpg,happiness
C:\Users\mainh\OneDrive\Attachments\Máy tính\facial-emotion-viz\data\raw\surprise\reg_img63 (6).jpg,surprise
C:\Users\mainh\OneDrive\Attachments\Máy tính\facial-emotion-viz\data\raw\happiness\reg_img88 (14).jpg,happiness
C:\Users\mainh\OneDrive\Attachments\Máy tính\facial-emotion-viz\data\raw\happiness\reg_img99.jpg,happiness
C:\Users\mainh\OneDrive\Attachments\Máy tính\facial-emotion-viz\data\raw\disgust\reg_img21 (10).jpg,disgust
C:\Users\mainh\OneDrive\Attachments\Máy tính\facial-emotion-viz\data\raw\disgust\reg_img97 (2).jpg,disgust
C:\Users\mainh\OneDrive\Attachments\Máy tính\facial-emotion-viz\data\raw\happiness\reg_img100 (8).jpg,happiness
C:\Users\mainh\OneDrive\Attachments\Máy tính\facial-emotion-viz\data\raw\disgust\reg_img29 (10).jpg,disgust
C:\Users\mainh\OneDrive\Attachments\Máy tính\facial-emotion-viz\data\raw\disgust\reg_img115 (2).jpg,disgust
C:\Users\mainh\OneDrive\Attachments\Máy tính\facial-emotion-viz\data\raw\surprise\reg_img153 (4).jpg,surprise
C:\Users\mainh\OneDrive\Attachments\Máy tính\facial-emotion-viz\data\raw\surprise\reg_img104 (8).jpg,surprise
C:\Users\mainh\OneDrive\Attachments\Máy tính\facial-emotion-viz\data\raw\surprise\reg_img117 (4).jpg,surprise
C:\Users\mainh\OneDrive\Attachments\Máy tính\facial-emotion-viz\data\raw\repression\reg_img128.jpg,repression
C:\Users\mainh\OneDrive\Attachments\Máy tính\facial-emotion-viz\data\raw\disgust\reg_img55 (3).jpg,disgust
C:\Users\mainh\OneDrive\Attachments\Máy tính\facial-emotion-viz\data\raw\happiness\reg_img232.jpg,happiness
C:\Users\mainh\OneDrive\Attachments\Máy tính\facial-emotion-viz\data\raw\disgust\reg_img88 (38).jpg,disgust
C:\Users\mainh\OneDrive\Attachments\Máy tính\facial-emotion-viz\data\raw\disgust\reg_img58 (16).jpg,disgust
C:\Users\mainh\OneDrive\Attachments\Máy tính\facial-emotion-viz\data\raw\happiness\reg_img114 (11).jpg,happiness
C:\Users\mainh\OneDrive\Attachments\Máy tính\facial-emotion-viz\data\raw\disgust\reg_img86 (8).jpg,disgust
C:\Users\mainh\OneDrive\Attachments\Máy tính\facial-emotion-viz\data\raw\happiness\reg_img85 (9).jpg,happiness
C:\Users\mainh\OneDrive\Attachments\Máy tính\facial-emotion-viz\data\raw\disgust\reg_img70 (25).jpg,disgust
C:\Users\mainh\OneDrive\Attachments\Máy tính\facial-emotion-viz\data\raw\repression\reg_img86 (2).jpg,repression
C:\Users\mainh\OneDrive\Attachments\Máy tính\facial-emotion-viz\data\raw\surprise\reg_img49 (8).jpg,surprise
C:\Users\mainh\OneDrive\Attachments\Máy tính\facial-emotion-viz\data\raw\fear\reg_img71.jpg,fear
C:\Users\mainh\OneDrive\Attachments\Máy tính\facial-emotion-viz\data\raw\disgust\reg_img50 (13).jpg,disgust
C:\Users\mainh\OneDrive\Attachments\Máy tính\facial-emotion-viz\data\raw\disgust\reg_img157 (6).jpg,disgust
C:\Users\mainh\OneDrive\Attachments\Máy tính\facial-emotion-viz\data\raw\happiness\reg_img93 (11).jpg,happiness
C:\Users\mainh\OneDrive\Attachments\Máy tính\facial-emotion-viz\data\raw\repression\reg_img172 (5).jpg,repression
C:\Users\mainh\OneDrive\Attachments\Máy tính\facial-emotion-viz\data\raw\surprise\reg_img80 (13).jpg,surprise
C:\Users\mainh\OneDrive\Attachments\Máy tính\facial-emotion-viz\data\raw\disgust\reg_img79 (11).jpg,disgust
C:\Users\mainh\OneDrive\Attachments\Máy tính\facial-emotion-viz\data\raw\happiness\reg_img106 (10).jpg,happiness
C:\Users\mainh\OneDrive\Attachments\Máy tính\facial-emotion-viz\data\raw\happiness\reg_img214 (2).jpg,happiness
C:\Users\mainh\OneDrive\Attachments\Máy tính\facial-emotion-viz\data\raw\happiness\reg_img68 (20).jpg,happiness
C:\Users\mainh\OneDrive\Attachments\Máy tính\facial-emotion-viz\data\raw\surprise\reg_img141 (2).jpg,surprise
C:\Users\mainh\OneDrive\Attachments\Máy tính\facial-emotion-viz\data\raw\happiness\reg_img41.jpg,happiness
C:\Users\mainh\OneDrive\Attachments\Máy tính\facial-emotion-viz\data\raw\surprise\reg_img135 (3).jpg,surprise
C:\Users\mainh\OneDrive\Attachments\Máy tính\facial-emotion-viz\data\raw\happiness\reg_img51 (7).jpg,happiness
C:\Users\mainh\OneDrive\Attachments\Máy tính\facial-emotion-viz\data\raw\happiness\reg_img66 (8).jpg,happiness
C:\Users\mainh\OneDrive\Attachments\Máy tính\facial-emotion-viz\data\raw\repression\reg_img153.jpg,repression
C:\Users\mainh\OneDrive\Attachments\Máy tính\facial-emotion-viz\data\raw\disgust\reg_img43 (8).jpg,disgust
C:\Users\mainh\OneDrive\Attachments\Máy tính\facial-emotion-viz\data\raw\disgust\reg_img168 (5).jpg,disgust
C:\Users\mainh\OneDrive\Attachments\Máy tính\facial-emotion-viz\data\raw\happiness\reg_img63 (18).jpg,happiness
C:\Users\mainh\OneDrive\Attachments\Máy tính\facial-emotion-viz\data\raw\repression\reg_img77.jpg,repression
C:\Users\mainh\OneDrive\Attachments\Máy tính\facial-emotion-viz\data\raw\disgust\reg_img11 (3).jpg,disgust
C:\Users\mainh\OneDrive\Attachments\Máy tính\facial-emotion-viz\data\raw\repression\reg_img89 (8).jpg,repression
C:\Users\mainh\OneDrive\Attachments\Máy tính\facial-emotion-viz\data\raw\disgust\reg_img80 (20).jpg,disgust
C:\Users\mainh\OneDrive\Attachments\Máy tính\facial-emotion-viz\data\raw\repression\reg_img89 (2).jpg,repression
C:\Users\mainh\OneDrive\Attachments\Máy tính\facial-emotion-viz\data\raw\repression\reg_img65 (14).jpg,repression
C:\Users\mainh\OneDrive\Attachments\Máy tính\facial-emotion-viz\data\raw\happiness\reg_img108 (3).jpg,happiness
C:\Users\mainh\OneDrive\Attachments\Máy tính\facial-emotion-viz\data\raw\disgust\reg_img92 (11).jpg,disgust
C:\Users\mainh\OneDrive\Attachments\Máy tính\facial-emotion-viz\data\raw\surprise\reg_img42 (10).jpg,surprise
C:\Users\mainh\OneDrive\Attachments\Máy tính\facial-emotion-viz\data\raw\sadness\reg_img41 (2).jpg,sadness
C:\Users\mainh\OneDrive\Attachments\Máy tính\facial-emotion-viz\data\raw\happiness\reg_img170.jpg,happiness
C:\Users\mainh\OneDrive\Attachments\Máy tính\facial-emotion-viz\data\raw\happiness\reg_img155 (5).jpg,happiness
C:\Users\mainh\OneDrive\Attachments\Máy tính\facial-emotion-viz\data\raw\happiness\reg_img67 (16).jpg,happiness
C:\Users\mainh\OneDrive\Attachments\Máy tính\facial-emotion-viz\data\raw\repression\reg_img151 (10).jpg,repression
C:\Users\mainh\OneDrive\Attachments\Máy tính\facial-emotion-viz\data\raw\disgust\reg_img30 (5).jpg,disgust
C:\Users\mainh\OneDrive\Attachments\Máy tính\facial-emotion-viz\data\raw\disgust\reg_img74 (34).jpg,disgust
C:\Users\mainh\OneDrive\Attachments\Máy tính\facial-emotion-viz\data\raw\disgust\reg_img180.jpg,disgust
C:\Users\mainh\OneDrive\Attachments\Máy tính\facial-emotion-viz\data\raw\repression\reg_img160 (4).jpg,repression
C:\Users\mainh\OneDrive\Attachments\Máy tính\facial-emotion-viz\data\raw\disgust\reg_img127 (13).jpg,disgust
C:\Users\mainh\OneDrive\Attachments\Máy tính\facial-emotion-viz\data\raw\surprise\reg_img71 (10).jpg,surprise
C:\Users\mainh\OneDrive\Attachments\Máy tính\facial-emotion-viz\data\raw\disgust\reg_img50 (10).jpg,disgust
C:\Users\mainh\OneDrive\Attachments\Máy tính\facial-emotion-viz\data\raw\disgust\reg_img170.jpg,disgust
C:\Users\mainh\OneDrive\Attachments\Máy tính\facial-emotion-viz\data\raw\disgust\reg_img102 (30).jpg,disgust
C:\Users\mainh\OneDrive\Attachments\Máy tính\facial-emotion-viz\data\raw\happiness\reg_img102 (13).jpg,happiness
C:\Users\mainh\OneDrive\Attachments\Máy tính\facial-emotion-viz\data\raw\happiness\reg_img194.jpg,happiness
C:\Users\mainh\OneDrive\Attachments\Máy tính\facial-emotion-viz\data\raw\happiness\reg_img124 (9).jpg,happiness
C:\Users\mainh\OneDrive\Attachments\Máy tính\facial-emotion-viz\data\raw\repression\reg_img239.jpg,repression
C:\Users\mainh\OneDrive\Attachments\Máy tính\facial-emotion-viz\data\raw\disgust\reg_img48 (19).jpg,disgust
C:\Users\mainh\OneDrive\Attachments\Máy tính\facial-emotion-viz\data\raw\happiness\reg_img40 (11).jpg,happiness
C:\Users\mainh\OneDrive\Attachments\Máy tính\facial-emotion-viz\data\raw\disgust\reg_img142 (3).jpg,disgust
C:\Users\mainh\OneDrive\Attachments\Máy tính\facial-emotion-viz\data\raw\disgust\reg_img54 (19).jpg,disgust
C:\Users\mainh\OneDrive\Attachments\Máy tính\facial-emotion-viz\data\raw\disgust\reg_img140 (14).jpg,disgust
C:\Users\mainh\OneDrive\Attachments\Máy tính\facial-emotion-viz\data\raw\repression\reg_img85 (11).jpg,repression
C:\Users\mainh\OneDrive\Attachments\Máy tính\facial-emotion-viz\data\raw\surprise\reg_img77.jpg,surprise
C:\Users\mainh\OneDrive\Attachments\Máy tính\facial-emotion-viz\data\raw\surprise\reg_img127 (5).jpg,surprise
C:\Users\mainh\OneDrive\Attachments\Máy tính\facial-emotion-viz\data\raw\surprise\reg_img29 (5).jpg,surprise
C:\Users\mainh\OneDrive\Attachments\Máy tính\facial-emotion-viz\data\raw\disgust\reg_img85 (8).jpg,disgust
C:\Users\mainh\OneDrive\Attachments\Máy tính\facial-emotion-viz\data\raw\disgust\reg_img66 (18).jpg,disgust
C:\Users\mainh\OneDrive\Attachments\Máy tính\facial-emotion-viz\data\raw\disgust\reg_img37 (18).jpg,disgust
C:\Users\mainh\OneDrive\Attachments\Máy tính\facial-emotion-viz\data\raw\happiness\reg_img82 (14).jpg,happiness
C:\Users\mainh\OneDrive\Attachments\Máy tính\facial-emotion-viz\data\raw\repression\reg_img54 (7).jpg,repression
C:\Users\mainh\OneDrive\Attachments\Máy tính\facial-emotion-viz\data\raw\disgust\reg_img104 (33).jpg,disgust
C:\Users\mainh\OneDrive\Attachments\Máy tính\facial-emotion-viz\data\raw\repression\reg_img33 (5).jpg,repression
C:\Users\mainh\OneDrive\Attachments\Máy tính\facial-emotion-viz\data\raw\happiness\reg_img93 (17).jpg,happiness
C:\Users\mainh\OneDrive\Attachments\Máy tính\facial-emotion-viz\data\raw\surprise\reg_img96 (5).jpg,surprise
C:\Users\mainh\OneDrive\Attachments\Máy tính\facial-emotion-viz\data\raw\surprise\reg_img60 (5).jpg,surprise
C:\Users\mainh\OneDrive\Attachments\Máy tính\facial-emotion-viz\data\raw\happiness\reg_img33 (4).jpg,happiness
C:\Users\mainh\OneDrive\Attachments\Máy tính\facial-emotion-viz\data\raw\repression\reg_img91 (6).jpg,repression
C:\Users\mainh\OneDrive\Attachments\Máy tính\facial-emotion-viz\data\raw\happiness\reg_img67 (18).jpg,happiness
C:\Users\mainh\OneDrive\Attachments\Máy tính\facial-emotion-viz\data\raw\disgust\reg_img92.jpg,disgust
C:\Users\mainh\OneDrive\Attachments\Máy tính\facial-emotion-viz\data\raw\disgust\reg_img89 (11).jpg,disgust
C:\Users\mainh\OneDrive\Attachments\Máy tính\facial-emotion-viz\data\raw\surprise\reg_img82 (11).jpg,surprise
C:\Users\mainh\OneDrive\Attachments\Máy tính\facial-emotion-viz\data\raw\disgust\reg_img111 (4).jpg,disgust
C:\Users\mainh\OneDrive\Attachments\Máy tính\facial-emotion-viz\data\raw\repression\reg_img29 (5).jpg,repression
C:\Users\mainh\OneDrive\Attachments\Máy tính\facial-emotion-viz\data\raw\surprise\reg_img80 (16).jpg,surprise
C:\Users\mainh\OneDrive\Attachments\Máy tính\facial-emotion-viz\data\raw\happiness\reg_img68 (12).jpg,happiness
C:\Users\mainh\OneDrive\Attachments\Máy tính\facial-emotion-viz\data\raw\happiness\reg_img112 (15).jpg,happiness
C:\Users\mainh\OneDrive\Attachments\Máy tính\facial-emotion-viz\data\raw\repression\reg_img225.jpg,repression
C:\Users\mainh\OneDrive\Attachments\Máy tính\facial-emotion-viz\data\raw\repression\reg_img175 (4).jpg,repression
C:\Users\mainh\OneDrive\Attachments\Máy tính\facial-emotion-viz\data\raw\repression\reg_img119 (10).jpg,repression
C:\Users\mainh\OneDrive\Attachments\Máy tính\facial-emotion-viz\data\raw\disgust\reg_img28 (6).jpg,disgust
C:\Users\mainh\OneDrive\Attachments\Máy tính\facial-emotion-viz\data\raw\disgust\reg_img172 (3).jpg,disgust
C:\Users\mainh\OneDrive\Attachments\Máy tính\facial-emotion-viz\data\raw\disgust\reg_img60 (15).jpg,disgust
C:\Users\mainh\OneDrive\Attachments\Máy tính\facial-emotion-viz\data\raw\sadness\reg_img376.jpg,sadness
C:\Users\mainh\OneDrive\Attachments\Máy tính\facial-emotion-viz\data\raw\repression\reg_img85.jpg,repression
C:\Users\mainh\OneDrive\Attachments\Máy tính\facial-emotion-viz\data\raw\disgust\reg_img27 (4).jpg,disgust
C:\Users\mainh\OneDrive\Attachments\Máy tính\facial-emotion-viz\data\raw\disgust\reg_img279.jpg,disgust
C:\Users\mainh\OneDrive\Attachments\Máy tính\facial-emotion-viz\data\raw\happiness\reg_img97 (7).jpg,happiness
C:\Users\mainh\OneDrive\Attachments\Máy tính\facial-emotion-viz\data\raw\surprise\reg_img157.jpg,surprise
C:\Users\mainh\OneDrive\Attachments\Máy tính\facial-emotion-viz\data\raw\sadness\reg_img29.jpg,sadness
C:\Users\mainh\OneDrive\Attachments\Máy tính\facial-emotion-viz\data\raw\disgust\reg_img93 (17).jpg,disgust
C:\Users\mainh\OneDrive\Attachments\Máy tính\facial-emotion-viz\data\raw\disgust\reg_img112 (10).jpg,disgust
C:\Users\mainh\OneDrive\Attachments\Máy tính\facial-emotion-viz\data\raw\repression\reg_img34 (4).jpg,repression
C:\Users\mainh\OneDrive\Attachments\Máy tính\facial-emotion-viz\data\raw\fear\reg_img33.jpg,fear
C:\Users\mainh\OneDrive\Attachments\Máy tính\facial-emotion-viz\data\raw\repression\reg_img132 (7).jpg,repression
C:\Users\mainh\OneDrive\Attachments\Máy tính\facial-emotion-viz\data\raw\surprise\reg_img149 (6).jpg,surprise
C:\Users\mainh\OneDrive\Attachments\Máy tính\facial-emotion-viz\data\raw\surprise\reg_img82 (9).jpg,surprise
C:\Users\mainh\OneDrive\Attachments\Máy tính\facial-emotion-viz\data\raw\surprise\reg_img123 (6).jpg,surprise
C:\Users\mainh\OneDrive\Attachments\Máy tính\facial-emotion-viz\data\raw\sadness\reg_img60 (3).jpg,sadness
C:\Users\mainh\OneDrive\Attachments\Máy tính\facial-emotion-viz\data\raw\repression\reg_img16 (5).jpg,repression
C:\Users\mainh\OneDrive\Attachments\Máy tính\facial-emotion-viz\data\raw\happiness\reg_img188.jpg,happiness
C:\Users\mainh\OneDrive\Attachments\Máy tính\facial-emotion-viz\data\raw\repression\reg_img143 (11).jpg,repression
C:\Users\mainh\OneDrive\Attachments\Máy tính\facial-emotion-viz\data\raw\disgust\reg_img105 (27).jpg,disgust
C:\Users\mainh\OneDrive\Attachments\Máy tính\facial-emotion-viz\data\raw\surprise\reg_img31 (2).jpg,surprise
C:\Users\mainh\OneDrive\Attachments\Máy tính\facial-emotion-viz\data\raw\repression\reg_img35 (6).jpg,repression
C:\Users\mainh\OneDrive\Attachments\Máy tính\facial-emotion-viz\data\raw\repression\reg_img149.jpg,repression
C:\Users\mainh\OneDrive\Attachments\Máy tính\facial-emotion-viz\data\raw\disgust\reg_img277.jpg,disgust
C:\Users\mainh\OneDrive\Attachments\Máy tính\facial-emotion-viz\data\raw\disgust\reg_img73 (27).jpg,disgust
C:\Users\mainh\OneDrive\Attachments\Máy tính\facial-emotion-viz\data\raw\disgust\reg_img60 (25).jpg,disgust
C:\Users\mainh\OneDrive\Attachments\Máy tính\facial-emotion-viz\data\raw\surprise\reg_img163 (2).jpg,surprise
C:\Users\mainh\OneDrive\Attachments\Máy tính\facial-emotion-viz\data\raw\disgust\reg_img114 (19).jpg,disgust
C:\Users\mainh\OneDrive\Attachments\Máy tính\facial-emotion-viz\data\raw\repression\reg_img142 (11).jpg,repression
C:\Users\mainh\OneDrive\Attachments\Máy tính\facial-emotion-viz\data\raw\happiness\reg_img111 (8).jpg,happiness
C:\Users\mainh\OneDrive\Attachments\Máy tính\facial-emotion-viz\data\raw\surprise\reg_img60 (8).jpg,surprise
C:\Users\mainh\OneDrive\Attachments\Máy tính\facial-emotion-viz\data\raw\repression\reg_img172 (3).jpg,repression
C:\Users\mainh\OneDrive\Attachments\Máy tính\facial-emotion-viz\data\raw\repression\reg_img48 (8).jpg,repression
C:\Users\mainh\OneDrive\Attachments\Máy tính\facial-emotion-viz\data\raw\disgust\reg_img56 (31).jpg,disgust
C:\Users\mainh\OneDrive\Attachments\Máy tính\facial-emotion-viz\data\raw\surprise\reg_img75 (14).jpg,surprise
C:\Users\mainh\OneDrive\Attachments\Máy tính\facial-emotion-viz\data\raw\surprise\reg_img31 (6).jpg,surprise
C:\Users\mainh\OneDrive\Attachments\Máy tính\facial-emotion-viz\data\raw\disgust\reg_img58 (2).jpg,disgust
C:\Users\mainh\OneDrive\Attachments\Máy tính\facial-emotion-viz\data\raw\repression\reg_img158 (9).jpg,repression
C:\Users\mainh\OneDrive\Attachments\Máy tính\facial-emotion-viz\data\raw\happiness\reg_img140 (7).jpg,happiness
C:\Users\mainh\OneDrive\Attachments\Máy tính\facial-emotion-viz\data\raw\disgust\reg_img69 (13).jpg,disgust
C:\Users\mainh\OneDrive\Attachments\Máy tính\facial-emotion-viz\data\raw\disgust\reg_img211.jpg,disgust
C:\Users\mainh\OneDrive\Attachments\Máy tính\facial-emotion-viz\data\raw\happiness\reg_img80 (15).jpg,happiness
C:\Users\mainh\OneDrive\Attachments\Máy tính\facial-emotion-viz\data\raw\repression\reg_img114 (9).jpg,repression
C:\Users\mainh\OneDrive\Attachments\Máy tính\facial-emotion-viz\data\raw\sadness\reg_img365.jpg,sadness
C:\Users\mainh\OneDrive\Attachments\Máy tính\facial-emotion-viz\data\raw\disgust\reg_img100.jpg,disgust
C:\Users\mainh\OneDrive\Attachments\Máy tính\facial-emotion-viz\data\raw\fear\reg_img52.jpg,fear
C:\Users\mainh\OneDrive\Attachments\Máy tính\facial-emotion-viz\data\raw\disgust\reg_img62 (3).jpg,disgust
C:\Users\mainh\OneDrive\Attachments\Máy tính\facial-emotion-viz\data\raw\disgust\reg_img87 (32).jpg,disgust
C:\Users\mainh\OneDrive\Attachments\Máy tính\facial-emotion-viz\data\raw\disgust\reg_img8 (3).jpg,disgust
C:\Users\mainh\OneDrive\Attachments\Máy tính\facial-emotion-viz\data\raw\surprise\reg_img83 (7).jpg,surprise
C:\Users\mainh\OneDrive\Attachments\Máy tính\facial-emotion-viz\data\raw\happiness\reg_img111 (9).jpg,happiness
C:\Users\mainh\OneDrive\Attachments\Máy tính\facial-emotion-viz\data\raw\repression\reg_img78 (10).jpg,repression
C:\Users\mainh\OneDrive\Attachments\Máy tính\facial-emotion-viz\data\raw\surprise\reg_img75 (5).jpg,surprise
C:\Users\mainh\OneDrive\Attachments\Máy tính\facial-emotion-viz\data\raw\disgust\reg_img90 (17).jpg,disgust
C:\Users\mainh\OneDrive\Attachments\Máy tính\facial-emotion-viz\data\raw\surprise\reg_img50 (4).jpg,surprise
C:\Users\mainh\OneDrive\Attachments\Máy tính\facial-emotion-viz\data\raw\disgust\reg_img112 (5).jpg,disgust
C:\Users\mainh\OneDrive\Attachments\Máy tính\facial-emotion-viz\data\raw\fear\reg_img21.jpg,fear
C:\Users\mainh\OneDrive\Attachments\Máy tính\facial-emotion-viz\data\raw\surprise\reg_img129 (7).jpg,surprise
C:\Users\mainh\OneDrive\Attachments\Máy tính\facial-emotion-viz\data\raw\surprise\reg_img165 (2).jpg,surprise
C:\Users\mainh\OneDrive\Attachments\Máy tính\facial-emotion-viz\data\raw\disgust\reg_img92 (6).jpg,disgust
C:\Users\mainh\OneDrive\Attachments\Máy tính\facial-emotion-viz\data\raw\disgust\reg_img156 (5).jpg,disgust
C:\Users\mainh\OneDrive\Attachments\Máy tính\facial-emotion-viz\data\raw\disgust\reg_img110 (10).jpg,disgust
C:\Users\mainh\OneDrive\Attachments\Máy tính\facial-emotion-viz\data\raw\disgust\reg_img16 (3).jpg,disgust
C:\Users\mainh\OneDrive\Attachments\Máy tính\facial-emotion-viz\data\raw\happiness\reg_img122 (2).jpg,happiness
C:\Users\mainh\OneDrive\Attachments\Máy tính\facial-emotion-viz\data\raw\surprise\reg_img145 (2).jpg,surprise
C:\Users\mainh\OneDrive\Attachments\Máy tính\facial-emotion-viz\data\raw\happiness\reg_img80 (21).jpg,happiness
C:\Users\mainh\OneDrive\Attachments\Máy tính\facial-emotion-viz\data\raw\happiness\reg_img114 (15).jpg,happiness
C:\Users\mainh\OneDrive\Attachments\Máy tính\facial-emotion-viz\data\raw\disgust\reg_img77 (30).jpg,disgust
C:\Users\mainh\OneDrive\Attachments\Máy tính\facial-emotion-viz\data\raw\repression\reg_img116 (2).jpg,repression
C:\Users\mainh\OneDrive\Attachments\Máy tính\facial-emotion-viz\data\raw\disgust\reg_img96 (23).jpg,disgust
C:\Users\mainh\OneDrive\Attachments\Máy tính\facial-emotion-viz\data\raw\sadness\reg_img324.jpg,sadness
C:\Users\mainh\OneDrive\Attachments\Máy tính\facial-emotion-viz\data\raw\disgust\reg_img69 (18).jpg,disgust
C:\Users\mainh\OneDrive\Attachments\Máy tính\facial-emotion-viz\data\raw\disgust\reg_img93 (35).jpg,disgust
C:\Users\mainh\OneDrive\Attachments\Máy tính\facial-emotion-viz\data\raw\surprise\reg_img51 (8).jpg,surprise
C:\Users\mainh\OneDrive\Attachments\Máy tính\facial-emotion-viz\data\raw\surprise\reg_img90 (5).jpg,surprise
C:\Users\mainh\OneDrive\Attachments\Máy tính\facial-emotion-viz\data\raw\surprise\reg_img86 (15).jpg,surprise
C:\Users\mainh\OneDrive\Attachments\Máy tính\facial-emotion-viz\data\raw\repression\reg_img150 (5).jpg,repression
C:\Users\mainh\OneDrive\Attachments\Máy tính\facial-emotion-viz\data\raw\happiness\reg_img177 (3).jpg,happiness
C:\Users\mainh\OneDrive\Attachments\Máy tính\facial-emotion-viz\data\raw\repression\reg_img168 (3).jpg,repression
C:\Users\mainh\OneDrive\Attachments\Máy tính\facial-emotion-viz\data\raw\disgust\reg_img52 (21).jpg,disgust
C:\Users\mainh\OneDrive\Attachments\Máy tính\facial-emotion-viz\data\raw\repression\reg_img64 (15).jpg,repression
C:\Users\mainh\OneDrive\Attachments\Máy tính\facial-emotion-viz\data\raw\disgust\reg_img100 (36).jpg,disgust
C:\Users\mainh\OneDrive\Attachments\Máy tính\facial-emotion-viz\data\raw\repression\reg_img107 (11).jpg,repression
C:\Users\mainh\OneDrive\Attachments\Máy tính\facial-emotion-viz\data\raw\surprise\reg_img60 (6).jpg,surprise
C:\Users\mainh\OneDrive\Attachments\Máy tính\facial-emotion-viz\data\raw\repression\reg_img151 (3).jpg,repression
C:\Users\mainh\OneDrive\Attachments\Máy tính\facial-emotion-viz\data\raw\disgust\reg_img64 (14).jpg,disgust
C:\Users\mainh\OneDrive\Attachments\Máy tính\facial-emotion-viz\data\raw\happiness\reg_img130 (4).jpg,happiness
C:\Users\mainh\OneDrive\Attachments\Máy tính\facial-emotion-viz\data\raw\surprise\reg_img134 (5).jpg,surprise
C:\Users\mainh\OneDrive\Attachments\Máy tính\facial-emotion-viz\data\raw\sadness\reg_img39.jpg,sadness
C:\Users\mainh\OneDrive\Attachments\Máy tính\facial-emotion-viz\data\raw\disgust\reg_img111 (20).jpg,disgust
C:\Users\mainh\OneDrive\Attachments\Máy tính\facial-emotion-viz\data\raw\happiness\reg_img43 (13).jpg,happiness
C:\Users\mainh\OneDrive\Attachments\Máy tính\facial-emotion-viz\data\raw\surprise\reg_img80 (9).jpg,surprise
C:\Users\mainh\OneDrive\Attachments\Máy tính\facial-emotion-viz\data\raw\disgust\reg_img80 (8).jpg,disgust
C:\Users\mainh\OneDrive\Attachments\Máy tính\facial-emotion-viz\data\raw\disgust\reg_img63 (29).jpg,disgust
C:\Users\mainh\OneDrive\Attachments\Máy tính\facial-emotion-viz\data\raw\surprise\reg_img83 (13).jpg,surprise
C:\Users\mainh\OneDrive\Attachments\Máy tính\facial-emotion-viz\data\raw\disgust\reg_img150.jpg,disgust
C:\Users\mainh\OneDrive\Attachments\Máy tính\facial-emotion-viz\data\raw\surprise\reg_img13.jpg,surprise
C:\Users\mainh\OneDrive\Attachments\Máy tính\facial-emotion-viz\data\raw\disgust\reg_img125 (6).jpg,disgust
C:\Users\mainh\OneDrive\Attachments\Máy tính\facial-emotion-viz\data\raw\happiness\reg_img80 (17).jpg,happiness
C:\Users\mainh\OneDrive\Attachments\Máy tính\facial-emotion-viz\data\raw\disgust\reg_img112 (23).jpg,disgust
C:\Users\mainh\OneDrive\Attachments\Máy tính\facial-emotion-viz\data\raw\happiness\reg_img214.jpg,happiness
C:\Users\mainh\OneDrive\Attachments\Máy tính\facial-emotion-viz\data\raw\surprise\reg_img78 (12).jpg,surprise
C:\Users\mainh\OneDrive\Attachments\Máy tính\facial-emotion-viz\data\raw\disgust\reg_img109 (10).jpg,disgust
C:\Users\mainh\OneDrive\Attachments\Máy tính\facial-emotion-viz\data\raw\disgust\reg_img38 (17).jpg,disgust
C:\Users\mainh\OneDrive\Attachments\Máy tính\facial-emotion-viz\data\raw\disgust\reg_img96 (27).jpg,disgust
C:\Users\mainh\OneDrive\Attachments\Máy tính\facial-emotion-viz\data\raw\happiness\reg_img101 (5).jpg,happiness
C:\Users\mainh\OneDrive\Attachments\Máy tính\facial-emotion-viz\data\raw\disgust\reg_img70 (21).jpg,disgust
C:\Users\mainh\OneDrive\Attachments\Máy tính\facial-emotion-viz\data\raw\disgust\reg_img21 (5).jpg,disgust
C:\Users\mainh\OneDrive\Attachments\Máy tính\facial-emotion-viz\data\raw\sadness\reg_img32.jpg,sadness
C:\Users\mainh\OneDrive\Attachments\Máy tính\facial-emotion-viz\data\raw\surprise\reg_img118 (2).jpg,surprise
C:\Users\mainh\OneDrive\Attachments\Máy tính\facial-emotion-viz\data\raw\disgust\reg_img77 (5).jpg,disgust
C:\Users\mainh\OneDrive\Attachments\Máy tính\facial-emotion-viz\data\raw\surprise\reg_img59 (14).jpg,surprise
C:\Users\mainh\OneDrive\Attachments\Máy tính\facial-emotion-viz\data\raw\disgust\reg_img111 (8).jpg,disgust
C:\Users\mainh\OneDrive\Attachments\Máy tính\facial-emotion-viz\data\raw\sadness\reg_img351 (2).jpg,sadness
C:\Users\mainh\OneDrive\Attachments\Máy tính\facial-emotion-viz\data\raw\disgust\reg_img22 (2).jpg,disgust
C:\Users\mainh\OneDrive\Attachments\Máy tính\facial-emotion-viz\data\raw\disgust\reg_img296.jpg,disgust
C:\Users\mainh\OneDrive\Attachments\Máy tính\facial-emotion-viz\data\raw\repression\reg_img66 (9).jpg,repression
C:\Users\mainh\OneDrive\Attachments\Máy tính\facial-emotion-viz\data\raw\disgust\reg_img120 (12).jpg,disgust
C:\Users\mainh\OneDrive\Attachments\Máy tính\facial-emotion-viz\data\raw\disgust\reg_img123 (3).jpg,disgust
C:\Users\mainh\OneDrive\Attachments\Máy tính\facial-emotion-viz\data\raw\surprise\reg_img123 (4).jpg,surprise
C:\Users\mainh\OneDrive\Attachments\Máy tính\facial-emotion-viz\data\raw\disgust\reg_img123 (17).jpg,disgust
C:\Users\mainh\OneDrive\Attachments\Máy tính\facial-emotion-viz\data\raw\happiness\reg_img31 (10).jpg,happiness
C:\Users\mainh\OneDrive\Attachments\Máy tính\facial-emotion-viz\data\raw\happiness\reg_img104 (14).jpg,happiness
C:\Users\mainh\OneDrive\Attachments\Máy tính\facial-emotion-viz\data\raw\disgust\reg_img38 (14).jpg,disgust
C:\Users\mainh\OneDrive\Attachments\Máy tính\facial-emotion-viz\data\raw\happiness\reg_img183 (3).jpg,happiness
C:\Users\mainh\OneDrive\Attachments\Máy tính\facial-emotion-viz\data\raw\happiness\reg_img88 (16).jpg,happiness
C:\Users\mainh\OneDrive\Attachments\Máy tính\facial-emotion-viz\data\raw\disgust\reg_img37 (17).jpg,disgust
C:\Users\mainh\OneDrive\Attachments\Máy tính\facial-emotion-viz\data\raw\happiness\reg_img56 (2).jpg,happiness
C:\Users\mainh\OneDrive\Attachments\Máy tính\facial-emotion-viz\data\raw\happiness\reg_img69 (20).jpg,happiness
C:\Users\mainh\OneDrive\Attachments\Máy tính\facial-emotion-viz\data\raw\disgust\reg_img123 (22).jpg,disgust
C:\Users\mainh\OneDrive\Attachments\Máy tính\facial-emotion-viz\data\raw\happiness\reg_img66 (17).jpg,happiness
C:\Users\mainh\OneDrive\Attachments\Máy tính\facial-emotion-viz\data\raw\disgust\reg_img96 (15).jpg,disgust
C:\Users\mainh\OneDrive\Attachments\Máy tính\facial-emotion-viz\data\raw\happiness\reg_img105 (2).jpg,happiness
C:\Users\mainh\OneDrive\Attachments\Máy tính\facial-emotion-viz\data\raw\repression\reg_img57 (5).jpg,repression
C:\Users\mainh\OneDrive\Attachments\Máy tính\facial-emotion-viz\data\raw\repression\reg_img160 (8).jpg,repression
C:\Users\mainh\OneDrive\Attachments\Máy tính\facial-emotion-viz\data\raw\surprise\reg_img53 (11).jpg,surprise
C:\Users\mainh\OneDrive\Attachments\Máy tính\facial-emotion-viz\data\raw\happiness\reg_img106 (17).jpg,happiness
C:\Users\mainh\OneDrive\Attachments\Máy tính\facial-emotion-viz\data\raw\disgust\reg_img114 (16).jpg,disgust
C:\Users\mainh\OneDrive\Attachments\Máy tính\facial-emotion-viz\data\raw\surprise\reg_img88 (5).jpg,surprise
C:\Users\mainh\OneDrive\Attachments\Máy tính\facial-emotion-viz\data\raw\disgust\reg_img408.jpg,disgust
C:\Users\mainh\OneDrive\Attachments\Máy tính\facial-emotion-viz\data\raw\disgust\reg_img25 (2).jpg,disgust
C:\Users\mainh\OneDrive\Attachments\Máy tính\facial-emotion-viz\data\raw\disgust\reg_img120 (17).jpg,disgust
C:\Users\mainh\OneDrive\Attachments\Máy tính\facial-emotion-viz\data\raw\repression\reg_img65 (2).jpg,repression
C:\Users\mainh\OneDrive\Attachments\Máy tính\facial-emotion-viz\data\raw\happiness\reg_img126 (8).jpg,happiness
C:\Users\mainh\OneDrive\Attachments\Máy tính\facial-emotion-viz\data\raw\happiness\reg_img59 (13).jpg,happiness
C:\Users\mainh\OneDrive\Attachments\Máy tính\facial-emotion-viz\data\raw\happiness\reg_img61 (18).jpg,happiness
C:\Users\mainh\OneDrive\Attachments\Máy tính\facial-emotion-viz\data\raw\repression\reg_img47 (4).jpg,repression
C:\Users\mainh\OneDrive\Attachments\Máy tính\facial-emotion-viz\data\raw\disgust\reg_img58 (12).jpg,disgust
C:\Users\mainh\OneDrive\Attachments\Máy tính\facial-emotion-viz\data\raw\disgust\reg_img109 (21).jpg,disgust
C:\Users\mainh\OneDrive\Attachments\Máy tính\facial-emotion-viz\data\raw\disgust\reg_img76 (36).jpg,disgust
C:\Users\mainh\OneDrive\Attachments\Máy tính\facial-emotion-viz\data\raw\disgust\reg_img131 (4).jpg,disgust
C:\Users\mainh\OneDrive\Attachments\Máy tính\facial-emotion-viz\data\raw\surprise\reg_img108 (2).jpg,surprise
C:\Users\mainh\OneDrive\Attachments\Máy tính\facial-emotion-viz\data\raw\happiness\reg_img105 (3).jpg,happiness
C:\Users\mainh\OneDrive\Attachments\Máy tính\facial-emotion-viz\data\raw\disgust\reg_img87 (36).jpg,disgust
C:\Users\mainh\OneDrive\Attachments\Máy tính\facial-emotion-viz\data\raw\happiness\reg_img128 (10).jpg,happiness
C:\Users\mainh\OneDrive\Attachments\Máy tính\facial-emotion-viz\data\raw\repression\reg_img45 (11).jpg,repression
C:\Users\mainh\OneDrive\Attachments\Máy tính\facial-emotion-viz\data\raw\disgust\reg_img361.jpg,disgust
C:\Users\mainh\OneDrive\Attachments\Máy tính\facial-emotion-viz\data\raw\happiness\reg_img120.jpg,happiness
C:\Users\mainh\OneDrive\Attachments\Máy tính\facial-emotion-viz\data\raw\disgust\reg_img85 (5).jpg,disgust
C:\Users\mainh\OneDrive\Attachments\Máy tính\facial-emotion-viz\data\raw\happiness\reg_img228 (2).jpg,happiness
C:\Users\mainh\OneDrive\Attachments\Máy tính\facial-emotion-viz\data\raw\happiness\reg_img55 (10).jpg,happiness
C:\Users\mainh\OneDrive\Attachments\Máy tính\facial-emotion-viz\data\raw\repression\reg_img146 (4).jpg,repression
C:\Users\mainh\OneDrive\Attachments\Máy tính\facial-emotion-viz\data\raw\happiness\reg_img113 (5).jpg,happiness
C:\Users\mainh\OneDrive\Attachments\Máy tính\facial-emotion-viz\data\raw\disgust\reg_img88 (16).jpg,disgust
C:\Users\mainh\OneDrive\Attachments\Máy tính\facial-emotion-viz\data\raw\disgust\reg_img90 (10).jpg,disgust
C:\Users\mainh\OneDrive\Attachments\Máy tính\facial-emotion-viz\data\raw\disgust\reg_img164.jpg,disgust
C:\Users\mainh\OneDrive\Attachments\Máy tính\facial-emotion-viz\data\raw\surprise\reg_img10.jpg,surprise
C:\Users\mainh\OneDrive\Attachments\Máy tính\facial-emotion-viz\data\raw\disgust\reg_img116.jpg,disgust
C:\Users\mainh\OneDrive\Attachments\Máy tính\facial-emotion-viz\data\raw\surprise\reg_img44 (2).jpg,surprise
C:\Users\mainh\OneDrive\Attachments\Máy tính\facial-emotion-viz\data\raw\repression\reg_img85 (10).jpg,repression
C:\Users\mainh\OneDrive\Attachments\Máy tính\facial-emotion-viz\data\raw\disgust\reg_img83 (4).jpg,disgust
C:\Users\mainh\OneDrive\Attachments\Máy tính\facial-emotion-viz\data\raw\surprise\reg_img118 (4).jpg,surprise
C:\Users\mainh\OneDrive\Attachments\Máy tính\facial-emotion-viz\data\raw\surprise\reg_img26 (3).jpg,surprise
C:\Users\mainh\OneDrive\Attachments\Máy tính\facial-emotion-viz\data\raw\disgust\reg_img91 (21).jpg,disgust
C:\Users\mainh\OneDrive\Attachments\Máy tính\facial-emotion-viz\data\raw\disgust\reg_img37 (7).jpg,disgust
C:\Users\mainh\OneDrive\Attachments\Máy tính\facial-emotion-viz\data\raw\happiness\reg_img88 (4).jpg,happiness
C:\Users\mainh\OneDrive\Attachments\Máy tính\facial-emotion-viz\data\raw\disgust\reg_img79 (29).jpg,disgust
C:\Users\mainh\OneDrive\Attachments\Máy tính\facial-emotion-viz\data\raw\repression\reg_img192 (2).jpg,repression
C:\Users\mainh\OneDrive\Attachments\Máy tính\facial-emotion-viz\data\raw\happiness\reg_img139 (4).jpg,happiness
C:\Users\mainh\OneDrive\Attachments\Máy tính\facial-emotion-viz\data\raw\disgust\reg_img77 (19).jpg,disgust
C:\Users\mainh\OneDrive\Attachments\Máy tính\facial-emotion-viz\data\raw\disgust\reg_img136 (4).jpg,disgust
C:\Users\mainh\OneDrive\Attachments\Máy tính\facial-emotion-viz\data\raw\disgust\reg_img59 (19).jpg,disgust
C:\Users\mainh\OneDrive\Attachments\Máy tính\facial-emotion-viz\data\raw\surprise\reg_img102 (8).jpg,surprise
C:\Users\mainh\OneDrive\Attachments\Máy tính\facial-emotion-viz\data\raw\repression\reg_img160 (3).jpg,repression
C:\Users\mainh\OneDrive\Attachments\Máy tính\facial-emotion-viz\data\raw\happiness\reg_img50 (12).jpg,happiness
C:\Users\mainh\OneDrive\Attachments\Máy tính\facial-emotion-viz\data\raw\repression\reg_img84 (9).jpg,repression
C:\Users\mainh\OneDrive\Attachments\Máy tính\facial-emotion-viz\data\raw\disgust\reg_img131 (19).jpg,disgust
C:\Users\mainh\OneDrive\Attachments\Máy tính\facial-emotion-viz\data\raw\surprise\reg_img83 (6).jpg,surprise
C:\Users\mainh\OneDrive\Attachments\Máy tính\facial-emotion-viz\data\raw\surprise\reg_img16.jpg,surprise
C:\Users\mainh\OneDrive\Attachments\Máy tính\facial-emotion-viz\data\raw\surprise\reg_img67 (10).jpg,surprise
C:\Users\mainh\OneDrive\Attachments\Máy tính\facial-emotion-viz\data\raw\sadness\reg_img358.jpg,sadness
C:\Users\mainh\OneDrive\Attachments\Máy tính\facial-emotion-viz\data\raw\disgust\reg_img91 (35).jpg,disgust
C:\Users\mainh\OneDrive\Attachments\Máy tính\facial-emotion-viz\data\raw\disgust\reg_img23 (10).jpg,disgust
C:\Users\mainh\OneDrive\Attachments\Máy tính\facial-emotion-viz\data\raw\repression\reg_img62 (10).jpg,repression
C:\Users\mainh\OneDrive\Attachments\Máy tính\facial-emotion-viz\data\raw\happiness\reg_img84 (21).jpg,happiness
C:\Users\mainh\OneDrive\Attachments\Máy tính\facial-emotion-viz\data\raw\disgust\reg_img91 (11).jpg,disgust
C:\Users\mainh\OneDrive\Attachments\Máy tính\facial-emotion-viz\data\raw\happiness\reg_img74 (20).jpg,happiness
C:\Users\mainh\OneDrive\Attachments\Máy tính\facial-emotion-viz\data\raw\happiness\reg_img77 (17).jpg,happiness
C:\Users\mainh\OneDrive\Attachments\Máy tính\facial-emotion-viz\data\raw\happiness\reg_img119.jpg,happiness
C:\Users\mainh\OneDrive\Attachments\Máy tính\facial-emotion-viz\data\raw\repression\reg_img41 (4).jpg,repression
C:\Users\mainh\OneDrive\Attachments\Máy tính\facial-emotion-viz\data\raw\disgust\reg_img47 (19).jpg,disgust
C:\Users\mainh\OneDrive\Attachments\Máy tính\facial-emotion-viz\data\raw\repression\reg_img112 (9).jpg,repression
C:\Users\mainh\OneDrive\Attachments\Máy tính\facial-emotion-viz\data\raw\disgust\reg_img11 (2).jpg,disgust
C:\Users\mainh\OneDrive\Attachments\Máy tính\facial-emotion-viz\data\raw\happiness\reg_img246 (2).jpg,happiness
C:\Users\mainh\OneDrive\Attachments\Máy tính\facial-emotion-viz\data\raw\happiness\reg_img119 (2).jpg,happiness
C:\Users\mainh\OneDrive\Attachments\Máy tính\facial-emotion-viz\data\raw\disgust\reg_img140 (10).jpg,disgust
C:\Users\mainh\OneDrive\Attachments\Máy tính\facial-emotion-viz\data\raw\disgust\reg_img105 (25).jpg,disgust
C:\Users\mainh\OneDrive\Attachments\Máy tính\facial-emotion-viz\data\raw\happiness\reg_img85 (20).jpg,happiness
C:\Users\mainh\OneDrive\Attachments\Máy tính\facial-emotion-viz\data\raw\repression\reg_img107 (12).jpg,repression
C:\Users\mainh\OneDrive\Attachments\Máy tính\facial-emotion-viz\data\raw\repression\reg_img165 (8).jpg,repression
C:\Users\mainh\OneDrive\Attachments\Máy tính\facial-emotion-viz\data\raw\happiness\reg_img41 (12).jpg,happiness
C:\Users\mainh\OneDrive\Attachments\Máy tính\facial-emotion-viz\data\raw\happiness\reg_img32 (2).jpg,happiness
C:\Users\mainh\OneDrive\Attachments\Máy tính\facial-emotion-viz\data\raw\disgust\reg_img51 (12).jpg,disgust
C:\Users\mainh\OneDrive\Attachments\Máy tính\facial-emotion-viz\data\raw\happiness\reg_img98 (7).jpg,happiness
C:\Users\mainh\OneDrive\Attachments\Máy tính\facial-emotion-viz\data\raw\surprise\reg_img77 (16).jpg,surprise
C:\Users\mainh\OneDrive\Attachments\Máy tính\facial-emotion-viz\data\raw\surprise\reg_img85 (9).jpg,surprise
C:\Users\mainh\OneDrive\Attachments\Máy tính\facial-emotion-viz\data\raw\disgust\reg_img115 (24).jpg,disgust
C:\Users\mainh\OneDrive\Attachments\Máy tính\facial-emotion-viz\data\raw\surprise\reg_img74 (4).jpg,surprise
C:\Users\mainh\OneDrive\Attachments\Máy tính\facial-emotion-viz\data\raw\disgust\reg_img118 (20).jpg,disgust
C:\Users\mainh\OneDrive\Attachments\Máy tính\facial-emotion-viz\data\raw\surprise\reg_img109 (6).jpg,surprise
C:\Users\mainh\OneDrive\Attachments\Máy tính\facial-emotion-viz\data\raw\repression\reg_img47 (6).jpg,repression
C:\Users\mainh\OneDrive\Attachments\Máy tính\facial-emotion-viz\data\raw\disgust\reg_img147 (6).jpg,disgust
C:\Users\mainh\OneDrive\Attachments\Máy tính\facial-emotion-viz\data\raw\surprise\reg_img110 (6).jpg,surprise
C:\Users\mainh\OneDrive\Attachments\Máy tính\facial-emotion-viz\data\raw\disgust\reg_img45 (15).jpg,disgust
C:\Users\mainh\OneDrive\Attachments\Máy tính\facial-emotion-viz\data\raw\happiness\reg_img64 (11).jpg,happiness
C:\Users\mainh\OneDrive\Attachments\Máy tính\facial-emotion-viz\data\raw\repression\reg_img40 (9).jpg,repression
C:\Users\mainh\OneDrive\Attachments\Máy tính\facial-emotion-viz\data\raw\happiness\reg_img35 (10).jpg,happiness
C:\Users\mainh\OneDrive\Attachments\Máy tính\facial-emotion-viz\data\raw\disgust\reg_img169 (5).jpg,disgust
C:\Users\mainh\OneDrive\Attachments\Máy tính\facial-emotion-viz\data\raw\disgust\reg_img154 (3).jpg,disgust
C:\Users\mainh\OneDrive\Attachments\Máy tính\facial-emotion-viz\data\raw\happiness\reg_img119 (4).jpg,happiness
C:\Users\mainh\OneDrive\Attachments\Máy tính\facial-emotion-viz\data\raw\disgust\reg_img97 (4).jpg,disgust
C:\Users\mainh\OneDrive\Attachments\Máy tính\facial-emotion-viz\data\raw\repression\reg_img223 (2).jpg,repression
C:\Users\mainh\OneDrive\Attachments\Máy tính\facial-emotion-viz\data\raw\sadness\reg_img336 (2).jpg,sadness
C:\Users\mainh\OneDrive\Attachments\Máy tính\facial-emotion-viz\data\raw\surprise\reg_img152 (5).jpg,surprise
C:\Users\mainh\OneDrive\Attachments\Máy tính\facial-emotion-viz\data\raw\disgust\reg_img114 (27).jpg,disgust
C:\Users\mainh\OneDrive\Attachments\Máy tính\facial-emotion-viz\data\raw\happiness\reg_img108.jpg,happiness
C:\Users\mainh\OneDrive\Attachments\Máy tính\facial-emotion-viz\data\raw\happiness\reg_img151 (6).jpg,happiness
C:\Users\mainh\OneDrive\Attachments\Máy tính\facial-emotion-viz\data\raw\disgust\reg_img108 (21).jpg,disgust
C:\Users\mainh\OneDrive\Attachments\Máy tính\facial-emotion-viz\data\raw\happiness\reg_img104 (2).jpg,happiness
C:\Users\mainh\OneDrive\Attachments\Máy tính\facial-emotion-viz\data\raw\surprise\reg_img82 (14).jpg,surprise
C:\Users\mainh\OneDrive\Attachments\Máy tính\facial-emotion-viz\data\raw\happiness\reg_img60 (20).jpg,happiness
C:\Users\mainh\OneDrive\Attachments\Máy tính\facial-emotion-viz\data\raw\happiness\reg_img80 (3).jpg,happiness
C:\Users\mainh\OneDrive\Attachments\Máy tính\facial-emotion-viz\data\raw\disgust\reg_img131 (13).jpg,disgust
C:\Users\mainh\OneDrive\Attachments\Máy tính\facial-emotion-viz\data\raw\surprise\reg_img142 (3).jpg,surprise
C:\Users\mainh\OneDrive\Attachments\Máy tính\facial-emotion-viz\data\raw\repression\reg_img58 (6).jpg,repression
C:\Users\mainh\OneDrive\Attachments\Máy tính\facial-emotion-viz\data\raw\disgust\reg_img110 (20).jpg,disgust
C:\Users\mainh\OneDrive\Attachments\Máy tính\facial-emotion-viz\data\raw\surprise\reg_img67 (14).jpg,surprise
C:\Users\mainh\OneDrive\Attachments\Máy tính\facial-emotion-viz\data\raw\disgust\reg_img46 (7).jpg,disgust
C:\Users\mainh\OneDrive\Attachments\Máy tính\facial-emotion-viz\data\raw\repression\reg_img61.jpg,repression
C:\Users\mainh\OneDrive\Attachments\Máy tính\facial-emotion-viz\data\raw\disgust\reg_img93 (28).jpg,disgust
C:\Users\mainh\OneDrive\Attachments\Máy tính\facial-emotion-viz\data\raw\disgust\reg_img140 (11).jpg,disgust
C:\Users\mainh\OneDrive\Attachments\Máy tính\facial-emotion-viz\data\raw\disgust\reg_img53 (30).jpg,disgust
C:\Users\mainh\OneDrive\Attachments\Máy tính\facial-emotion-viz\data\raw\disgust\reg_img71 (21).jpg,disgust
C:\Users\mainh\OneDrive\Attachments\Máy tính\facial-emotion-viz\data\raw\surprise\reg_img56 (9).jpg,surprise
C:\Users\mainh\OneDrive\Attachments\Máy tính\facial-emotion-viz\data\raw\happiness\reg_img47 (6).jpg,happiness
C:\Users\mainh\OneDrive\Attachments\Máy tính\facial-emotion-viz\data\raw\repression\reg_img107 (4).jpg,repression
C:\Users\mainh\OneDrive\Attachments\Máy tính\facial-emotion-viz\data\raw\disgust\reg_img118 (14).jpg,disgust
C:\Users\mainh\OneDrive\Attachments\Máy tính\facial-emotion-viz\data\raw\repression\reg_img140 (6).jpg,repression
C:\Users\mainh\OneDrive\Attachments\Máy tính\facial-emotion-viz\data\raw\disgust\reg_img39 (15).jpg,disgust
C:\Users\mainh\OneDrive\Attachments\Máy tính\facial-emotion-viz\data\raw\sadness\reg_img340.jpg,sadness
C:\Users\mainh\OneDrive\Attachments\Máy tính\facial-emotion-viz\data\raw\disgust\reg_img47 (18).jpg,disgust
C:\Users\mainh\OneDrive\Attachments\Máy tính\facial-emotion-viz\data\raw\repression\reg_img79 (5).jpg,repression
C:\Users\mainh\OneDrive\Attachments\Máy tính\facial-emotion-viz\data\raw\surprise\reg_img186 (2).jpg,surprise
C:\Users\mainh\OneDrive\Attachments\Máy tính\facial-emotion-viz\data\raw\disgust\reg_img133 (2).jpg,disgust
C:\Users\mainh\OneDrive\Attachments\Máy tính\facial-emotion-viz\data\raw\disgust\reg_img128 (20).jpg,disgust
C:\Users\mainh\OneDrive\Attachments\Máy tính\facial-emotion-viz\data\raw\happiness\reg_img53 (17).jpg,happiness
C:\Users\mainh\OneDrive\Attachments\Máy tính\facial-emotion-viz\data\raw\repression\reg_img90 (5).jpg,repression
C:\Users\mainh\OneDrive\Attachments\Máy tính\facial-emotion-viz\data\raw\happiness\reg_img59 (19).jpg,happiness
C:\Users\mainh\OneDrive\Attachments\Máy tính\facial-emotion-viz\data\raw\disgust\reg_img36 (17).jpg,disgust
C:\Users\mainh\OneDrive\Attachments\Máy tính\facial-emotion-viz\data\raw\repression\reg_img61 (6).jpg,repression
C:\Users\mainh\OneDrive\Attachments\Máy tính\facial-emotion-viz\data\raw\happiness\reg_img106 (16).jpg,happiness
C:\Users\mainh\OneDrive\Attachments\Máy tính\facial-emotion-viz\data\raw\surprise\reg_img40 (9).jpg,surprise
C:\Users\mainh\OneDrive\Attachments\Máy tính\facial-emotion-viz\data\raw\happiness\reg_img159 (2).jpg,happiness
C:\Users\mainh\OneDrive\Attachments\Máy tính\facial-emotion-viz\data\raw\disgust\reg_img33 (15).jpg,disgust
C:\Users\mainh\OneDrive\Attachments\Máy tính\facial-emotion-viz\data\raw\disgust\reg_img65 (11).jpg,disgust
C:\Users\mainh\OneDrive\Attachments\Máy tính\facial-emotion-viz\data\raw\happiness\reg_img187 (2).jpg,happiness
C:\Users\mainh\OneDrive\Attachments\Máy tính\facial-emotion-viz\data\raw\disgust\reg_img401.jpg,disgust
C:\Users\mainh\OneDrive\Attachments\Máy tính\facial-emotion-viz\data\raw\happiness\reg_img49 (2).jpg,happiness
C:\Users\mainh\OneDrive\Attachments\Máy tính\facial-emotion-viz\data\raw\happiness\reg_img135 (8).jpg,happiness
C:\Users\mainh\OneDrive\Attachments\Máy tính\facial-emotion-viz\data\raw\repression\reg_img180.jpg,repression
C:\Users\mainh\OneDrive\Attachments\Máy tính\facial-emotion-viz\data\raw\disgust\reg_img87 (10).jpg,disgust
C:\Users\mainh\OneDrive\Attachments\Máy tính\facial-emotion-viz\data\raw\surprise\reg_img73 (12).jpg,surprise
C:\Users\mainh\OneDrive\Attachments\Máy tính\facial-emotion-viz\data\raw\disgust\reg_img139 (2).jpg,disgust
C:\Users\mainh\OneDrive\Attachments\Máy tính\facial-emotion-viz\data\raw\disgust\reg_img106 (21).jpg,disgust
C:\Users\mainh\OneDrive\Attachments\Máy tính\facial-emotion-viz\data\raw\sadness\reg_img63.jpg,sadness
C:\Users\mainh\OneDrive\Attachments\Máy tính\facial-emotion-viz\data\raw\fear\reg_img85.jpg,fear
C:\Users\mainh\OneDrive\Attachments\Máy tính\facial-emotion-viz\data\raw\disgust\reg_img178 (3).jpg,disgust
C:\Users\mainh\OneDrive\Attachments\Máy tính\facial-emotion-viz\data\raw\repression\reg_img183 (5).jpg,repression
C:\Users\mainh\OneDrive\Attachments\Máy tính\facial-emotion-viz\data\raw\surprise\reg_img82 (10).jpg,surprise
C:\Users\mainh\OneDrive\Attachments\Máy tính\facial-emotion-viz\data\raw\disgust\reg_img69 (21).jpg,disgust
C:\Users\mainh\OneDrive\Attachments\Máy tính\facial-emotion-viz\data\raw\sadness\reg_img53 (2).jpg,sadness
C:\Users\mainh\OneDrive\Attachments\Máy tính\facial-emotion-viz\data\raw\repression\reg_img147 (3).jpg,repression
C:\Users\mainh\OneDrive\Attachments\Máy tính\facial-emotion-viz\data\raw\disgust\reg_img54 (23).jpg,disgust
C:\Users\mainh\OneDrive\Attachments\Máy tính\facial-emotion-viz\data\raw\disgust\reg_img50 (28).jpg,disgust
C:\Users\mainh\OneDrive\Attachments\Máy tính\facial-emotion-viz\data\raw\sadness\reg_img345.jpg,sadness
C:\Users\mainh\OneDrive\Attachments\Máy tính\facial-emotion-viz\data\raw\disgust\reg_img38 (19).jpg,disgust
C:\Users\mainh\OneDrive\Attachments\Máy tính\facial-emotion-viz\data\raw\fear\reg_img68.jpg,fear
C:\Users\mainh\OneDrive\Attachments\Máy tính\facial-emotion-viz\data\raw\repression\reg_img87.jpg,repression
C:\Users\mainh\OneDrive\Attachments\Máy tính\facial-emotion-viz\data\raw\happiness\reg_img140 (2).jpg,happiness
C:\Users\mainh\OneDrive\Attachments\Máy tính\facial-emotion-viz\data\raw\happiness\reg_img210 (2).jpg,happiness
C:\Users\mainh\OneDrive\Attachments\Máy tính\facial-emotion-viz\data\raw\surprise\reg_img36 (6).jpg,surprise
C:\Users\mainh\OneDrive\Attachments\Máy tính\facial-emotion-viz\data\raw\surprise\reg_img155 (3).jpg,surprise
C:\Users\mainh\OneDrive\Attachments\Máy tính\facial-emotion-viz\data\raw\happiness\reg_img120 (2).jpg,happiness
C:\Users\mainh\OneDrive\Attachments\Máy tính\facial-emotion-viz\data\raw\surprise\reg_img80 (14).jpg,surprise
C:\Users\mainh\OneDrive\Attachments\Máy tính\facial-emotion-viz\data\raw\fear\reg_img24.jpg,fear
C:\Users\mainh\OneDrive\Attachments\Máy tính\facial-emotion-viz\data\raw\disgust\reg_img68 (7).jpg,disgust
C:\Users\mainh\OneDrive\Attachments\Máy tính\facial-emotion-viz\data\raw\disgust\reg_img71 (7).jpg,disgust
C:\Users\mainh\OneDrive\Attachments\Máy tính\facial-emotion-viz\data\raw\fear\reg_img57.jpg,fear
C:\Users\mainh\OneDrive\Attachments\Máy tính\facial-emotion-viz\data\raw\disgust\reg_img56 (3).jpg,disgust
C:\Users\mainh\OneDrive\Attachments\Máy tính\facial-emotion-viz\data\raw\disgust\reg_img45 (16).jpg,disgust
C:\Users\mainh\OneDrive\Attachments\Máy tính\facial-emotion-viz\data\raw\happiness\reg_img31 (6).jpg,happiness
C:\Users\mainh\OneDrive\Attachments\Máy tính\facial-emotion-viz\data\raw\disgust\reg_img94 (22).jpg,disgust
C:\Users\mainh\OneDrive\Attachments\Máy tính\facial-emotion-viz\data\raw\repression\reg_img73 (15).jpg,repression
C:\Users\mainh\OneDrive\Attachments\Máy tính\facial-emotion-viz\data\raw\happiness\reg_img96 (8).jpg,happiness
C:\Users\mainh\OneDrive\Attachments\Máy tính\facial-emotion-viz\data\raw\repression\reg_img82 (5).jpg,repression
C:\Users\mainh\OneDrive\Attachments\Máy tính\facial-emotion-viz\data\raw\disgust\reg_img116 (4).jpg,disgust
C:\Users\mainh\OneDrive\Attachments\Máy tính\facial-emotion-viz\data\raw\disgust\reg_img32 (12).jpg,disgust
C:\Users\mainh\OneDrive\Attachments\Máy tính\facial-emotion-viz\data\raw\happiness\reg_img148 (6).jpg,happiness
C:\Users\mainh\OneDrive\Attachments\Máy tính\facial-emotion-viz\data\raw\disgust\reg_img105 (9).jpg,disgust
C:\Users\mainh\OneDrive\Attachments\Máy tính\facial-emotion-viz\data\raw\disgust\reg_img169 (2).jpg,disgust
C:\Users\mainh\OneDrive\Attachments\Máy tính\facial-emotion-viz\data\raw\repression\reg_img112 (5).jpg,repression
C:\Users\mainh\OneDrive\Attachments\Máy tính\facial-emotion-viz\data\raw\happiness\reg_img72 (12).jpg,happiness
C:\Users\mainh\OneDrive\Attachments\Máy tính\facial-emotion-viz\data\raw\happiness\reg_img61 (20).jpg,happiness
C:\Users\mainh\OneDrive\Attachments\Máy tính\facial-emotion-viz\data\raw\disgust\reg_img119 (17).jpg,disgust
C:\Users\mainh\OneDrive\Attachments\Máy tính\facial-emotion-viz\data\raw\disgust\reg_img83 (31).jpg,disgust
C:\Users\mainh\OneDrive\Attachments\Máy tính\facial-emotion-viz\data\raw\happiness\reg_img143 (4).jpg,happiness
C:\Users\mainh\OneDrive\Attachments\Máy tính\facial-emotion-viz\data\raw\disgust\reg_img107 (19).jpg,disgust
C:\Users\mainh\OneDrive\Attachments\Máy tính\facial-emotion-viz\data\raw\surprise\reg_img48 (11).jpg,surprise
C:\Users\mainh\OneDrive\Attachments\Máy tính\facial-emotion-viz\data\raw\happiness\reg_img199.jpg,happiness
C:\Users\mainh\OneDrive\Attachments\Máy tính\facial-emotion-viz\data\raw\happiness\reg_img41 (14).jpg,happiness
C:\Users\mainh\OneDrive\Attachments\Máy tính\facial-emotion-viz\data\raw\repression\reg_img133 (2).jpg,repression
C:\Users\mainh\OneDrive\Attachments\Máy tính\facial-emotion-viz\data\raw\repression\reg_img77 (13).jpg,repression
C:\Users\mainh\OneDrive\Attachments\Máy tính\facial-emotion-viz\data\raw\disgust\reg_img73 (16).jpg,disgust
C:\Users\mainh\OneDrive\Attachments\Máy tính\facial-emotion-viz\data\raw\sadness\reg_img359.jpg,sadness
C:\Users\mainh\OneDrive\Attachments\Máy tính\facial-emotion-viz\data\raw\disgust\reg_img47 (9).jpg,disgust
C:\Users\mainh\OneDrive\Attachments\Máy tính\facial-emotion-viz\data\raw\disgust\reg_img136 (9).jpg,disgust
C:\Users\mainh\OneDrive\Attachments\Máy tính\facial-emotion-viz\data\raw\disgust\reg_img161 (8).jpg,disgust
C:\Users\mainh\OneDrive\Attachments\Máy tính\facial-emotion-viz\data\raw\happiness\reg_img43 (3).jpg,happiness
C:\Users\mainh\OneDrive\Attachments\Máy tính\facial-emotion-viz\data\raw\sadness\reg_img332.jpg,sadness
C:\Users\mainh\OneDrive\Attachments\Máy tính\facial-emotion-viz\data\raw\happiness\reg_img88 (19).jpg,happiness
C:\Users\mainh\OneDrive\Attachments\Máy tính\facial-emotion-viz\data\raw\surprise\reg_img62 (13).jpg,surprise
C:\Users\mainh\OneDrive\Attachments\Máy tính\facial-emotion-viz\data\raw\surprise\reg_img43 (2).jpg,surprise
C:\Users\mainh\OneDrive\Attachments\Máy tính\facial-emotion-viz\data\raw\sadness\reg_img106.jpg,sadness
C:\Users\mainh\OneDrive\Attachments\Máy tính\facial-emotion-viz\data\raw\repression\reg_img51 (2).jpg,repression
C:\Users\mainh\OneDrive\Attachments\Máy tính\facial-emotion-viz\data\raw\disgust\reg_img84 (14).jpg,disgust
C:\Users\mainh\OneDrive\Attachments\Máy tính\facial-emotion-viz\data\raw\disgust\reg_img39 (8).jpg,disgust
C:\Users\mainh\OneDrive\Attachments\Máy tính\facial-emotion-viz\data\raw\happiness\reg_img36 (12).jpg,happiness
C:\Users\mainh\OneDrive\Attachments\Máy tính\facial-emotion-viz\data\raw\surprise\reg_img90 (7).jpg,surprise
C:\Users\mainh\OneDrive\Attachments\Máy tính\facial-emotion-viz\data\raw\happiness\reg_img117 (5).jpg,happiness
C:\Users\mainh\OneDrive\Attachments\Máy tính\facial-emotion-viz\data\raw\disgust\reg_img167 (5).jpg,disgust
C:\Users\mainh\OneDrive\Attachments\Máy tính\facial-emotion-viz\data\raw\happiness\reg_img74 (2).jpg,happiness
C:\Users\mainh\OneDrive\Attachments\Máy tính\facial-emotion-viz\data\raw\happiness\reg_img68 (19).jpg,happiness
C:\Users\mainh\OneDrive\Attachments\Máy tính\facial-emotion-viz\data\raw\disgust\reg_img186 (2).jpg,disgust
C:\Users\mainh\OneDrive\Attachments\Máy tính\facial-emotion-viz\data\raw\surprise\reg_img123 (5).jpg,surprise
C:\Users\mainh\OneDrive\Attachments\Máy tính\facial-emotion-viz\data\raw\disgust\reg_img97 (38).jpg,disgust
C:\Users\mainh\OneDrive\Attachments\Máy tính\facial-emotion-viz\data\raw\surprise\reg_img115 (5).jpg,surprise
C:\Users\mainh\OneDrive\Attachments\Máy tính\facial-emotion-viz\data\raw\surprise\reg_img177 (2).jpg,surprise
C:\Users\mainh\OneDrive\Attachments\Máy tính\facial-emotion-viz\data\raw\happiness\reg_img25 (8).jpg,happiness
C:\Users\mainh\OneDrive\Attachments\Máy tính\facial-emotion-viz\data\raw\disgust\reg_img42 (20).jpg,disgust
C:\Users\mainh\OneDrive\Attachments\Máy tính\facial-emotion-viz\data\raw\surprise\reg_img50.jpg,surprise
C:\Users\mainh\OneDrive\Attachments\Máy tính\facial-emotion-viz\data\raw\repression\reg_img125 (2).jpg,repression
C:\Users\mainh\OneDrive\Attachments\Máy tính\facial-emotion-viz\data\raw\repression\reg_img95 (2).jpg,repression
C:\Users\mainh\OneDrive\Attachments\Máy tính\facial-emotion-viz\data\raw\happiness\reg_img63 (10).jpg,happiness
C:\Users\mainh\OneDrive\Attachments\Máy tính\facial-emotion-viz\data\raw\happiness\reg_img179 (2).jpg,happiness
C:\Users\mainh\OneDrive\Attachments\Máy tính\facial-emotion-viz\data\raw\happiness\reg_img32 (4).jpg,happiness
C:\Users\mainh\OneDrive\Attachments\Máy tính\facial-emotion-viz\data\raw\disgust\reg_img64 (2).jpg,disgust
C:\Users\mainh\OneDrive\Attachments\Máy tính\facial-emotion-viz\data\raw\repression\reg_img173 (4).jpg,repression
C:\Users\mainh\OneDrive\Attachments\Máy tính\facial-emotion-viz\data\raw\surprise\reg_img106 (8).jpg,surprise
C:\Users\mainh\OneDrive\Attachments\Máy tính\facial-emotion-viz\data\raw\surprise\reg_img23 (4).jpg,surprise
C:\Users\mainh\OneDrive\Attachments\Máy tính\facial-emotion-viz\data\raw\happiness\reg_img227.jpg,happiness
C:\Users\mainh\OneDrive\Attachments\Máy tính\facial-emotion-viz\data\raw\disgust\reg_img82 (29).jpg,disgust
C:\Users\mainh\OneDrive\Attachments\Máy tính\facial-emotion-viz\data\raw\surprise\reg_img126 (3).jpg,surprise
C:\Users\mainh\OneDrive\Attachments\Máy tính\facial-emotion-viz\data\raw\repression\reg_img163 (2).jpg,repression
C:\Users\mainh\OneDrive\Attachments\Máy tính\facial-emotion-viz\data\raw\disgust\reg_img93 (15).jpg,disgust
C:\Users\mainh\OneDrive\Attachments\Máy tính\facial-emotion-viz\data\raw\surprise\reg_img88 (9).jpg,surprise
C:\Users\mainh\OneDrive\Attachments\Máy tính\facial-emotion-viz\data\raw\surprise\reg_img129 (6).jpg,surprise
C:\Users\mainh\OneDrive\Attachments\Máy tính\facial-emotion-viz\data\raw\surprise\reg_img28.jpg,surprise
C:\Users\mainh\OneDrive\Attachments\Máy tính\facial-emotion-viz\data\raw\happiness\reg_img51 (3).jpg,happiness
C:\Users\mainh\OneDrive\Attachments\Máy tính\facial-emotion-viz\data\raw\happiness\reg_img132.jpg,happiness
C:\Users\mainh\OneDrive\Attachments\Máy tính\facial-emotion-viz\data\raw\repression\reg_img104 (9).jpg,repression
C:\Users\mainh\OneDrive\Attachments\Máy tính\facial-emotion-viz\data\raw\disgust\reg_img123 (6).jpg,disgust
C:\Users\mainh\OneDrive\Attachments\Máy tính\facial-emotion-viz\data\raw\repression\reg_img122.jpg,repression
C:\Users\mainh\OneDrive\Attachments\Máy tính\facial-emotion-viz\data\raw\happiness\reg_img119 (14).jpg,happiness
C:\Users\mainh\OneDrive\Attachments\Máy tính\facial-emotion-viz\data\raw\repression\reg_img44 (5).jpg,repression
C:\Users\mainh\OneDrive\Attachments\Máy tính\facial-emotion-viz\data\raw\repression\reg_img115 (11).jpg,repression
C:\Users\mainh\OneDrive\Attachments\Máy tính\facial-emotion-viz\data\raw\happiness\reg_img51 (8).jpg,happiness
C:\Users\mainh\OneDrive\Attachments\Máy tính\facial-emotion-viz\data\raw\disgust\reg_img106 (27).jpg,disgust
C:\Users\mainh\OneDrive\Attachments\Máy tính\facial-emotion-viz\data\raw\happiness\reg_img51 (14).jpg,happiness
C:\Users\mainh\OneDrive\Attachments\Máy tính\facial-emotion-viz\data\raw\happiness\reg_img12 (3).jpg,happiness
C:\Users\mainh\OneDrive\Attachments\Máy tính\facial-emotion-viz\data\raw\repression\reg_img131 (13).jpg,repression
C:\Users\mainh\OneDrive\Attachments\Máy tính\facial-emotion-viz\data\raw\repression\reg_img114 (13).jpg,repression
C:\Users\mainh\OneDrive\Attachments\Máy tính\facial-emotion-viz\data\raw\repression\reg_img177 (6).jpg,repression
C:\Users\mainh\OneDrive\Attachments\Máy tính\facial-emotion-viz\data\raw\happiness\reg_img89.jpg,happiness
C:\Users\mainh\OneDrive\Attachments\Máy tính\facial-emotion-viz\data\raw\disgust\reg_img68 (9).jpg,disgust
C:\Users\mainh\OneDrive\Attachments\Máy tính\facial-emotion-viz\data\raw\disgust\reg_img152 (4).jpg,disgust
C:\Users\mainh\OneDrive\Attachments\Máy tính\facial-emotion-viz\data\raw\repression\reg_img59 (3).jpg,repression
C:\Users\mainh\OneDrive\Attachments\Máy tính\facial-emotion-viz\data\raw\disgust\reg_img104 (30).jpg,disgust
C:\Users\mainh\OneDrive\Attachments\Máy tính\facial-emotion-viz\data\raw\surprise\reg_img57 (8).jpg,surprise
C:\Users\mainh\OneDrive\Attachments\Máy tính\facial-emotion-viz\data\raw\repression\reg_img53 (7).jpg,repression
C:\Users\mainh\OneDrive\Attachments\Máy tính\facial-emotion-viz\data\raw\disgust\reg_img63 (7).jpg,disgust
C:\Users\mainh\OneDrive\Attachments\Máy tính\facial-emotion-viz\data\raw\repression\reg_img40 (11).jpg,repression
C:\Users\mainh\OneDrive\Attachments\Máy tính\facial-emotion-viz\data\raw\repression\reg_img83 (5).jpg,repression
C:\Users\mainh\OneDrive\Attachments\Máy tính\facial-emotion-viz\data\raw\happiness\reg_img153 (7).jpg,happiness
C:\Users\mainh\OneDrive\Attachments\Máy tính\facial-emotion-viz\data\raw\repression\reg_img94 (11).jpg,repression
C:\Users\mainh\OneDrive\Attachments\Máy tính\facial-emotion-viz\data\raw\disgust\reg_img57 (17).jpg,disgust
C:\Users\mainh\OneDrive\Attachments\Máy tính\facial-emotion-viz\data\raw\disgust\reg_img179.jpg,disgust
C:\Users\mainh\OneDrive\Attachments\Máy tính\facial-emotion-viz\data\raw\surprise\reg_img98 (10).jpg,surprise
C:\Users\mainh\OneDrive\Attachments\Máy tính\facial-emotion-viz\data\raw\disgust\reg_img108 (23).jpg,disgust
C:\Users\mainh\OneDrive\Attachments\Máy tính\facial-emotion-viz\data\raw\happiness\reg_img48 (5).jpg,happiness
C:\Users\mainh\OneDrive\Attachments\Máy tính\facial-emotion-viz\data\raw\disgust\reg_img146 (5).jpg,disgust
C:\Users\mainh\OneDrive\Attachments\Máy tính\facial-emotion-viz\data\raw\disgust\reg_img71 (12).jpg,disgust
C:\Users\mainh\OneDrive\Attachments\Máy tính\facial-emotion-viz\data\raw\surprise\reg_img201.jpg,surprise
C:\Users\mainh\OneDrive\Attachments\Máy tính\facial-emotion-viz\data\raw\surprise\reg_img111 (11).jpg,surprise
C:\Users\mainh\OneDrive\Attachments\Máy tính\facial-emotion-viz\data\raw\disgust\reg_img48 (27).jpg,disgust
C:\Users\mainh\OneDrive\Attachments\Máy tính\facial-emotion-viz\data\raw\disgust\reg_img71 (38).jpg,disgust
C:\Users\mainh\OneDrive\Attachments\Máy tính\facial-emotion-viz\data\raw\happiness\reg_img68 (9).jpg,happiness
C:\Users\mainh\OneDrive\Attachments\Máy tính\facial-emotion-viz\data\raw\surprise\reg_img113.jpg,surprise
C:\Users\mainh\OneDrive\Attachments\Máy tính\facial-emotion-viz\data\raw\disgust\reg_img371.jpg,disgust
C:\Users\mainh\OneDrive\Attachments\Máy tính\facial-emotion-viz\data\raw\happiness\reg_img141 (5).jpg,happiness
C:\Users\mainh\OneDrive\Attachments\Máy tính\facial-emotion-viz\data\raw\disgust\reg_img95 (18).jpg,disgust
C:\Users\mainh\OneDrive\Attachments\Máy tính\facial-emotion-viz\data\raw\disgust\reg_img101 (19).jpg,disgust
C:\Users\mainh\OneDrive\Attachments\Máy tính\facial-emotion-viz\data\raw\surprise\reg_img114 (9).jpg,surprise
C:\Users\mainh\OneDrive\Attachments\Máy tính\facial-emotion-viz\data\raw\surprise\reg_img67 (5).jpg,surprise
C:\Users\mainh\OneDrive\Attachments\Máy tính\facial-emotion-viz\data\raw\happiness\reg_img83 (17).jpg,happiness
C:\Users\mainh\OneDrive\Attachments\Máy tính\facial-emotion-viz\data\raw\disgust\reg_img39 (20).jpg,disgust
C:\Users\mainh\OneDrive\Attachments\Máy tính\facial-emotion-viz\data\raw\repression\reg_img70 (2).jpg,repression
C:\Users\mainh\OneDrive\Attachments\Máy tính\facial-emotion-viz\data\raw\disgust\reg_img129 (4).jpg,disgust
C:\Users\mainh\OneDrive\Attachments\Máy tính\facial-emotion-viz\data\raw\repression\reg_img102 (2).jpg,repression
C:\Users\mainh\OneDrive\Attachments\Máy tính\facial-emotion-viz\data\raw\surprise\reg_img93 (2).jpg,surprise
C:\Users\mainh\OneDrive\Attachments\Máy tính\facial-emotion-viz\data\raw\happiness\reg_img47 (10).jpg,happiness
C:\Users\mainh\OneDrive\Attachments\Máy tính\facial-emotion-viz\data\raw\disgust\reg_img30 (16).jpg,disgust
C:\Users\mainh\OneDrive\Attachments\Máy tính\facial-emotion-viz\data\raw\disgust\reg_img42 (6).jpg,disgust
C:\Users\mainh\OneDrive\Attachments\Máy tính\facial-emotion-viz\data\raw\sadness\reg_img49 (2).jpg,sadness
C:\Users\mainh\OneDrive\Attachments\Máy tính\facial-emotion-viz\data\raw\happiness\reg_img189 (2).jpg,happiness
C:\Users\mainh\OneDrive\Attachments\Máy tính\facial-emotion-viz\data\raw\repression\reg_img24 (3).jpg,repression
C:\Users\mainh\OneDrive\Attachments\Máy tính\facial-emotion-viz\data\raw\happiness\reg_img135 (5).jpg,happiness
C:\Users\mainh\OneDrive\Attachments\Máy tính\facial-emotion-viz\data\raw\happiness\reg_img88 (15).jpg,happiness
C:\Users\mainh\OneDrive\Attachments\Máy tính\facial-emotion-viz\data\raw\disgust\reg_img85 (19).jpg,disgust
C:\Users\mainh\OneDrive\Attachments\Máy tính\facial-emotion-viz\data\raw\happiness\reg_img139 (5).jpg,happiness
C:\Users\mainh\OneDrive\Attachments\Máy tính\facial-emotion-viz\data\raw\disgust\reg_img74 (15).jpg,disgust
C:\Users\mainh\OneDrive\Attachments\Máy tính\facial-emotion-viz\data\raw\happiness\reg_img139 (3).jpg,happiness
C:\Users\mainh\OneDrive\Attachments\Máy tính\facial-emotion-viz\data\raw\happiness\reg_img88 (8).jpg,happiness
C:\Users\mainh\OneDrive\Attachments\Máy tính\facial-emotion-viz\data\raw\disgust\reg_img267.jpg,disgust
C:\Users\mainh\OneDrive\Attachments\Máy tính\facial-emotion-viz\data\raw\disgust\reg_img72 (17).jpg,disgust
C:\Users\mainh\OneDrive\Attachments\Máy tính\facial-emotion-viz\data\raw\happiness\reg_img71 (14).jpg,happiness
C:\Users\mainh\OneDrive\Attachments\Máy tính\facial-emotion-viz\data\raw\surprise\reg_img93 (10).jpg,surprise
C:\Users\mainh\OneDrive\Attachments\Máy tính\facial-emotion-viz\data\raw\happiness\reg_img125 (8).jpg,happiness
C:\Users\mainh\OneDrive\Attachments\Máy tính\facial-emotion-viz\data\raw\repression\reg_img152 (4).jpg,repression
C:\Users\mainh\OneDrive\Attachments\Máy tính\facial-emotion-viz\data\raw\disgust\reg_img115 (15).jpg,disgust
C:\Users\mainh\OneDrive\Attachments\Máy tính\facial-emotion-viz\data\raw\surprise\reg_img88 (3).jpg,surprise
C:\Users\mainh\OneDrive\Attachments\Máy tính\facial-emotion-viz\data\raw\fear\reg_img51.jpg,fear
C:\Users\mainh\OneDrive\Attachments\Máy tính\facial-emotion-viz\data\raw\repression\reg_img124 (10).jpg,repression
C:\Users\mainh\OneDrive\Attachments\Máy tính\facial-emotion-viz\data\raw\happiness\reg_img95.jpg,happiness
C:\Users\mainh\OneDrive\Attachments\Máy tính\facial-emotion-viz\data\raw\surprise\reg_img37 (3).jpg,surprise
C:\Users\mainh\OneDrive\Attachments\Máy tính\facial-emotion-viz\data\raw\disgust\reg_img139 (8).jpg,disgust
C:\Users\mainh\OneDrive\Attachments\Máy tính\facial-emotion-viz\data\raw\disgust\reg_img404 (2).jpg,disgust
C:\Users\mainh\OneDrive\Attachments\Máy tính\facial-emotion-viz\data\raw\repression\reg_img85 (13).jpg,repression
C:\Users\mainh\OneDrive\Attachments\Máy tính\facial-emotion-viz\data\raw\happiness\reg_img188 (2).jpg,happiness
C:\Users\mainh\OneDrive\Attachments\Máy tính\facial-emotion-viz\data\raw\surprise\reg_img53 (2).jpg,surprise
C:\Users\mainh\OneDrive\Attachments\Máy tính\facial-emotion-viz\data\raw\repression\reg_img110 (6).jpg,repression
C:\Users\mainh\OneDrive\Attachments\Máy tính\facial-emotion-viz\data\raw\happiness\reg_img96 (14).jpg,happiness
C:\Users\mainh\OneDrive\Attachments\Máy tính\facial-emotion-viz\data\raw\disgust\reg_img49 (13).jpg,disgust
C:\Users\mainh\OneDrive\Attachments\Máy tính\facial-emotion-viz\data\raw\happiness\reg_img27 (10).jpg,happiness
C:\Users\mainh\OneDrive\Attachments\Máy tính\facial-emotion-viz\data\raw\repression\reg_img228 (2).jpg,repression
C:\Users\mainh\OneDrive\Attachments\Máy tính\facial-emotion-viz\data\raw\disgust\reg_img82 (24).jpg,disgust
C:\Users\mainh\OneDrive\Attachments\Máy tính\facial-emotion-viz\data\raw\happiness\reg_img109 (3).jpg,happiness
C:\Users\mainh\OneDrive\Attachments\Máy tính\facial-emotion-viz\data\raw\happiness\reg_img242.jpg,happiness
C:\Users\mainh\OneDrive\Attachments\Máy tính\facial-emotion-viz\data\raw\surprise\reg_img78 (8).jpg,surprise
C:\Users\mainh\OneDrive\Attachments\Máy tính\facial-emotion-viz\data\raw\happiness\reg_img44 (6).jpg,happiness
C:\Users\mainh\OneDrive\Attachments\Máy tính\facial-emotion-viz\data\raw\happiness\reg_img51 (4).jpg,happiness
C:\Users\mainh\OneDrive\Attachments\Máy tính\facial-emotion-viz\data\raw\happiness\reg_img84.jpg,happiness
C:\Users\mainh\OneDrive\Attachments\Máy tính\facial-emotion-viz\data\raw\repression\reg_img70.jpg,repression
C:\Users\mainh\OneDrive\Attachments\Máy tính\facial-emotion-viz\data\raw\surprise\reg_img135 (6).jpg,surprise
C:\Users\mainh\OneDrive\Attachments\Máy tính\facial-emotion-viz\data\raw\happiness\reg_img36 (8).jpg,happiness
C:\Users\mainh\OneDrive\Attachments\Máy tính\facial-emotion-viz\data\raw\repression\reg_img122 (7).jpg,repression
C:\Users\mainh\OneDrive\Attachments\Máy tính\facial-emotion-viz\data\raw\disgust\reg_img153 (8).jpg,disgust
C:\Users\mainh\OneDrive\Attachments\Máy tính\facial-emotion-viz\data\raw\disgust\reg_img37 (13).jpg,disgust
C:\Users\mainh\OneDrive\Attachments\Máy tính\facial-emotion-viz\data\raw\disgust\reg_img108 (12).jpg,disgust
C:\Users\mainh\OneDrive\Attachments\Máy tính\facial-emotion-viz\data\raw\happiness\reg_img62 (2).jpg,happiness
C:\Users\mainh\OneDrive\Attachments\Máy tính\facial-emotion-viz\data\raw\disgust\reg_img85 (3).jpg,disgust
C:\Users\mainh\OneDrive\Attachments\Máy tính\facial-emotion-viz\data\raw\repression\reg_img95 (3).jpg,repression
C:\Users\mainh\OneDrive\Attachments\Máy tính\facial-emotion-viz\data\raw\disgust\reg_img64 (12).jpg,disgust
C:\Users\mainh\OneDrive\Attachments\Máy tính\facial-emotion-viz\data\raw\repression\reg_img67 (17).jpg,repression
C:\Users\mainh\OneDrive\Attachments\Máy tính\facial-emotion-viz\data\raw\disgust\reg_img42 (8).jpg,disgust
C:\Users\mainh\OneDrive\Attachments\Máy tính\facial-emotion-viz\data\raw\happiness\reg_img113.jpg,happiness
C:\Users\mainh\OneDrive\Attachments\Máy tính\facial-emotion-viz\data\raw\repression\reg_img19 (5).jpg,repression
C:\Users\mainh\OneDrive\Attachments\Máy tính\facial-emotion-viz\data\raw\happiness\reg_img92 (8).jpg,happiness
C:\Users\mainh\OneDrive\Attachments\Máy tính\facial-emotion-viz\data\raw\repression\reg_img65 (5).jpg,repression
C:\Users\mainh\OneDrive\Attachments\Máy tính\facial-emotion-viz\data\raw\disgust\reg_img156 (6).jpg,disgust
C:\Users\mainh\OneDrive\Attachments\Máy tính\facial-emotion-viz\data\raw\disgust\reg_img143 (10).jpg,disgust
C:\Users\mainh\OneDrive\Attachments\Máy tính\facial-emotion-viz\data\raw\disgust\reg_img101 (39).jpg,disgust
C:\Users\mainh\OneDrive\Attachments\Máy tính\facial-emotion-viz\data\raw\disgust\reg_img125 (24).jpg,disgust
C:\Users\mainh\OneDrive\Attachments\Máy tính\facial-emotion-viz\data\raw\happiness\reg_img49 (5).jpg,happiness
C:\Users\mainh\OneDrive\Attachments\Máy tính\facial-emotion-viz\data\raw\disgust\reg_img42 (26).jpg,disgust
C:\Users\mainh\OneDrive\Attachments\Máy tính\facial-emotion-viz\data\raw\disgust\reg_img84 (4).jpg,disgust
C:\Users\mainh\OneDrive\Attachments\Máy tính\facial-emotion-viz\data\raw\fear\reg_img93.jpg,fear
C:\Users\mainh\OneDrive\Attachments\Máy tính\facial-emotion-viz\data\raw\surprise\reg_img70 (2).jpg,surprise
C:\Users\mainh\OneDrive\Attachments\Máy tính\facial-emotion-viz\data\raw\disgust\reg_img105 (13).jpg,disgust
C:\Users\mainh\OneDrive\Attachments\Máy tính\facial-emotion-viz\data\raw\disgust\reg_img47 (22).jpg,disgust
C:\Users\mainh\OneDrive\Attachments\Máy tính\facial-emotion-viz\data\raw\disgust\reg_img108 (28).jpg,disgust
C:\Users\mainh\OneDrive\Attachments\Máy tính\facial-emotion-viz\data\raw\disgust\reg_img92 (3).jpg,disgust
C:\Users\mainh\OneDrive\Attachments\Máy tính\facial-emotion-viz\data\raw\disgust\reg_img285.jpg,disgust
C:\Users\mainh\OneDrive\Attachments\Máy tính\facial-emotion-viz\data\raw\disgust\reg_img84 (5).jpg,disgust
C:\Users\mainh\OneDrive\Attachments\Máy tính\facial-emotion-viz\data\raw\disgust\reg_img127 (10).jpg,disgust
C:\Users\mainh\OneDrive\Attachments\Máy tính\facial-emotion-viz\data\raw\repression\reg_img25 (2).jpg,repression
C:\Users\mainh\OneDrive\Attachments\Máy tính\facial-emotion-viz\data\raw\disgust\reg_img89 (21).jpg,disgust
C:\Users\mainh\OneDrive\Attachments\Máy tính\facial-emotion-viz\data\raw\surprise\reg_img79 (6).jpg,surprise
C:\Users\mainh\OneDrive\Attachments\Máy tính\facial-emotion-viz\data\raw\surprise\reg_img155 (2).jpg,surprise
C:\Users\mainh\OneDrive\Attachments\Máy tính\facial-emotion-viz\data\raw\repression\reg_img6.jpg,repression
C:\Users\mainh\OneDrive\Attachments\Máy tính\facial-emotion-viz\data\raw\sadness\reg_img51 (2).jpg,sadness
C:\Users\mainh\OneDrive\Attachments\Máy tính\facial-emotion-viz\data\raw\repression\reg_img70 (4).jpg,repression
C:\Users\mainh\OneDrive\Attachments\Máy tính\facial-emotion-viz\data\raw\sadness\reg_img326.jpg,sadness
C:\Users\mainh\OneDrive\Attachments\Máy tính\facial-emotion-viz\data\raw\repression\reg_img141 (6).jpg,repression
C:\Users\mainh\OneDrive\Attachments\Máy tính\facial-emotion-viz\data\raw\disgust\reg_img96 (3).jpg,disgust
C:\Users\mainh\OneDrive\Attachments\Máy tính\facial-emotion-viz\data\raw\disgust\reg_img65 (14).jpg,disgust
C:\Users\mainh\OneDrive\Attachments\Máy tính\facial-emotion-viz\data\raw\repression\reg_img95 (14).jpg,repression
C:\Users\mainh\OneDrive\Attachments\Máy tính\facial-emotion-viz\data\raw\disgust\reg_img188.jpg,disgust
C:\Users\mainh\OneDrive\Attachments\Máy tính\facial-emotion-viz\data\raw\repression\reg_img82 (9).jpg,repression
C:\Users\mainh\OneDrive\Attachments\Máy tính\facial-emotion-viz\data\raw\repression\reg_img144 (11).jpg,repression
C:\Users\mainh\OneDrive\Attachments\Máy tính\facial-emotion-viz\data\raw\disgust\reg_img124 (5).jpg,disgust
C:\Users\mainh\OneDrive\Attachments\Máy tính\facial-emotion-viz\data\raw\disgust\reg_img98 (31).jpg,disgust
C:\Users\mainh\OneDrive\Attachments\Máy tính\facial-emotion-viz\data\raw\happiness\reg_img226.jpg,happiness
C:\Users\mainh\OneDrive\Attachments\Máy tính\facial-emotion-viz\data\raw\disgust\reg_img70 (3).jpg,disgust
C:\Users\mainh\OneDrive\Attachments\Máy tính\facial-emotion-viz\data\raw\disgust\reg_img41 (3).jpg,disgust
C:\Users\mainh\OneDrive\Attachments\Máy tính\facial-emotion-viz\data\raw\disgust\reg_img41 (9).jpg,disgust
C:\Users\mainh\OneDrive\Attachments\Máy tính\facial-emotion-viz\data\raw\surprise\reg_img91 (14).jpg,surprise
C:\Users\mainh\OneDrive\Attachments\Máy tính\facial-emotion-viz\data\raw\happiness\reg_img97 (8).jpg,happiness
C:\Users\mainh\OneDrive\Attachments\Máy tính\facial-emotion-viz\data\raw\surprise\reg_img87 (3).jpg,surprise
C:\Users\mainh\OneDrive\Attachments\Máy tính\facial-emotion-viz\data\raw\repression\reg_img181 (3).jpg,repression
C:\Users\mainh\OneDrive\Attachments\Máy tính\facial-emotion-viz\data\raw\fear\reg_img34.jpg,fear
C:\Users\mainh\OneDrive\Attachments\Máy tính\facial-emotion-viz\data\raw\disgust\reg_img27 (10).jpg,disgust
C:\Users\mainh\OneDrive\Attachments\Máy tính\facial-emotion-viz\data\raw\disgust\reg_img18 (5).jpg,disgust
C:\Users\mainh\OneDrive\Attachments\Máy tính\facial-emotion-viz\data\raw\surprise\reg_img155.jpg,surprise
C:\Users\mainh\OneDrive\Attachments\Máy tính\facial-emotion-viz\data\raw\surprise\reg_img74 (2).jpg,surprise
C:\Users\mainh\OneDrive\Attachments\Máy tính\facial-emotion-viz\data\raw\disgust\reg_img77 (35).jpg,disgust
C:\Users\mainh\OneDrive\Attachments\Máy tính\facial-emotion-viz\data\raw\disgust\reg_img50 (18).jpg,disgust
C:\Users\mainh\OneDrive\Attachments\Máy tính\facial-emotion-viz\data\raw\happiness\reg_img78.jpg,happiness
C:\Users\mainh\OneDrive\Attachments\Máy tính\facial-emotion-viz\data\raw\surprise\reg_img88 (16).jpg,surprise
C:\Users\mainh\OneDrive\Attachments\Máy tính\facial-emotion-viz\data\raw\disgust\reg_img98.jpg,disgust
C:\Users\mainh\OneDrive\Attachments\Máy tính\facial-emotion-viz\data\raw\disgust\reg_img88 (13).jpg,disgust
C:\Users\mainh\OneDrive\Attachments\Máy tính\facial-emotion-viz\data\raw\happiness\reg_img95 (10).jpg,happiness
C:\Users\mainh\OneDrive\Attachments\Máy tính\facial-emotion-viz\data\raw\disgust\reg_img111 (18).jpg,disgust
C:\Users\mainh\OneDrive\Attachments\Máy tính\facial-emotion-viz\data\raw\disgust\reg_img150 (10).jpg,disgust
C:\Users\mainh\OneDrive\Attachments\Máy tính\facial-emotion-viz\data\raw\happiness\reg_img65 (19).jpg,happiness
C:\Users\mainh\OneDrive\Attachments\Máy tính\facial-emotion-viz\data\raw\repression\reg_img113 (10).jpg,repression
C:\Users\mainh\OneDrive\Attachments\Máy tính\facial-emotion-viz\data\raw\happiness\reg_img36 (2).jpg,happiness
C:\Users\mainh\OneDrive\Attachments\Máy tính\facial-emotion-viz\data\raw\disgust\reg_img61 (7).jpg,disgust
C:\Users\mainh\OneDrive\Attachments\Máy tính\facial-emotion-viz\data\raw\happiness\reg_img86 (8).jpg,happiness
C:\Users\mainh\OneDrive\Attachments\Máy tính\facial-emotion-viz\data\raw\surprise\reg_img87 (6).jpg,surprise
C:\Users\mainh\OneDrive\Attachments\Máy tính\facial-emotion-viz\data\raw\disgust\reg_img21 (12).jpg,disgust
C:\Users\mainh\OneDrive\Attachments\Máy tính\facial-emotion-viz\data\raw\disgust\reg_img291.jpg,disgust
C:\Users\mainh\OneDrive\Attachments\Máy tính\facial-emotion-viz\data\raw\disgust\reg_img150 (11).jpg,disgust
C:\Users\mainh\OneDrive\Attachments\Máy tính\facial-emotion-viz\data\raw\repression\reg_img109 (5).jpg,repression
C:\Users\mainh\OneDrive\Attachments\Máy tính\facial-emotion-viz\data\raw\disgust\reg_img85 (2).jpg,disgust
C:\Users\mainh\OneDrive\Attachments\Máy tính\facial-emotion-viz\data\raw\surprise\reg_img137 (4).jpg,surprise
C:\Users\mainh\OneDrive\Attachments\Máy tính\facial-emotion-viz\data\raw\disgust\reg_img78 (18).jpg,disgust
C:\Users\mainh\OneDrive\Attachments\Máy tính\facial-emotion-viz\data\raw\surprise\reg_img70 (14).jpg,surprise
C:\Users\mainh\OneDrive\Attachments\Máy tính\facial-emotion-viz\data\raw\happiness\reg_img116 (12).jpg,happiness
C:\Users\mainh\OneDrive\Attachments\Máy tính\facial-emotion-viz\data\raw\surprise\reg_img109 (4).jpg,surprise
C:\Users\mainh\OneDrive\Attachments\Máy tính\facial-emotion-viz\data\raw\repression\reg_img128 (8).jpg,repression
C:\Users\mainh\OneDrive\Attachments\Máy tính\facial-emotion-viz\data\raw\happiness\reg_img162 (3).jpg,happiness
C:\Users\mainh\OneDrive\Attachments\Máy tính\facial-emotion-viz\data\raw\happiness\reg_img75 (6).jpg,happiness
C:\Users\mainh\OneDrive\Attachments\Máy tính\facial-emotion-viz\data\raw\surprise\reg_img76 (16).jpg,surprise
C:\Users\mainh\OneDrive\Attachments\Máy tính\facial-emotion-viz\data\raw\surprise\reg_img56 (6).jpg,surprise
C:\Users\mainh\OneDrive\Attachments\Máy tính\facial-emotion-viz\data\raw\repression\reg_img63 (12).jpg,repression
C:\Users\mainh\OneDrive\Attachments\Máy tính\facial-emotion-viz\data\raw\disgust\reg_img86 (21).jpg,disgust
C:\Users\mainh\OneDrive\Attachments\Máy tính\facial-emotion-viz\data\raw\fear\reg_img114.jpg,fear
C:\Users\mainh\OneDrive\Attachments\Máy tính\facial-emotion-viz\data\raw\disgust\reg_img19 (6).jpg,disgust
C:\Users\mainh\OneDrive\Attachments\Máy tính\facial-emotion-viz\data\raw\disgust\reg_img117 (25).jpg,disgust
C:\Users\mainh\OneDrive\Attachments\Máy tính\facial-emotion-viz\data\raw\happiness\reg_img66 (10).jpg,happiness
C:\Users\mainh\OneDrive\Attachments\Máy tính\facial-emotion-viz\data\raw\repression\reg_img58 (5).jpg,repression
C:\Users\mainh\OneDrive\Attachments\Máy tính\facial-emotion-viz\data\raw\happiness\reg_img149 (3).jpg,happiness
C:\Users\mainh\OneDrive\Attachments\Máy tính\facial-emotion-viz\data\raw\disgust\reg_img30 (12).jpg,disgust
C:\Users\mainh\OneDrive\Attachments\Máy tính\facial-emotion-viz\data\raw\repression\reg_img227 (2).jpg,repression
C:\Users\mainh\OneDrive\Attachments\Máy tính\facial-emotion-viz\data\raw\surprise\reg_img95 (10).jpg,surprise
C:\Users\mainh\OneDrive\Attachments\Máy tính\facial-emotion-viz\data\raw\repression\reg_img170 (5).jpg,repression
C:\Users\mainh\OneDrive\Attachments\Máy tính\facial-emotion-viz\data\raw\disgust\reg_img105 (29).jpg,disgust
C:\Users\mainh\OneDrive\Attachments\Máy tính\facial-emotion-viz\data\raw\repression\reg_img168 (4).jpg,repression
C:\Users\mainh\OneDrive\Attachments\Máy tính\facial-emotion-viz\data\raw\disgust\reg_img114 (3).jpg,disgust
C:\Users\mainh\OneDrive\Attachments\Máy tính\facial-emotion-viz\data\raw\happiness\reg_img55 (7).jpg,happiness
C:\Users\mainh\OneDrive\Attachments\Máy tính\facial-emotion-viz\data\raw\disgust\reg_img93 (32).jpg,disgust
C:\Users\mainh\OneDrive\Attachments\Máy tính\facial-emotion-viz\data\raw\disgust\reg_img116 (18).jpg,disgust
C:\Users\mainh\OneDrive\Attachments\Máy tính\facial-emotion-viz\data\raw\happiness\reg_img47 (13).jpg,happiness
C:\Users\mainh\OneDrive\Attachments\Máy tính\facial-emotion-viz\data\raw\repression\reg_img72 (10).jpg,repression
C:\Users\mainh\OneDrive\Attachments\Máy tính\facial-emotion-viz\data\raw\repression\reg_img248.jpg,repression
C:\Users\mainh\OneDrive\Attachments\Máy tính\facial-emotion-viz\data\raw\surprise\reg_img124.jpg,surprise
C:\Users\mainh\OneDrive\Attachments\Máy tính\facial-emotion-viz\data\raw\happiness\reg_img90 (12).jpg,happiness
C:\Users\mainh\OneDrive\Attachments\Máy tính\facial-emotion-viz\data\raw\disgust\reg_img48 (17).jpg,disgust
C:\Users\mainh\OneDrive\Attachments\Máy tính\facial-emotion-viz\data\raw\repression\reg_img103 (9).jpg,repression
C:\Users\mainh\OneDrive\Attachments\Máy tính\facial-emotion-viz\data\raw\happiness\reg_img89 (10).jpg,happiness
C:\Users\mainh\OneDrive\Attachments\Máy tính\facial-emotion-viz\data\raw\repression\reg_img69 (5).jpg,repression
C:\Users\mainh\OneDrive\Attachments\Máy tính\facial-emotion-viz\data\raw\repression\reg_img253.jpg,repression
C:\Users\mainh\OneDrive\Attachments\Máy tính\facial-emotion-viz\data\raw\happiness\reg_img37 (2).jpg,happiness
C:\Users\mainh\OneDrive\Attachments\Máy tính\facial-emotion-viz\data\raw\surprise\reg_img93 (6).jpg,surprise
C:\Users\mainh\OneDrive\Attachments\Máy tính\facial-emotion-viz\data\raw\surprise\reg_img81 (9).jpg,surprise
C:\Users\mainh\OneDrive\Attachments\Máy tính\facial-emotion-viz\data\raw\surprise\reg_img65 (10).jpg,surprise
C:\Users\mainh\OneDrive\Attachments\Máy tính\facial-emotion-viz\data\raw\disgust\reg_img104 (21).jpg,disgust
C:\Users\mainh\OneDrive\Attachments\Máy tính\facial-emotion-viz\data\raw\repression\reg_img53.jpg,repression
C:\Users\mainh\OneDrive\Attachments\Máy tính\facial-emotion-viz\data\raw\disgust\reg_img68 (30).jpg,disgust
C:\Users\mainh\OneDrive\Attachments\Máy tính\facial-emotion-viz\data\raw\repression\reg_img148 (6).jpg,repression
C:\Users\mainh\OneDrive\Attachments\Máy tính\facial-emotion-viz\data\raw\repression\reg_img28 (4).jpg,repression
C:\Users\mainh\OneDrive\Attachments\Máy tính\facial-emotion-viz\data\raw\disgust\reg_img69 (16).jpg,disgust
C:\Users\mainh\OneDrive\Attachments\Máy tính\facial-emotion-viz\data\raw\disgust\reg_img46 (11).jpg,disgust
C:\Users\mainh\OneDrive\Attachments\Máy tính\facial-emotion-viz\data\raw\disgust\reg_img128 (7).jpg,disgust
C:\Users\mainh\OneDrive\Attachments\Máy tính\facial-emotion-viz\data\raw\disgust\reg_img98 (36).jpg,disgust
C:\Users\mainh\OneDrive\Attachments\Máy tính\facial-emotion-viz\data\raw\surprise\reg_img69 (7).jpg,surprise
C:\Users\mainh\OneDrive\Attachments\Máy tính\facial-emotion-viz\data\raw\repression\reg_img79 (3).jpg,repression
C:\Users\mainh\OneDrive\Attachments\Máy tính\facial-emotion-viz\data\raw\surprise\reg_img118.jpg,surprise
C:\Users\mainh\OneDrive\Attachments\Máy tính\facial-emotion-viz\data\raw\surprise\reg_img111 (10).jpg,surprise
C:\Users\mainh\OneDrive\Attachments\Máy tính\facial-emotion-viz\data\raw\disgust\reg_img108 (27).jpg,disgust
C:\Users\mainh\OneDrive\Attachments\Máy tính\facial-emotion-viz\data\raw\disgust\reg_img286.jpg,disgust
C:\Users\mainh\OneDrive\Attachments\Máy tính\facial-emotion-viz\data\raw\disgust\reg_img80 (26).jpg,disgust
C:\Users\mainh\OneDrive\Attachments\Máy tính\facial-emotion-viz\data\raw\disgust\reg_img30.jpg,disgust
C:\Users\mainh\OneDrive\Attachments\Máy tính\facial-emotion-viz\data\raw\repression\reg_img55 (13).jpg,repression
C:\Users\mainh\OneDrive\Attachments\Máy tính\facial-emotion-viz\data\raw\happiness\reg_img64 (7).jpg,happiness
C:\Users\mainh\OneDrive\Attachments\Máy tính\facial-emotion-viz\data\raw\disgust\reg_img80 (39).jpg,disgust
C:\Users\mainh\OneDrive\Attachments\Máy tính\facial-emotion-viz\data\raw\disgust\reg_img314.jpg,disgust
C:\Users\mainh\OneDrive\Attachments\Máy tính\facial-emotion-viz\data\raw\repression\reg_img78 (7).jpg,repression
C:\Users\mainh\OneDrive\Attachments\Máy tính\facial-emotion-viz\data\raw\surprise\reg_img104 (7).jpg,surprise
C:\Users\mainh\OneDrive\Attachments\Máy tính\facial-emotion-viz\data\raw\happiness\reg_img87 (5).jpg,happiness
C:\Users\mainh\OneDrive\Attachments\Máy tính\facial-emotion-viz\data\raw\surprise\reg_img75 (10).jpg,surprise
C:\Users\mainh\OneDrive\Attachments\Máy tính\facial-emotion-viz\data\raw\disgust\reg_img52.jpg,disgust
C:\Users\mainh\OneDrive\Attachments\Máy tính\facial-emotion-viz\data\raw\happiness\reg_img16.jpg,happiness
C:\Users\mainh\OneDrive\Attachments\Máy tính\facial-emotion-viz\data\raw\happiness\reg_img231 (2).jpg,happiness
C:\Users\mainh\OneDrive\Attachments\Máy tính\facial-emotion-viz\data\raw\happiness\reg_img95 (2).jpg,happiness
C:\Users\mainh\OneDrive\Attachments\Máy tính\facial-emotion-viz\data\raw\fear\reg_img77.jpg,fear
C:\Users\mainh\OneDrive\Attachments\Máy tính\facial-emotion-viz\data\raw\happiness\reg_img44 (14).jpg,happiness
C:\Users\mainh\OneDrive\Attachments\Máy tính\facial-emotion-viz\data\raw\repression\reg_img74.jpg,repression
C:\Users\mainh\OneDrive\Attachments\Máy tính\facial-emotion-viz\data\raw\surprise\reg_img56 (10).jpg,surprise
C:\Users\mainh\OneDrive\Attachments\Máy tính\facial-emotion-viz\data\raw\repression\reg_img97 (7).jpg,repression
C:\Users\mainh\OneDrive\Attachments\Máy tính\facial-emotion-viz\data\raw\surprise\reg_img115 (9).jpg,surprise
C:\Users\mainh\OneDrive\Attachments\Máy tính\facial-emotion-viz\data\raw\happiness\reg_img53 (7).jpg,happiness
C:\Users\mainh\OneDrive\Attachments\Máy tính\facial-emotion-viz\data\raw\surprise\reg_img100 (3).jpg,surprise
C:\Users\mainh\OneDrive\Attachments\Máy tính\facial-emotion-viz\data\raw\happiness\reg_img48 (15).jpg,happiness
C:\Users\mainh\OneDrive\Attachments\Máy tính\facial-emotion-viz\data\raw\happiness\reg_img107 (15).jpg,happiness
C:\Users\mainh\OneDrive\Attachments\Máy tính\facial-emotion-viz\data\raw\disgust\reg_img113 (22).jpg,disgust
C:\Users\mainh\OneDrive\Attachments\Máy tính\facial-emotion-viz\data\raw\repression\reg_img16 (4).jpg,repression
C:\Users\mainh\OneDrive\Attachments\Máy tính\facial-emotion-viz\data\raw\surprise\reg_img43 (8).jpg,surprise
C:\Users\mainh\OneDrive\Attachments\Máy tính\facial-emotion-viz\data\raw\disgust\reg_img167 (3).jpg,disgust
C:\Users\mainh\OneDrive\Attachments\Máy tính\facial-emotion-viz\data\raw\disgust\reg_img70 (14).jpg,disgust
C:\Users\mainh\OneDrive\Attachments\Máy tính\facial-emotion-viz\data\raw\happiness\reg_img57 (15).jpg,happiness
C:\Users\mainh\OneDrive\Attachments\Máy tính\facial-emotion-viz\data\raw\happiness\reg_img18 (2).jpg,happiness
C:\Users\mainh\OneDrive\Attachments\Máy tính\facial-emotion-viz\data\raw\surprise\reg_img98 (3).jpg,surprise
C:\Users\mainh\OneDrive\Attachments\Máy tính\facial-emotion-viz\data\raw\repression\reg_img127 (2).jpg,repression
C:\Users\mainh\OneDrive\Attachments\Máy tính\facial-emotion-viz\data\raw\repression\reg_img179 (3).jpg,repression
C:\Users\mainh\OneDrive\Attachments\Máy tính\facial-emotion-viz\data\raw\disgust\reg_img100 (35).jpg,disgust
C:\Users\mainh\OneDrive\Attachments\Máy tính\facial-emotion-viz\data\raw\happiness\reg_img90 (18).jpg,happiness
C:\Users\mainh\OneDrive\Attachments\Máy tính\facial-emotion-viz\data\raw\happiness\reg_img49 (9).jpg,happiness
C:\Users\mainh\OneDrive\Attachments\Máy tính\facial-emotion-viz\data\raw\surprise\reg_img59 (11).jpg,surprise
C:\Users\mainh\OneDrive\Attachments\Máy tính\facial-emotion-viz\data\raw\disgust\reg_img194 (3).jpg,disgust
C:\Users\mainh\OneDrive\Attachments\Máy tính\facial-emotion-viz\data\raw\sadness\reg_img342.jpg,sadness
C:\Users\mainh\OneDrive\Attachments\Máy tính\facial-emotion-viz\data\raw\disgust\reg_img28 (8).jpg,disgust
C:\Users\mainh\OneDrive\Attachments\Máy tính\facial-emotion-viz\data\raw\happiness\reg_img68 (5).jpg,happiness
C:\Users\mainh\OneDrive\Attachments\Máy tính\facial-emotion-viz\data\raw\happiness\reg_img63 (6).jpg,happiness
C:\Users\mainh\OneDrive\Attachments\Máy tính\facial-emotion-viz\data\raw\disgust\reg_img82 (22).jpg,disgust
C:\Users\mainh\OneDrive\Attachments\Máy tính\facial-emotion-viz\data\raw\disgust\reg_img32 (18).jpg,disgust
C:\Users\mainh\OneDrive\Attachments\Máy tính\facial-emotion-viz\data\raw\happiness\reg_img134 (7).jpg,happiness
C:\Users\mainh\OneDrive\Attachments\Máy tính\facial-emotion-viz\data\raw\surprise\reg_img135 (4).jpg,surprise
C:\Users\mainh\OneDrive\Attachments\Máy tính\facial-emotion-viz\data\raw\surprise\reg_img62.jpg,surprise
C:\Users\mainh\OneDrive\Attachments\Máy tính\facial-emotion-viz\data\raw\happiness\reg_img52 (14).jpg,happiness
C:\Users\mainh\OneDrive\Attachments\Máy tính\facial-emotion-viz\data\raw\surprise\reg_img120.jpg,surprise
C:\Users\mainh\OneDrive\Attachments\Máy tính\facial-emotion-viz\data\raw\happiness\reg_img107 (12).jpg,happiness
C:\Users\mainh\OneDrive\Attachments\Máy tính\facial-emotion-viz\data\raw\disgust\reg_img27 (7).jpg,disgust
C:\Users\mainh\OneDrive\Attachments\Máy tính\facial-emotion-viz\data\raw\disgust\reg_img104 (29).jpg,disgust
C:\Users\mainh\OneDrive\Attachments\Máy tính\facial-emotion-viz\data\raw\surprise\reg_img41 (5).jpg,surprise
C:\Users\mainh\OneDrive\Attachments\Máy tính\facial-emotion-viz\data\raw\surprise\reg_img131.jpg,surprise
C:\Users\mainh\OneDrive\Attachments\Máy tính\facial-emotion-viz\data\raw\happiness\reg_img96 (10).jpg,happiness
C:\Users\mainh\OneDrive\Attachments\Máy tính\facial-emotion-viz\data\raw\surprise\reg_img64 (11).jpg,surprise
C:\Users\mainh\OneDrive\Attachments\Máy tính\facial-emotion-viz\data\raw\happiness\reg_img78 (14).jpg,happiness
C:\Users\mainh\OneDrive\Attachments\Máy tính\facial-emotion-viz\data\raw\surprise\reg_img62 (7).jpg,surprise
C:\Users\mainh\OneDrive\Attachments\Máy tính\facial-emotion-viz\data\raw\disgust\reg_img32 (3).jpg,disgust
C:\Users\mainh\OneDrive\Attachments\Máy tính\facial-emotion-viz\data\raw\happiness\reg_img106 (9).jpg,happiness
C:\Users\mainh\OneDrive\Attachments\Máy tính\facial-emotion-viz\data\raw\disgust\reg_img51 (32).jpg,disgust
C:\Users\mainh\OneDrive\Attachments\Máy tính\facial-emotion-viz\data\raw\repression\reg_img100.jpg,repression
C:\Users\mainh\OneDrive\Attachments\Máy tính\facial-emotion-viz\data\raw\repression\reg_img145 (10).jpg,repression
C:\Users\mainh\OneDrive\Attachments\Máy tính\facial-emotion-viz\data\raw\repression\reg_img141 (10).jpg,repression
C:\Users\mainh\OneDrive\Attachments\Máy tính\facial-emotion-viz\data\raw\disgust\reg_img107 (11).jpg,disgust
C:\Users\mainh\OneDrive\Attachments\Máy tính\facial-emotion-viz\data\raw\happiness\reg_img79 (21).jpg,happiness
C:\Users\mainh\OneDrive\Attachments\Máy tính\facial-emotion-viz\data\raw\happiness\reg_img23 (6).jpg,happiness
C:\Users\mainh\OneDrive\Attachments\Máy tính\facial-emotion-viz\data\raw\disgust\reg_img110 (23).jpg,disgust
C:\Users\mainh\OneDrive\Attachments\Máy tính\facial-emotion-viz\data\raw\disgust\reg_img110 (2).jpg,disgust
C:\Users\mainh\OneDrive\Attachments\Máy tính\facial-emotion-viz\data\raw\repression\reg_img123 (9).jpg,repression
C:\Users\mainh\OneDrive\Attachments\Máy tính\facial-emotion-viz\data\raw\happiness\reg_img47 (16).jpg,happiness
C:\Users\mainh\OneDrive\Attachments\Máy tính\facial-emotion-viz\data\raw\surprise\reg_img58 (11).jpg,surprise
C:\Users\mainh\OneDrive\Attachments\Máy tính\facial-emotion-viz\data\raw\happiness\reg_img127 (4).jpg,happiness
C:\Users\mainh\OneDrive\Attachments\Máy tính\facial-emotion-viz\data\raw\disgust\reg_img72 (26).jpg,disgust
C:\Users\mainh\OneDrive\Attachments\Máy tính\facial-emotion-viz\data\raw\repression\reg_img36 (10).jpg,repression
C:\Users\mainh\OneDrive\Attachments\Máy tính\facial-emotion-viz\data\raw\surprise\reg_img88 (15).jpg,surprise
C:\Users\mainh\OneDrive\Attachments\Máy tính\facial-emotion-viz\data\raw\happiness\reg_img31 (9).jpg,happiness
C:\Users\mainh\OneDrive\Attachments\Máy tính\facial-emotion-viz\data\raw\repression\reg_img85 (3).jpg,repression
C:\Users\mainh\OneDrive\Attachments\Máy tính\facial-emotion-viz\data\raw\disgust\reg_img444.jpg,disgust
C:\Users\mainh\OneDrive\Attachments\Máy tính\facial-emotion-viz\data\raw\disgust\reg_img77 (7).jpg,disgust
C:\Users\mainh\OneDrive\Attachments\Máy tính\facial-emotion-viz\data\raw\disgust\reg_img57 (13).jpg,disgust
C:\Users\mainh\OneDrive\Attachments\Máy tính\facial-emotion-viz\data\raw\repression\reg_img123 (14).jpg,repression
C:\Users\mainh\OneDrive\Attachments\Máy tính\facial-emotion-viz\data\raw\surprise\reg_img90 (11).jpg,surprise
C:\Users\mainh\OneDrive\Attachments\Máy tính\facial-emotion-viz\data\raw\happiness\reg_img71 (3).jpg,happiness
C:\Users\mainh\OneDrive\Attachments\Máy tính\facial-emotion-viz\data\raw\disgust\reg_img372.jpg,disgust
C:\Users\mainh\OneDrive\Attachments\Máy tính\facial-emotion-viz\data\raw\disgust\reg_img67 (3).jpg,disgust
C:\Users\mainh\OneDrive\Attachments\Máy tính\facial-emotion-viz\data\raw\repression\reg_img115.jpg,repression
C:\Users\mainh\OneDrive\Attachments\Máy tính\facial-emotion-viz\data\raw\disgust\reg_img98 (9).jpg,disgust
C:\Users\mainh\OneDrive\Attachments\Máy tính\facial-emotion-viz\data\raw\happiness\reg_img96 (20).jpg,happiness
C:\Users\mainh\OneDrive\Attachments\Máy tính\facial-emotion-viz\data\raw\disgust\reg_img53 (13).jpg,disgust
C:\Users\mainh\OneDrive\Attachments\Máy tính\facial-emotion-viz\data\raw\disgust\reg_img143 (11).jpg,disgust
C:\Users\mainh\OneDrive\Attachments\Máy tính\facial-emotion-viz\data\raw\surprise\reg_img70 (10).jpg,surprise
C:\Users\mainh\OneDrive\Attachments\Máy tính\facial-emotion-viz\data\raw\disgust\reg_img140 (7).jpg,disgust
C:\Users\mainh\OneDrive\Attachments\Máy tính\facial-emotion-viz\data\raw\happiness\reg_img68 (2).jpg,happiness
C:\Users\mainh\OneDrive\Attachments\Máy tính\facial-emotion-viz\data\raw\disgust\reg_img90 (29).jpg,disgust
C:\Users\mainh\OneDrive\Attachments\Máy tính\facial-emotion-viz\data\raw\surprise\reg_img178 (2).jpg,surprise
C:\Users\mainh\OneDrive\Attachments\Máy tính\facial-emotion-viz\data\raw\surprise\reg_img105 (5).jpg,surprise
C:\Users\mainh\OneDrive\Attachments\Máy tính\facial-emotion-viz\data\raw\happiness\reg_img178 (2).jpg,happiness
C:\Users\mainh\OneDrive\Attachments\Máy tính\facial-emotion-viz\data\raw\disgust\reg_img79 (37).jpg,disgust
C:\Users\mainh\OneDrive\Attachments\Máy tính\facial-emotion-viz\data\raw\surprise\reg_img87 (11).jpg,surprise
C:\Users\mainh\OneDrive\Attachments\Máy tính\facial-emotion-viz\data\raw\surprise\reg_img89 (2).jpg,surprise
C:\Users\mainh\OneDrive\Attachments\Máy tính\facial-emotion-viz\data\raw\disgust\reg_img59 (11).jpg,disgust
C:\Users\mainh\OneDrive\Attachments\Máy tính\facial-emotion-viz\data\raw\disgust\reg_img135.jpg,disgust
C:\Users\mainh\OneDrive\Attachments\Máy tính\facial-emotion-viz\data\raw\happiness\reg_img98 (20).jpg,happiness
C:\Users\mainh\OneDrive\Attachments\Máy tính\facial-emotion-viz\data\raw\disgust\reg_img57 (10).jpg,disgust
C:\Users\mainh\OneDrive\Attachments\Máy tính\facial-emotion-viz\data\raw\happiness\reg_img43 (12).jpg,happiness
C:\Users\mainh\OneDrive\Attachments\Máy tính\facial-emotion-viz\data\raw\disgust\reg_img84 (36).jpg,disgust
C:\Users\mainh\OneDrive\Attachments\Máy tính\facial-emotion-viz\data\raw\disgust\reg_img122 (18).jpg,disgust
C:\Users\mainh\OneDrive\Attachments\Máy tính\facial-emotion-viz\data\raw\disgust\reg_img16.jpg,disgust
C:\Users\mainh\OneDrive\Attachments\Máy tính\facial-emotion-viz\data\raw\repression\reg_img92 (13).jpg,repression
C:\Users\mainh\OneDrive\Attachments\Máy tính\facial-emotion-viz\data\raw\happiness\reg_img103 (14).jpg,happiness
C:\Users\mainh\OneDrive\Attachments\Máy tính\facial-emotion-viz\data\raw\disgust\reg_img73 (33).jpg,disgust
C:\Users\mainh\OneDrive\Attachments\Máy tính\facial-emotion-viz\data\raw\happiness\reg_img235 (2).jpg,happiness
C:\Users\mainh\OneDrive\Attachments\Máy tính\facial-emotion-viz\data\raw\repression\reg_img128 (10).jpg,repression
C:\Users\mainh\OneDrive\Attachments\Máy tính\facial-emotion-viz\data\raw\disgust\reg_img99.jpg,disgust
C:\Users\mainh\OneDrive\Attachments\Máy tính\facial-emotion-viz\data\raw\surprise\reg_img130 (8).jpg,surprise
C:\Users\mainh\OneDrive\Attachments\Máy tính\facial-emotion-viz\data\raw\repression\reg_img107 (5).jpg,repression
C:\Users\mainh\OneDrive\Attachments\Máy tính\facial-emotion-viz\data\raw\repression\reg_img111 (9).jpg,repression
C:\Users\mainh\OneDrive\Attachments\Máy tính\facial-emotion-viz\data\raw\repression\reg_img45.jpg,repression
C:\Users\mainh\OneDrive\Attachments\Máy tính\facial-emotion-viz\data\raw\happiness\reg_img78 (17).jpg,happiness
C:\Users\mainh\OneDrive\Attachments\Máy tính\facial-emotion-viz\data\raw\surprise\reg_img61 (14).jpg,surprise
C:\Users\mainh\OneDrive\Attachments\Máy tính\facial-emotion-viz\data\raw\repression\reg_img68.jpg,repression
C:\Users\mainh\OneDrive\Attachments\Máy tính\facial-emotion-viz\data\raw\disgust\reg_img67 (10).jpg,disgust
C:\Users\mainh\OneDrive\Attachments\Máy tính\facial-emotion-viz\data\raw\happiness\reg_img61 (17).jpg,happiness
C:\Users\mainh\OneDrive\Attachments\Máy tính\facial-emotion-viz\data\raw\surprise\reg_img108 (8).jpg,surprise
C:\Users\mainh\OneDrive\Attachments\Máy tính\facial-emotion-viz\data\raw\disgust\reg_img112 (2).jpg,disgust
C:\Users\mainh\OneDrive\Attachments\Máy tính\facial-emotion-viz\data\raw\repression\reg_img34 (3).jpg,repression
C:\Users\mainh\OneDrive\Attachments\Máy tính\facial-emotion-viz\data\raw\repression\reg_img84 (4).jpg,repression
C:\Users\mainh\OneDrive\Attachments\Máy tính\facial-emotion-viz\data\raw\happiness\reg_img124 (2).jpg,happiness
C:\Users\mainh\OneDrive\Attachments\Máy tính\facial-emotion-viz\data\raw\disgust\reg_img172.jpg,disgust
C:\Users\mainh\OneDrive\Attachments\Máy tính\facial-emotion-viz\data\raw\happiness\reg_img90 (5).jpg,happiness
C:\Users\mainh\OneDrive\Attachments\Máy tính\facial-emotion-viz\data\raw\surprise\reg_img86 (11).jpg,surprise
C:\Users\mainh\OneDrive\Attachments\Máy tính\facial-emotion-viz\data\raw\disgust\reg_img70 (15).jpg,disgust
C:\Users\mainh\OneDrive\Attachments\Máy tính\facial-emotion-viz\data\raw\happiness\reg_img270.jpg,happiness
C:\Users\mainh\OneDrive\Attachments\Máy tính\facial-emotion-viz\data\raw\disgust\reg_img55 (27).jpg,disgust
C:\Users\mainh\OneDrive\Attachments\Máy tính\facial-emotion-viz\data\raw\repression\reg_img122 (10).jpg,repression
C:\Users\mainh\OneDrive\Attachments\Máy tính\facial-emotion-viz\data\raw\disgust\reg_img87 (37).jpg,disgust
C:\Users\mainh\OneDrive\Attachments\Máy tính\facial-emotion-viz\data\raw\disgust\reg_img61 (28).jpg,disgust
C:\Users\mainh\OneDrive\Attachments\Máy tính\facial-emotion-viz\data\raw\repression\reg_img16 (2).jpg,repression
C:\Users\mainh\OneDrive\Attachments\Máy tính\facial-emotion-viz\data\raw\happiness\reg_img53 (16).jpg,happiness
C:\Users\mainh\OneDrive\Attachments\Máy tính\facial-emotion-viz\data\raw\surprise\reg_img102 (12).jpg,surprise
C:\Users\mainh\OneDrive\Attachments\Máy tính\facial-emotion-viz\data\raw\disgust\reg_img35 (11).jpg,disgust
C:\Users\mainh\OneDrive\Attachments\Máy tính\facial-emotion-viz\data\raw\disgust\reg_img55 (19).jpg,disgust
C:\Users\mainh\OneDrive\Attachments\Máy tính\facial-emotion-viz\data\raw\repression\reg_img57 (2).jpg,repression
C:\Users\mainh\OneDrive\Attachments\Máy tính\facial-emotion-viz\data\raw\disgust\reg_img61 (5).jpg,disgust
C:\Users\mainh\OneDrive\Attachments\Máy tính\facial-emotion-viz\data\raw\surprise\reg_img81 (15).jpg,surprise
C:\Users\mainh\OneDrive\Attachments\Máy tính\facial-emotion-viz\data\raw\happiness\reg_img83.jpg,happiness
C:\Users\mainh\OneDrive\Attachments\Máy tính\facial-emotion-viz\data\raw\disgust\reg_img43 (15).jpg,disgust
C:\Users\mainh\OneDrive\Attachments\Máy tính\facial-emotion-viz\data\raw\repression\reg_img162 (5).jpg,repression
C:\Users\mainh\OneDrive\Attachments\Máy tính\facial-emotion-viz\data\raw\repression\reg_img93 (8).jpg,repression
C:\Users\mainh\OneDrive\Attachments\Máy tính\facial-emotion-viz\data\raw\surprise\reg_img46 (2).jpg,surprise
C:\Users\mainh\OneDrive\Attachments\Máy tính\facial-emotion-viz\data\raw\surprise\reg_img53 (9).jpg,surprise
C:\Users\mainh\OneDrive\Attachments\Máy tính\facial-emotion-viz\data\raw\disgust\reg_img99 (27).jpg,disgust
C:\Users\mainh\OneDrive\Attachments\Máy tính\facial-emotion-viz\data\raw\happiness\reg_img63 (12).jpg,happiness
C:\Users\mainh\OneDrive\Attachments\Máy tính\facial-emotion-viz\data\raw\disgust\reg_img118 (10).jpg,disgust
C:\Users\mainh\OneDrive\Attachments\Máy tính\facial-emotion-viz\data\raw\surprise\reg_img86 (9).jpg,surprise
C:\Users\mainh\OneDrive\Attachments\Máy tính\facial-emotion-viz\data\raw\fear\reg_img92.jpg,fear
C:\Users\mainh\OneDrive\Attachments\Máy tính\facial-emotion-viz\data\raw\disgust\reg_img63 (23).jpg,disgust
C:\Users\mainh\OneDrive\Attachments\Máy tính\facial-emotion-viz\data\raw\happiness\reg_img85 (22).jpg,happiness
C:\Users\mainh\OneDrive\Attachments\Máy tính\facial-emotion-viz\data\raw\happiness\reg_img166 (2).jpg,happiness
C:\Users\mainh\OneDrive\Attachments\Máy tính\facial-emotion-viz\data\raw\repression\reg_img58 (8).jpg,repression
C:\Users\mainh\OneDrive\Attachments\Máy tính\facial-emotion-viz\data\raw\happiness\reg_img83 (16).jpg,happiness
C:\Users\mainh\OneDrive\Attachments\Máy tính\facial-emotion-viz\data\raw\fear\reg_img99.jpg,fear
C:\Users\mainh\OneDrive\Attachments\Máy tính\facial-emotion-viz\data\raw\happiness\reg_img120 (5).jpg,happiness
C:\Users\mainh\OneDrive\Attachments\Máy tính\facial-emotion-viz\data\raw\repression\reg_img33 (6).jpg,repression
C:\Users\mainh\OneDrive\Attachments\Máy tính\facial-emotion-viz\data\raw\surprise\reg_img41 (8).jpg,surprise
C:\Users\mainh\OneDrive\Attachments\Máy tính\facial-emotion-viz\data\raw\disgust\reg_img35 (4).jpg,disgust
C:\Users\mainh\OneDrive\Attachments\Máy tính\facial-emotion-viz\data\raw\happiness\reg_img67 (3).jpg,happiness
C:\Users\mainh\OneDrive\Attachments\Máy tính\facial-emotion-viz\data\raw\happiness\reg_img126 (13).jpg,happiness
C:\Users\mainh\OneDrive\Attachments\Máy tính\facial-emotion-viz\data\raw\disgust\reg_img33 (19).jpg,disgust
C:\Users\mainh\OneDrive\Attachments\Máy tính\facial-emotion-viz\data\raw\repression\reg_img101 (4).jpg,repression
C:\Users\mainh\OneDrive\Attachments\Máy tính\facial-emotion-viz\data\raw\surprise\reg_img113 (6).jpg,surprise
C:\Users\mainh\OneDrive\Attachments\Máy tính\facial-emotion-viz\data\raw\disgust\reg_img98 (18).jpg,disgust
C:\Users\mainh\OneDrive\Attachments\Máy tính\facial-emotion-viz\data\raw\repression\reg_img129.jpg,repression
C:\Users\mainh\OneDrive\Attachments\Máy tính\facial-emotion-viz\data\raw\disgust\reg_img104 (2).jpg,disgust
C:\Users\mainh\OneDrive\Attachments\Máy tính\facial-emotion-viz\data\raw\happiness\reg_img126 (7).jpg,happiness
C:\Users\mainh\OneDrive\Attachments\Máy tính\facial-emotion-viz\data\raw\happiness\reg_img101 (15).jpg,happiness
C:\Users\mainh\OneDrive\Attachments\Máy tính\facial-emotion-viz\data\raw\surprise\reg_img155 (5).jpg,surprise
C:\Users\mainh\OneDrive\Attachments\Máy tính\facial-emotion-viz\data\raw\happiness\reg_img77 (6).jpg,happiness
C:\Users\mainh\OneDrive\Attachments\Máy tính\facial-emotion-viz\data\raw\happiness\reg_img141 (4).jpg,happiness
C:\Users\mainh\OneDrive\Attachments\Máy tính\facial-emotion-viz\data\raw\disgust\reg_img46 (9).jpg,disgust
C:\Users\mainh\OneDrive\Attachments\Máy tính\facial-emotion-viz\data\raw\sadness\reg_img334 (2).jpg,sadness
C:\Users\mainh\OneDrive\Attachments\Máy tính\facial-emotion-viz\data\raw\repression\reg_img126 (13).jpg,repression
C:\Users\mainh\OneDrive\Attachments\Máy tính\facial-emotion-viz\data\raw\disgust\reg_img420.jpg,disgust
C:\Users\mainh\OneDrive\Attachments\Máy tính\facial-emotion-viz\data\raw\surprise\reg_img66 (11).jpg,surprise
C:\Users\mainh\OneDrive\Attachments\Máy tính\facial-emotion-viz\data\raw\sadness\reg_img339 (2).jpg,sadness
C:\Users\mainh\OneDrive\Attachments\Máy tính\facial-emotion-viz\data\raw\disgust\reg_img67 (20).jpg,disgust
C:\Users\mainh\OneDrive\Attachments\Máy tính\facial-emotion-viz\data\raw\disgust\reg_img113 (4).jpg,disgust
C:\Users\mainh\OneDrive\Attachments\Máy tính\facial-emotion-viz\data\raw\disgust\reg_img83 (28).jpg,disgust
C:\Users\mainh\OneDrive\Attachments\Máy tính\facial-emotion-viz\data\raw\disgust\reg_img104 (17).jpg,disgust
C:\Users\mainh\OneDrive\Attachments\Máy tính\facial-emotion-viz\data\raw\happiness\reg_img100 (15).jpg,happiness
C:\Users\mainh\OneDrive\Attachments\Máy tính\facial-emotion-viz\data\raw\disgust\reg_img39 (13).jpg,disgust
C:\Users\mainh\OneDrive\Attachments\Máy tính\facial-emotion-viz\data\raw\disgust\reg_img115 (11).jpg,disgust
C:\Users\mainh\OneDrive\Attachments\Máy tính\facial-emotion-viz\data\raw\disgust\reg_img143 (2).jpg,disgust
C:\Users\mainh\OneDrive\Attachments\Máy tính\facial-emotion-viz\data\raw\fear\reg_img80.jpg,fear
C:\Users\mainh\OneDrive\Attachments\Máy tính\facial-emotion-viz\data\raw\disgust\reg_img382.jpg,disgust
C:\Users\mainh\OneDrive\Attachments\Máy tính\facial-emotion-viz\data\raw\happiness\reg_img51 (5).jpg,happiness
C:\Users\mainh\OneDrive\Attachments\Máy tính\facial-emotion-viz\data\raw\happiness\reg_img81 (2).jpg,happiness
C:\Users\mainh\OneDrive\Attachments\Máy tính\facial-emotion-viz\data\raw\disgust\reg_img155 (2).jpg,disgust
C:\Users\mainh\OneDrive\Attachments\Máy tính\facial-emotion-viz\data\raw\disgust\reg_img102 (5).jpg,disgust
C:\Users\mainh\OneDrive\Attachments\Máy tính\facial-emotion-viz\data\raw\surprise\reg_img47 (5).jpg,surprise
C:\Users\mainh\OneDrive\Attachments\Máy tính\facial-emotion-viz\data\raw\fear\reg_img94.jpg,fear
C:\Users\mainh\OneDrive\Attachments\Máy tính\facial-emotion-viz\data\raw\repression\reg_img150 (9).jpg,repression
C:\Users\mainh\OneDrive\Attachments\Máy tính\facial-emotion-viz\data\raw\disgust\reg_img112 (13).jpg,disgust
C:\Users\mainh\OneDrive\Attachments\Máy tính\facial-emotion-viz\data\raw\repression\reg_img46.jpg,repression
C:\Users\mainh\OneDrive\Attachments\Máy tính\facial-emotion-viz\data\raw\disgust\reg_img45 (2).jpg,disgust
C:\Users\mainh\OneDrive\Attachments\Máy tính\facial-emotion-viz\data\raw\disgust\reg_img105 (22).jpg,disgust
C:\Users\mainh\OneDrive\Attachments\Máy tính\facial-emotion-viz\data\raw\happiness\reg_img167 (2).jpg,happiness
C:\Users\mainh\OneDrive\Attachments\Máy tính\facial-emotion-viz\data\raw\repression\reg_img122 (9).jpg,repression
C:\Users\mainh\OneDrive\Attachments\Máy tính\facial-emotion-viz\data\raw\happiness\reg_img97 (20).jpg,happiness
C:\Users\mainh\OneDrive\Attachments\Máy tính\facial-emotion-viz\data\raw\surprise\reg_img140 (4).jpg,surprise
C:\Users\mainh\OneDrive\Attachments\Máy tính\facial-emotion-viz\data\raw\repression\reg_img131 (10).jpg,repression
C:\Users\mainh\OneDrive\Attachments\Máy tính\facial-emotion-viz\data\raw\happiness\reg_img76 (5).jpg,happiness
C:\Users\mainh\OneDrive\Attachments\Máy tính\facial-emotion-viz\data\raw\disgust\reg_img17 (5).jpg,disgust
C:\Users\mainh\OneDrive\Attachments\Máy tính\facial-emotion-viz\data\raw\disgust\reg_img21 (6).jpg,disgust
C:\Users\mainh\OneDrive\Attachments\Máy tính\facial-emotion-viz\data\raw\happiness\reg_img161 (4).jpg,happiness
C:\Users\mainh\OneDrive\Attachments\Máy tính\facial-emotion-viz\data\raw\disgust\reg_img73 (30).jpg,disgust
C:\Users\mainh\OneDrive\Attachments\Máy tính\facial-emotion-viz\data\raw\surprise\reg_img96 (14).jpg,surprise
C:\Users\mainh\OneDrive\Attachments\Máy tính\facial-emotion-viz\data\raw\happiness\reg_img37 (13).jpg,happiness
C:\Users\mainh\OneDrive\Attachments\Máy tính\facial-emotion-viz\data\raw\disgust\reg_img141 (5).jpg,disgust
C:\Users\mainh\OneDrive\Attachments\Máy tính\facial-emotion-viz\data\raw\fear\reg_img36.jpg,fear
C:\Users\mainh\OneDrive\Attachments\Máy tính\facial-emotion-viz\data\raw\disgust\reg_img50 (14).jpg,disgust
C:\Users\mainh\OneDrive\Attachments\Máy tính\facial-emotion-viz\data\raw\repression\reg_img31 (2).jpg,repression
C:\Users\mainh\OneDrive\Attachments\Máy tính\facial-emotion-viz\data\raw\disgust\reg_img44 (17).jpg,disgust
C:\Users\mainh\OneDrive\Attachments\Máy tính\facial-emotion-viz\data\raw\surprise\reg_img103 (3).jpg,surprise
C:\Users\mainh\OneDrive\Attachments\Máy tính\facial-emotion-viz\data\raw\happiness\reg_img70 (9).jpg,happiness
C:\Users\mainh\OneDrive\Attachments\Máy tính\facial-emotion-viz\data\raw\disgust\reg_img100 (2).jpg,disgust
C:\Users\mainh\OneDrive\Attachments\Máy tính\facial-emotion-viz\data\raw\surprise\reg_img96 (12).jpg,surprise
C:\Users\mainh\OneDrive\Attachments\Máy tính\facial-emotion-viz\data\raw\surprise\reg_img64 (4).jpg,surprise
C:\Users\mainh\OneDrive\Attachments\Máy tính\facial-emotion-viz\data\raw\disgust\reg_img31 (18).jpg,disgust
C:\Users\mainh\OneDrive\Attachments\Máy tính\facial-emotion-viz\data\raw\sadness\reg_img51 (3).jpg,sadness
C:\Users\mainh\OneDrive\Attachments\Máy tính\facial-emotion-viz\data\raw\repression\reg_img72 (3).jpg,repression
C:\Users\mainh\OneDrive\Attachments\Máy tính\facial-emotion-viz\data\raw\happiness\reg_img79 (2).jpg,happiness
C:\Users\mainh\OneDrive\Attachments\Máy tính\facial-emotion-viz\data\raw\surprise\reg_img127.jpg,surprise
C:\Users\mainh\OneDrive\Attachments\Máy tính\facial-emotion-viz\data\raw\disgust\reg_img126 (9).jpg,disgust
C:\Users\mainh\OneDrive\Attachments\Máy tính\facial-emotion-viz\data\raw\disgust\reg_img93 (26).jpg,disgust
C:\Users\mainh\OneDrive\Attachments\Máy tính\facial-emotion-viz\data\raw\happiness\reg_img83 (18).jpg,happiness
C:\Users\mainh\OneDrive\Attachments\Máy tính\facial-emotion-viz\data\raw\disgust\reg_img114 (13).jpg,disgust
C:\Users\mainh\OneDrive\Attachments\Máy tính\facial-emotion-viz\data\raw\disgust\reg_img116 (3).jpg,disgust
C:\Users\mainh\OneDrive\Attachments\Máy tính\facial-emotion-viz\data\raw\happiness\reg_img73 (21).jpg,happiness
C:\Users\mainh\OneDrive\Attachments\Máy tính\facial-emotion-viz\data\raw\disgust\reg_img184.jpg,disgust
C:\Users\mainh\OneDrive\Attachments\Máy tính\facial-emotion-viz\data\raw\repression\reg_img8.jpg,repression
C:\Users\mainh\OneDrive\Attachments\Máy tính\facial-emotion-viz\data\raw\repression\reg_img81 (2).jpg,repression
C:\Users\mainh\OneDrive\Attachments\Máy tính\facial-emotion-viz\data\raw\happiness\reg_img81 (15).jpg,happiness
C:\Users\mainh\OneDrive\Attachments\Máy tính\facial-emotion-viz\data\raw\disgust\reg_img127 (18).jpg,disgust
C:\Users\mainh\OneDrive\Attachments\Máy tính\facial-emotion-viz\data\raw\sadness\reg_img110.jpg,sadness
C:\Users\mainh\OneDrive\Attachments\Máy tính\facial-emotion-viz\data\raw\repression\reg_img135 (6).jpg,repression
C:\Users\mainh\OneDrive\Attachments\Máy tính\facial-emotion-viz\data\raw\disgust\reg_img92 (21).jpg,disgust
C:\Users\mainh\OneDrive\Attachments\Máy tính\facial-emotion-viz\data\raw\disgust\reg_img273.jpg,disgust
C:\Users\mainh\OneDrive\Attachments\Máy tính\facial-emotion-viz\data\raw\happiness\reg_img90 (7).jpg,happiness
C:\Users\mainh\OneDrive\Attachments\Máy tính\facial-emotion-viz\data\raw\surprise\reg_img132 (7).jpg,surprise
C:\Users\mainh\OneDrive\Attachments\Máy tính\facial-emotion-viz\data\raw\repression\reg_img45 (7).jpg,repression
C:\Users\mainh\OneDrive\Attachments\Máy tính\facial-emotion-viz\data\raw\surprise\reg_img100 (8).jpg,surprise
C:\Users\mainh\OneDrive\Attachments\Máy tính\facial-emotion-viz\data\raw\disgust\reg_img106 (31).jpg,disgust
C:\Users\mainh\OneDrive\Attachments\Máy tính\facial-emotion-viz\data\raw\disgust\reg_img127 (5).jpg,disgust
C:\Users\mainh\OneDrive\Attachments\Máy tính\facial-emotion-viz\data\raw\disgust\reg_img98 (24).jpg,disgust
C:\Users\mainh\OneDrive\Attachments\Máy tính\facial-emotion-viz\data\raw\happiness\reg_img144 (5).jpg,happiness
C:\Users\mainh\OneDrive\Attachments\Máy tính\facial-emotion-viz\data\raw\happiness\reg_img65.jpg,happiness
C:\Users\mainh\OneDrive\Attachments\Máy tính\facial-emotion-viz\data\raw\repression\reg_img70 (16).jpg,repression
C:\Users\mainh\OneDrive\Attachments\Máy tính\facial-emotion-viz\data\raw\disgust\reg_img160 (2).jpg,disgust
C:\Users\mainh\OneDrive\Attachments\Máy tính\facial-emotion-viz\data\raw\happiness\reg_img220.jpg,happiness
C:\Users\mainh\OneDrive\Attachments\Máy tính\facial-emotion-viz\data\raw\disgust\reg_img141 (9).jpg,disgust
C:\Users\mainh\OneDrive\Attachments\Máy tính\facial-emotion-viz\data\raw\surprise\reg_img68 (9).jpg,surprise
C:\Users\mainh\OneDrive\Attachments\Máy tính\facial-emotion-viz\data\raw\disgust\reg_img143 (13).jpg,disgust
C:\Users\mainh\OneDrive\Attachments\Máy tính\facial-emotion-viz\data\raw\surprise\reg_img103 (9).jpg,surprise
C:\Users\mainh\OneDrive\Attachments\Máy tính\facial-emotion-viz\data\raw\happiness\reg_img73 (14).jpg,happiness
C:\Users\mainh\OneDrive\Attachments\Máy tính\facial-emotion-viz\data\raw\repression\reg_img225 (2).jpg,repression
C:\Users\mainh\OneDrive\Attachments\Máy tính\facial-emotion-viz\data\raw\surprise\reg_img116 (2).jpg,surprise
C:\Users\mainh\OneDrive\Attachments\Máy tính\facial-emotion-viz\data\raw\happiness\reg_img50 (4).jpg,happiness
C:\Users\mainh\OneDrive\Attachments\Máy tính\facial-emotion-viz\data\raw\surprise\reg_img70 (8).jpg,surprise
C:\Users\mainh\OneDrive\Attachments\Máy tính\facial-emotion-viz\data\raw\surprise\reg_img164.jpg,surprise
C:\Users\mainh\OneDrive\Attachments\Máy tính\facial-emotion-viz\data\raw\happiness\reg_img90 (15).jpg,happiness
C:\Users\mainh\OneDrive\Attachments\Máy tính\facial-emotion-viz\data\raw\repression\reg_img138 (9).jpg,repression
C:\Users\mainh\OneDrive\Attachments\Máy tính\facial-emotion-viz\data\raw\happiness\reg_img81 (6).jpg,happiness
C:\Users\mainh\OneDrive\Attachments\Máy tính\facial-emotion-viz\data\raw\happiness\reg_img194 (3).jpg,happiness
C:\Users\mainh\OneDrive\Attachments\Máy tính\facial-emotion-viz\data\raw\repression\reg_img74 (11).jpg,repression
C:\Users\mainh\OneDrive\Attachments\Máy tính\facial-emotion-viz\data\raw\happiness\reg_img93 (16).jpg,happiness
C:\Users\mainh\OneDrive\Attachments\Máy tính\facial-emotion-viz\data\raw\disgust\reg_img65 (25).jpg,disgust
C:\Users\mainh\OneDrive\Attachments\Máy tính\facial-emotion-viz\data\raw\surprise\reg_img90 (10).jpg,surprise
C:\Users\mainh\OneDrive\Attachments\Máy tính\facial-emotion-viz\data\raw\disgust\reg_img284.jpg,disgust
C:\Users\mainh\OneDrive\Attachments\Máy tính\facial-emotion-viz\data\raw\repression\reg_img24 (2).jpg,repression
C:\Users\mainh\OneDrive\Attachments\Máy tính\facial-emotion-viz\data\raw\disgust\reg_img94 (5).jpg,disgust
C:\Users\mainh\OneDrive\Attachments\Máy tính\facial-emotion-viz\data\raw\disgust\reg_img21.jpg,disgust
C:\Users\mainh\OneDrive\Attachments\Máy tính\facial-emotion-viz\data\raw\sadness\reg_img364.jpg,sadness
C:\Users\mainh\OneDrive\Attachments\Máy tính\facial-emotion-viz\data\raw\disgust\reg_img81 (20).jpg,disgust
C:\Users\mainh\OneDrive\Attachments\Máy tính\facial-emotion-viz\data\raw\surprise\reg_img107 (6).jpg,surprise
C:\Users\mainh\OneDrive\Attachments\Máy tính\facial-emotion-viz\data\raw\surprise\reg_img153 (3).jpg,surprise
C:\Users\mainh\OneDrive\Attachments\Máy tính\facial-emotion-viz\data\raw\surprise\reg_img126 (2).jpg,surprise
C:\Users\mainh\OneDrive\Attachments\Máy tính\facial-emotion-viz\data\raw\disgust\reg_img47 (26).jpg,disgust
C:\Users\mainh\OneDrive\Attachments\Máy tính\facial-emotion-viz\data\raw\repression\reg_img43 (7).jpg,repression
C:\Users\mainh\OneDrive\Attachments\Máy tính\facial-emotion-viz\data\raw\repression\reg_img46 (9).jpg,repression
C:\Users\mainh\OneDrive\Attachments\Máy tính\facial-emotion-viz\data\raw\surprise\reg_img100 (13).jpg,surprise
C:\Users\mainh\OneDrive\Attachments\Máy tính\facial-emotion-viz\data\raw\happiness\reg_img249.jpg,happiness
C:\Users\mainh\OneDrive\Attachments\Máy tính\facial-emotion-viz\data\raw\disgust\reg_img48 (20).jpg,disgust
C:\Users\mainh\OneDrive\Attachments\Máy tính\facial-emotion-viz\data\raw\happiness\reg_img93 (9).jpg,happiness
C:\Users\mainh\OneDrive\Attachments\Máy tính\facial-emotion-viz\data\raw\happiness\reg_img81 (4).jpg,happiness
C:\Users\mainh\OneDrive\Attachments\Máy tính\facial-emotion-viz\data\raw\disgust\reg_img141 (14).jpg,disgust
C:\Users\mainh\OneDrive\Attachments\Máy tính\facial-emotion-viz\data\raw\disgust\reg_img67 (5).jpg,disgust
C:\Users\mainh\OneDrive\Attachments\Máy tính\facial-emotion-viz\data\raw\disgust\reg_img131 (16).jpg,disgust
C:\Users\mainh\OneDrive\Attachments\Máy tính\facial-emotion-viz\data\raw\surprise\reg_img93 (12).jpg,surprise
C:\Users\mainh\OneDrive\Attachments\Máy tính\facial-emotion-viz\data\raw\disgust\reg_img102 (27).jpg,disgust
C:\Users\mainh\OneDrive\Attachments\Máy tính\facial-emotion-viz\data\raw\surprise\reg_img36 (9).jpg,surprise
C:\Users\mainh\OneDrive\Attachments\Máy tính\facial-emotion-viz\data\raw\repression\reg_img44 (11).jpg,repression
C:\Users\mainh\OneDrive\Attachments\Máy tính\facial-emotion-viz\data\raw\disgust\reg_img70 (33).jpg,disgust
C:\Users\mainh\OneDrive\Attachments\Máy tính\facial-emotion-viz\data\raw\happiness\reg_img120 (9).jpg,happiness
C:\Users\mainh\OneDrive\Attachments\Máy tính\facial-emotion-viz\data\raw\disgust\reg_img69 (5).jpg,disgust
C:\Users\mainh\OneDrive\Attachments\Máy tính\facial-emotion-viz\data\raw\disgust\reg_img85 (28).jpg,disgust
C:\Users\mainh\OneDrive\Attachments\Máy tính\facial-emotion-viz\data\raw\sadness\reg_img40 (2).jpg,sadness
C:\Users\mainh\OneDrive\Attachments\Máy tính\facial-emotion-viz\data\raw\happiness\reg_img39 (12).jpg,happiness
C:\Users\mainh\OneDrive\Attachments\Máy tính\facial-emotion-viz\data\raw\disgust\reg_img23.jpg,disgust
C:\Users\mainh\OneDrive\Attachments\Máy tính\facial-emotion-viz\data\raw\surprise\reg_img70 (13).jpg,surprise
C:\Users\mainh\OneDrive\Attachments\Máy tính\facial-emotion-viz\data\raw\disgust\reg_img118 (18).jpg,disgust
C:\Users\mainh\OneDrive\Attachments\Máy tính\facial-emotion-viz\data\raw\disgust\reg_img13 (6).jpg,disgust
C:\Users\mainh\OneDrive\Attachments\Máy tính\facial-emotion-viz\data\raw\happiness\reg_img201 (2).jpg,happiness
C:\Users\mainh\OneDrive\Attachments\Máy tính\facial-emotion-viz\data\raw\repression\reg_img117 (11).jpg,repression
C:\Users\mainh\OneDrive\Attachments\Máy tính\facial-emotion-viz\data\raw\repression\reg_img145 (6).jpg,repression
C:\Users\mainh\OneDrive\Attachments\Máy tính\facial-emotion-viz\data\raw\disgust\reg_img34 (6).jpg,disgust
C:\Users\mainh\OneDrive\Attachments\Máy tính\facial-emotion-viz\data\raw\disgust\reg_img36 (16).jpg,disgust
C:\Users\mainh\OneDrive\Attachments\Máy tính\facial-emotion-viz\data\raw\surprise\reg_img25.jpg,surprise
C:\Users\mainh\OneDrive\Attachments\Máy tính\facial-emotion-viz\data\raw\disgust\reg_img81 (18).jpg,disgust
C:\Users\mainh\OneDrive\Attachments\Máy tính\facial-emotion-viz\data\raw\disgust\reg_img19 (7).jpg,disgust
C:\Users\mainh\OneDrive\Attachments\Máy tính\facial-emotion-viz\data\raw\disgust\reg_img53 (16).jpg,disgust
C:\Users\mainh\OneDrive\Attachments\Máy tính\facial-emotion-viz\data\raw\happiness\reg_img100 (9).jpg,happiness
C:\Users\mainh\OneDrive\Attachments\Máy tính\facial-emotion-viz\data\raw\repression\reg_img165 (4).jpg,repression
C:\Users\mainh\OneDrive\Attachments\Máy tính\facial-emotion-viz\data\raw\repression\reg_img163 (8).jpg,repression
C:\Users\mainh\OneDrive\Attachments\Máy tính\facial-emotion-viz\data\raw\happiness\reg_img53 (14).jpg,happiness
C:\Users\mainh\OneDrive\Attachments\Máy tính\facial-emotion-viz\data\raw\repression\reg_img184 (5).jpg,repression
C:\Users\mainh\OneDrive\Attachments\Máy tính\facial-emotion-viz\data\raw\happiness\reg_img38 (2).jpg,happiness
C:\Users\mainh\OneDrive\Attachments\Máy tính\facial-emotion-viz\data\raw\repression\reg_img13 (3).jpg,repression
C:\Users\mainh\OneDrive\Attachments\Máy tính\facial-emotion-viz\data\raw\surprise\reg_img89 (9).jpg,surprise
C:\Users\mainh\OneDrive\Attachments\Máy tính\facial-emotion-viz\data\raw\happiness\reg_img27 (2).jpg,happiness
C:\Users\mainh\OneDrive\Attachments\Máy tính\facial-emotion-viz\data\raw\disgust\reg_img120 (28).jpg,disgust
C:\Users\mainh\OneDrive\Attachments\Máy tính\facial-emotion-viz\data\raw\surprise\reg_img113 (7).jpg,surprise
C:\Users\mainh\OneDrive\Attachments\Máy tính\facial-emotion-viz\data\raw\surprise\reg_img38 (2).jpg,surprise
C:\Users\mainh\OneDrive\Attachments\Máy tính\facial-emotion-viz\data\raw\surprise\reg_img80 (5).jpg,surprise
C:\Users\mainh\OneDrive\Attachments\Máy tính\facial-emotion-viz\data\raw\disgust\reg_img71 (14).jpg,disgust
C:\Users\mainh\OneDrive\Attachments\Máy tính\facial-emotion-viz\data\raw\surprise\reg_img88 (7).jpg,surprise
C:\Users\mainh\OneDrive\Attachments\Máy tính\facial-emotion-viz\data\raw\disgust\reg_img150 (8).jpg,disgust
C:\Users\mainh\OneDrive\Attachments\Máy tính\facial-emotion-viz\data\raw\disgust\reg_img168 (4).jpg,disgust
C:\Users\mainh\OneDrive\Attachments\Máy tính\facial-emotion-viz\data\raw\disgust\reg_img41 (5).jpg,disgust
C:\Users\mainh\OneDrive\Attachments\Máy tính\facial-emotion-viz\data\raw\disgust\reg_img75 (11).jpg,disgust
C:\Users\mainh\OneDrive\Attachments\Máy tính\facial-emotion-viz\data\raw\repression\reg_img137 (6).jpg,repression
C:\Users\mainh\OneDrive\Attachments\Máy tính\facial-emotion-viz\data\raw\disgust\reg_img91 (34).jpg,disgust
C:\Users\mainh\OneDrive\Attachments\Máy tính\facial-emotion-viz\data\raw\repression\reg_img71 (5).jpg,repression
C:\Users\mainh\OneDrive\Attachments\Máy tính\facial-emotion-viz\data\raw\sadness\reg_img347.jpg,sadness
C:\Users\mainh\OneDrive\Attachments\Máy tính\facial-emotion-viz\data\raw\disgust\reg_img81 (26).jpg,disgust
C:\Users\mainh\OneDrive\Attachments\Máy tính\facial-emotion-viz\data\raw\surprise\reg_img122 (5).jpg,surprise
C:\Users\mainh\OneDrive\Attachments\Máy tính\facial-emotion-viz\data\raw\disgust\reg_img30 (10).jpg,disgust
C:\Users\mainh\OneDrive\Attachments\Máy tính\facial-emotion-viz\data\raw\disgust\reg_img99 (25).jpg,disgust
C:\Users\mainh\OneDrive\Attachments\Máy tính\facial-emotion-viz\data\raw\disgust\reg_img50 (24).jpg,disgust
C:\Users\mainh\OneDrive\Attachments\Máy tính\facial-emotion-viz\data\raw\disgust\reg_img14 (6).jpg,disgust
C:\Users\mainh\OneDrive\Attachments\Máy tính\facial-emotion-viz\data\raw\repression\reg_img146 (7).jpg,repression
C:\Users\mainh\OneDrive\Attachments\Máy tính\facial-emotion-viz\data\raw\disgust\reg_img415.jpg,disgust
C:\Users\mainh\OneDrive\Attachments\Máy tính\facial-emotion-viz\data\raw\disgust\reg_img88 (19).jpg,disgust
C:\Users\mainh\OneDrive\Attachments\Máy tính\facial-emotion-viz\data\raw\disgust\reg_img127 (16).jpg,disgust
C:\Users\mainh\OneDrive\Attachments\Máy tính\facial-emotion-viz\data\raw\repression\reg_img216.jpg,repression
C:\Users\mainh\OneDrive\Attachments\Máy tính\facial-emotion-viz\data\raw\disgust\reg_img134 (6).jpg,disgust
C:\Users\mainh\OneDrive\Attachments\Máy tính\facial-emotion-viz\data\raw\disgust\reg_img78 (16).jpg,disgust
C:\Users\mainh\OneDrive\Attachments\Máy tính\facial-emotion-viz\data\raw\happiness\reg_img112 (2).jpg,happiness
C:\Users\mainh\OneDrive\Attachments\Máy tính\facial-emotion-viz\data\raw\disgust\reg_img83 (14).jpg,disgust
C:\Users\mainh\OneDrive\Attachments\Máy tính\facial-emotion-viz\data\raw\disgust\reg_img103 (22).jpg,disgust
C:\Users\mainh\OneDrive\Attachments\Máy tính\facial-emotion-viz\data\raw\surprise\reg_img115 (2).jpg,surprise
C:\Users\mainh\OneDrive\Attachments\Máy tính\facial-emotion-viz\data\raw\happiness\reg_img103 (17).jpg,happiness
C:\Users\mainh\OneDrive\Attachments\Máy tính\facial-emotion-viz\data\raw\disgust\reg_img111 (10).jpg,disgust
C:\Users\mainh\OneDrive\Attachments\Máy tính\facial-emotion-viz\data\raw\repression\reg_img66 (8).jpg,repression
C:\Users\mainh\OneDrive\Attachments\Máy tính\facial-emotion-viz\data\raw\disgust\reg_img121 (2).jpg,disgust
C:\Users\mainh\OneDrive\Attachments\Máy tính\facial-emotion-viz\data\raw\happiness\reg_img41 (2).jpg,happiness
C:\Users\mainh\OneDrive\Attachments\Máy tính\facial-emotion-viz\data\raw\repression\reg_img49 (3).jpg,repression
C:\Users\mainh\OneDrive\Attachments\Máy tính\facial-emotion-viz\data\raw\disgust\reg_img131 (17).jpg,disgust
C:\Users\mainh\OneDrive\Attachments\Máy tính\facial-emotion-viz\data\raw\happiness\reg_img236.jpg,happiness
C:\Users\mainh\OneDrive\Attachments\Máy tính\facial-emotion-viz\data\raw\disgust\reg_img54 (21).jpg,disgust
C:\Users\mainh\OneDrive\Attachments\Máy tính\facial-emotion-viz\data\raw\disgust\reg_img62 (25).jpg,disgust
C:\Users\mainh\OneDrive\Attachments\Máy tính\facial-emotion-viz\data\raw\happiness\reg_img54 (16).jpg,happiness
C:\Users\mainh\OneDrive\Attachments\Máy tính\facial-emotion-viz\data\raw\disgust\reg_img45 (13).jpg,disgust
C:\Users\mainh\OneDrive\Attachments\Máy tính\facial-emotion-viz\data\raw\disgust\reg_img140 (2).jpg,disgust
C:\Users\mainh\OneDrive\Attachments\Máy tính\facial-emotion-viz\data\raw\happiness\reg_img72 (8).jpg,happiness
C:\Users\mainh\OneDrive\Attachments\Máy tính\facial-emotion-viz\data\raw\disgust\reg_img86 (18).jpg,disgust
C:\Users\mainh\OneDrive\Attachments\Máy tính\facial-emotion-viz\data\raw\disgust\reg_img225.jpg,disgust
C:\Users\mainh\OneDrive\Attachments\Máy tính\facial-emotion-viz\data\raw\repression\reg_img42 (5).jpg,repression
C:\Users\mainh\OneDrive\Attachments\Máy tính\facial-emotion-viz\data\raw\surprise\reg_img128.jpg,surprise
C:\Users\mainh\OneDrive\Attachments\Máy tính\facial-emotion-viz\data\raw\disgust\reg_img33 (3).jpg,disgust
C:\Users\mainh\OneDrive\Attachments\Máy tính\facial-emotion-viz\data\raw\surprise\reg_img145 (6).jpg,surprise
C:\Users\mainh\OneDrive\Attachments\Máy tính\facial-emotion-viz\data\raw\surprise\reg_img64 (13).jpg,surprise
C:\Users\mainh\OneDrive\Attachments\Máy tính\facial-emotion-viz\data\raw\sadness\reg_img108.jpg,sadness
C:\Users\mainh\OneDrive\Attachments\Máy tính\facial-emotion-viz\data\raw\happiness\reg_img35 (12).jpg,happiness
C:\Users\mainh\OneDrive\Attachments\Máy tính\facial-emotion-viz\data\raw\disgust\reg_img87 (14).jpg,disgust
C:\Users\mainh\OneDrive\Attachments\Máy tính\facial-emotion-viz\data\raw\repression\reg_img58 (11).jpg,repression
C:\Users\mainh\OneDrive\Attachments\Máy tính\facial-emotion-viz\data\raw\happiness\reg_img88 (7).jpg,happiness
C:\Users\mainh\OneDrive\Attachments\Máy tính\facial-emotion-viz\data\raw\disgust\reg_img26 (10).jpg,disgust
C:\Users\mainh\OneDrive\Attachments\Máy tính\facial-emotion-viz\data\raw\disgust\reg_img25 (7).jpg,disgust
C:\Users\mainh\OneDrive\Attachments\Máy tính\facial-emotion-viz\data\raw\repression\reg_img228.jpg,repression
C:\Users\mainh\OneDrive\Attachments\Máy tính\facial-emotion-viz\data\raw\happiness\reg_img182 (2).jpg,happiness
C:\Users\mainh\OneDrive\Attachments\Máy tính\facial-emotion-viz\data\raw\repression\reg_img170 (3).jpg,repression
C:\Users\mainh\OneDrive\Attachments\Máy tính\facial-emotion-viz\data\raw\disgust\reg_img114 (26).jpg,disgust
C:\Users\mainh\OneDrive\Attachments\Máy tính\facial-emotion-viz\data\raw\happiness\reg_img96 (15).jpg,happiness
C:\Users\mainh\OneDrive\Attachments\Máy tính\facial-emotion-viz\data\raw\happiness\reg_img88 (18).jpg,happiness
C:\Users\mainh\OneDrive\Attachments\Máy tính\facial-emotion-viz\data\raw\disgust\reg_img70 (27).jpg,disgust
C:\Users\mainh\OneDrive\Attachments\Máy tính\facial-emotion-viz\data\raw\disgust\reg_img86 (11).jpg,disgust
C:\Users\mainh\OneDrive\Attachments\Máy tính\facial-emotion-viz\data\raw\happiness\reg_img50 (6).jpg,happiness
C:\Users\mainh\OneDrive\Attachments\Máy tính\facial-emotion-viz\data\raw\disgust\reg_img31.jpg,disgust
C:\Users\mainh\OneDrive\Attachments\Máy tính\facial-emotion-viz\data\raw\disgust\reg_img107 (32).jpg,disgust
C:\Users\mainh\OneDrive\Attachments\Máy tính\facial-emotion-viz\data\raw\repression\reg_img92 (12).jpg,repression
C:\Users\mainh\OneDrive\Attachments\Máy tính\facial-emotion-viz\data\raw\disgust\reg_img141 (12).jpg,disgust
C:\Users\mainh\OneDrive\Attachments\Máy tính\facial-emotion-viz\data\raw\repression\reg_img76 (5).jpg,repression
C:\Users\mainh\OneDrive\Attachments\Máy tính\facial-emotion-viz\data\raw\disgust\reg_img46 (6).jpg,disgust
C:\Users\mainh\OneDrive\Attachments\Máy tính\facial-emotion-viz\data\raw\happiness\reg_img101 (2).jpg,happiness
C:\Users\mainh\OneDrive\Attachments\Máy tính\facial-emotion-viz\data\raw\repression\reg_img29 (8).jpg,repression
C:\Users\mainh\OneDrive\Attachments\Máy tính\facial-emotion-viz\data\raw\happiness\reg_img136 (4).jpg,happiness
C:\Users\mainh\OneDrive\Attachments\Máy tính\facial-emotion-viz\data\raw\disgust\reg_img116 (16).jpg,disgust
C:\Users\mainh\OneDrive\Attachments\Máy tính\facial-emotion-viz\data\raw\repression\reg_img139 (3).jpg,repression
C:\Users\mainh\OneDrive\Attachments\Máy tính\facial-emotion-viz\data\raw\disgust\reg_img66 (8).jpg,disgust
C:\Users\mainh\OneDrive\Attachments\Máy tính\facial-emotion-viz\data\raw\disgust\reg_img28 (16).jpg,disgust
C:\Users\mainh\OneDrive\Attachments\Máy tính\facial-emotion-viz\data\raw\happiness\reg_img125 (11).jpg,happiness
C:\Users\mainh\OneDrive\Attachments\Máy tính\facial-emotion-viz\data\raw\repression\reg_img157.jpg,repression
C:\Users\mainh\OneDrive\Attachments\Máy tính\facial-emotion-viz\data\raw\disgust\reg_img66.jpg,disgust
C:\Users\mainh\OneDrive\Attachments\Máy tính\facial-emotion-viz\data\raw\disgust\reg_img91 (14).jpg,disgust
C:\Users\mainh\OneDrive\Attachments\Máy tính\facial-emotion-viz\data\raw\happiness\reg_img101 (17).jpg,happiness
C:\Users\mainh\OneDrive\Attachments\Máy tính\facial-emotion-viz\data\raw\disgust\reg_img109 (32).jpg,disgust
C:\Users\mainh\OneDrive\Attachments\Máy tính\facial-emotion-viz\data\raw\disgust\reg_img112 (6).jpg,disgust
C:\Users\mainh\OneDrive\Attachments\Máy tính\facial-emotion-viz\data\raw\disgust\reg_img38 (8).jpg,disgust
C:\Users\mainh\OneDrive\Attachments\Máy tính\facial-emotion-viz\data\raw\happiness\reg_img115 (10).jpg,happiness
C:\Users\mainh\OneDrive\Attachments\Máy tính\facial-emotion-viz\data\raw\disgust\reg_img47 (24).jpg,disgust
C:\Users\mainh\OneDrive\Attachments\Máy tính\facial-emotion-viz\data\raw\repression\reg_img74 (7).jpg,repression
C:\Users\mainh\OneDrive\Attachments\Máy tính\facial-emotion-viz\data\raw\surprise\reg_img143 (5).jpg,surprise
C:\Users\mainh\OneDrive\Attachments\Máy tính\facial-emotion-viz\data\raw\repression\reg_img56 (7).jpg,repression
C:\Users\mainh\OneDrive\Attachments\Máy tính\facial-emotion-viz\data\raw\disgust\reg_img58 (23).jpg,disgust
C:\Users\mainh\OneDrive\Attachments\Máy tính\facial-emotion-viz\data\raw\repression\reg_img107 (9).jpg,repression
C:\Users\mainh\OneDrive\Attachments\Máy tính\facial-emotion-viz\data\raw\disgust\reg_img93 (25).jpg,disgust
C:\Users\mainh\OneDrive\Attachments\Máy tính\facial-emotion-viz\data\raw\surprise\reg_img120 (4).jpg,surprise
C:\Users\mainh\OneDrive\Attachments\Máy tính\facial-emotion-viz\data\raw\happiness\reg_img106 (7).jpg,happiness
C:\Users\mainh\OneDrive\Attachments\Máy tính\facial-emotion-viz\data\raw\happiness\reg_img17 (3).jpg,happiness
C:\Users\mainh\OneDrive\Attachments\Máy tính\facial-emotion-viz\data\raw\repression\reg_img69 (10).jpg,repression
C:\Users\mainh\OneDrive\Attachments\Máy tính\facial-emotion-viz\data\raw\disgust\reg_img107 (12).jpg,disgust
C:\Users\mainh\OneDrive\Attachments\Máy tính\facial-emotion-viz\data\raw\happiness\reg_img76 (14).jpg,happiness
C:\Users\mainh\OneDrive\Attachments\Máy tính\facial-emotion-viz\data\raw\disgust\reg_img9.jpg,disgust
C:\Users\mainh\OneDrive\Attachments\Máy tính\facial-emotion-viz\data\raw\disgust\reg_img90 (2).jpg,disgust
C:\Users\mainh\OneDrive\Attachments\Máy tính\facial-emotion-viz\data\raw\disgust\reg_img70 (5).jpg,disgust
C:\Users\mainh\OneDrive\Attachments\Máy tính\facial-emotion-viz\data\raw\disgust\reg_img71 (34).jpg,disgust
C:\Users\mainh\OneDrive\Attachments\Máy tính\facial-emotion-viz\data\raw\repression\reg_img101 (10).jpg,repression
C:\Users\mainh\OneDrive\Attachments\Máy tính\facial-emotion-viz\data\raw\disgust\reg_img36 (25).jpg,disgust
C:\Users\mainh\OneDrive\Attachments\Máy tính\facial-emotion-viz\data\raw\repression\reg_img137 (11).jpg,repression
C:\Users\mainh\OneDrive\Attachments\Máy tính\facial-emotion-viz\data\raw\disgust\reg_img181 (2).jpg,disgust
C:\Users\mainh\OneDrive\Attachments\Máy tính\facial-emotion-viz\data\raw\happiness\reg_img138 (4).jpg,happiness
C:\Users\mainh\OneDrive\Attachments\Máy tính\facial-emotion-viz\data\raw\happiness\reg_img32 (8).jpg,happiness
C:\Users\mainh\OneDrive\Attachments\Máy tính\facial-emotion-viz\data\raw\disgust\reg_img52 (23).jpg,disgust
C:\Users\mainh\OneDrive\Attachments\Máy tính\facial-emotion-viz\data\raw\happiness\reg_img125.jpg,happiness
C:\Users\mainh\OneDrive\Attachments\Máy tính\facial-emotion-viz\data\raw\surprise\reg_img96 (9).jpg,surprise
C:\Users\mainh\OneDrive\Attachments\Máy tính\facial-emotion-viz\data\raw\repression\reg_img115 (10).jpg,repression
C:\Users\mainh\OneDrive\Attachments\Máy tính\facial-emotion-viz\data\raw\surprise\reg_img58 (10).jpg,surprise
C:\Users\mainh\OneDrive\Attachments\Máy tính\facial-emotion-viz\data\raw\happiness\reg_img140.jpg,happiness
C:\Users\mainh\OneDrive\Attachments\Máy tính\facial-emotion-viz\data\raw\repression\reg_img117 (13).jpg,repression
C:\Users\mainh\OneDrive\Attachments\Máy tính\facial-emotion-viz\data\raw\disgust\reg_img104 (18).jpg,disgust
C:\Users\mainh\OneDrive\Attachments\Máy tính\facial-emotion-viz\data\raw\repression\reg_img127 (6).jpg,repression
C:\Users\mainh\OneDrive\Attachments\Máy tính\facial-emotion-viz\data\raw\happiness\reg_img165 (3).jpg,happiness
C:\Users\mainh\OneDrive\Attachments\Máy tính\facial-emotion-viz\data\raw\disgust\reg_img49 (7).jpg,disgust
C:\Users\mainh\OneDrive\Attachments\Máy tính\facial-emotion-viz\data\raw\happiness\reg_img55.jpg,happiness
C:\Users\mainh\OneDrive\Attachments\Máy tính\facial-emotion-viz\data\raw\surprise\reg_img70.jpg,surprise
C:\Users\mainh\OneDrive\Attachments\Máy tính\facial-emotion-viz\data\raw\happiness\reg_img116 (6).jpg,happiness
C:\Users\mainh\OneDrive\Attachments\Máy tính\facial-emotion-viz\data\raw\surprise\reg_img89 (8).jpg,surprise
C:\Users\mainh\OneDrive\Attachments\Máy tính\facial-emotion-viz\data\raw\repression\reg_img97 (13).jpg,repression
C:\Users\mainh\OneDrive\Attachments\Máy tính\facial-emotion-viz\data\raw\disgust\reg_img36 (21).jpg,disgust
C:\Users\mainh\OneDrive\Attachments\Máy tính\facial-emotion-viz\data\raw\surprise\reg_img99 (2).jpg,surprise
C:\Users\mainh\OneDrive\Attachments\Máy tính\facial-emotion-viz\data\raw\repression\reg_img50 (10).jpg,repression
C:\Users\mainh\OneDrive\Attachments\Máy tính\facial-emotion-viz\data\raw\disgust\reg_img100 (28).jpg,disgust
C:\Users\mainh\OneDrive\Attachments\Máy tính\facial-emotion-viz\data\raw\repression\reg_img96 (6).jpg,repression
C:\Users\mainh\OneDrive\Attachments\Máy tính\facial-emotion-viz\data\raw\surprise\reg_img39 (8).jpg,surprise
C:\Users\mainh\OneDrive\Attachments\Máy tính\facial-emotion-viz\data\raw\surprise\reg_img132.jpg,surprise
C:\Users\mainh\OneDrive\Attachments\Máy tính\facial-emotion-viz\data\raw\disgust\reg_img81 (2).jpg,disgust
C:\Users\mainh\OneDrive\Attachments\Máy tính\facial-emotion-viz\data\raw\repression\reg_img43 (4).jpg,repression
C:\Users\mainh\OneDrive\Attachments\Máy tính\facial-emotion-viz\data\raw\happiness\reg_img133 (7).jpg,happiness
C:\Users\mainh\OneDrive\Attachments\Máy tính\facial-emotion-viz\data\raw\disgust\reg_img57 (19).jpg,disgust
C:\Users\mainh\OneDrive\Attachments\Máy tính\facial-emotion-viz\data\raw\repression\reg_img215.jpg,repression
C:\Users\mainh\OneDrive\Attachments\Máy tính\facial-emotion-viz\data\raw\surprise\reg_img137 (8).jpg,surprise
C:\Users\mainh\OneDrive\Attachments\Máy tính\facial-emotion-viz\data\raw\fear\reg_img88.jpg,fear
C:\Users\mainh\OneDrive\Attachments\Máy tính\facial-emotion-viz\data\raw\disgust\reg_img106 (13).jpg,disgust
C:\Users\mainh\OneDrive\Attachments\Máy tính\facial-emotion-viz\data\raw\disgust\reg_img34 (3).jpg,disgust
C:\Users\mainh\OneDrive\Attachments\Máy tính\facial-emotion-viz\data\raw\repression\reg_img63 (6).jpg,repression
C:\Users\mainh\OneDrive\Attachments\Máy tính\facial-emotion-viz\data\raw\disgust\reg_img86 (13).jpg,disgust
C:\Users\mainh\OneDrive\Attachments\Máy tính\facial-emotion-viz\data\raw\repression\reg_img129 (10).jpg,repression
C:\Users\mainh\OneDrive\Attachments\Máy tính\facial-emotion-viz\data\raw\surprise\reg_img134 (8).jpg,surprise
C:\Users\mainh\OneDrive\Attachments\Máy tính\facial-emotion-viz\data\raw\disgust\reg_img125 (17).jpg,disgust
C:\Users\mainh\OneDrive\Attachments\Máy tính\facial-emotion-viz\data\raw\surprise\reg_img136 (2).jpg,surprise
C:\Users\mainh\OneDrive\Attachments\Máy tính\facial-emotion-viz\data\raw\disgust\reg_img78 (8).jpg,disgust
C:\Users\mainh\OneDrive\Attachments\Máy tính\facial-emotion-viz\data\raw\happiness\reg_img30 (5).jpg,happiness
C:\Users\mainh\OneDrive\Attachments\Máy tính\facial-emotion-viz\data\raw\surprise\reg_img67 (3).jpg,surprise
C:\Users\mainh\OneDrive\Attachments\Máy tính\facial-emotion-viz\data\raw\disgust\reg_img130 (5).jpg,disgust
C:\Users\mainh\OneDrive\Attachments\Máy tính\facial-emotion-viz\data\raw\disgust\reg_img117 (27).jpg,disgust
C:\Users\mainh\OneDrive\Attachments\Máy tính\facial-emotion-viz\data\raw\happiness\reg_img136 (5).jpg,happiness
C:\Users\mainh\OneDrive\Attachments\Máy tính\facial-emotion-viz\data\raw\repression\reg_img76 (3).jpg,repression
C:\Users\mainh\OneDrive\Attachments\Máy tính\facial-emotion-viz\data\raw\surprise\reg_img94 (6).jpg,surprise
C:\Users\mainh\OneDrive\Attachments\Máy tính\facial-emotion-viz\data\raw\sadness\reg_img78 (2).jpg,sadness
C:\Users\mainh\OneDrive\Attachments\Máy tính\facial-emotion-viz\data\raw\disgust\reg_img66 (23).jpg,disgust
C:\Users\mainh\OneDrive\Attachments\Máy tính\facial-emotion-viz\data\raw\surprise\reg_img116 (3).jpg,surprise
C:\Users\mainh\OneDrive\Attachments\Máy tính\facial-emotion-viz\data\raw\disgust\reg_img111 (24).jpg,disgust
C:\Users\mainh\OneDrive\Attachments\Máy tính\facial-emotion-viz\data\raw\disgust\reg_img108 (30).jpg,disgust
C:\Users\mainh\OneDrive\Attachments\Máy tính\facial-emotion-viz\data\raw\happiness\reg_img113 (7).jpg,happiness
C:\Users\mainh\OneDrive\Attachments\Máy tính\facial-emotion-viz\data\raw\disgust\reg_img71 (35).jpg,disgust
C:\Users\mainh\OneDrive\Attachments\Máy tính\facial-emotion-viz\data\raw\happiness\reg_img46 (11).jpg,happiness
C:\Users\mainh\OneDrive\Attachments\Máy tính\facial-emotion-viz\data\raw\disgust\reg_img122 (4).jpg,disgust
C:\Users\mainh\OneDrive\Attachments\Máy tính\facial-emotion-viz\data\raw\repression\reg_img26.jpg,repression
C:\Users\mainh\OneDrive\Attachments\Máy tính\facial-emotion-viz\data\raw\surprise\reg_img98 (12).jpg,surprise
C:\Users\mainh\OneDrive\Attachments\Máy tính\facial-emotion-viz\data\raw\repression\reg_img38 (11).jpg,repression
C:\Users\mainh\OneDrive\Attachments\Máy tính\facial-emotion-viz\data\raw\disgust\reg_img112 (16).jpg,disgust
C:\Users\mainh\OneDrive\Attachments\Máy tính\facial-emotion-viz\data\raw\disgust\reg_img78 (29).jpg,disgust
C:\Users\mainh\OneDrive\Attachments\Máy tính\facial-emotion-viz\data\raw\disgust\reg_img44 (22).jpg,disgust
C:\Users\mainh\OneDrive\Attachments\Máy tính\facial-emotion-viz\data\raw\disgust\reg_img95 (14).jpg,disgust
C:\Users\mainh\OneDrive\Attachments\Máy tính\facial-emotion-viz\data\raw\disgust\reg_img115 (19).jpg,disgust
C:\Users\mainh\OneDrive\Attachments\Máy tính\facial-emotion-viz\data\raw\repression\reg_img37 (2).jpg,repression
C:\Users\mainh\OneDrive\Attachments\Máy tính\facial-emotion-viz\data\raw\disgust\reg_img59 (24).jpg,disgust
C:\Users\mainh\OneDrive\Attachments\Máy tính\facial-emotion-viz\data\raw\disgust\reg_img39 (25).jpg,disgust
C:\Users\mainh\OneDrive\Attachments\Máy tính\facial-emotion-viz\data\raw\disgust\reg_img25 (10).jpg,disgust
C:\Users\mainh\OneDrive\Attachments\Máy tính\facial-emotion-viz\data\raw\happiness\reg_img68 (3).jpg,happiness
C:\Users\mainh\OneDrive\Attachments\Máy tính\facial-emotion-viz\data\raw\disgust\reg_img15 (5).jpg,disgust
C:\Users\mainh\OneDrive\Attachments\Máy tính\facial-emotion-viz\data\raw\repression\reg_img25 (6).jpg,repression
C:\Users\mainh\OneDrive\Attachments\Máy tính\facial-emotion-viz\data\raw\surprise\reg_img71 (12).jpg,surprise
C:\Users\mainh\OneDrive\Attachments\Máy tính\facial-emotion-viz\data\raw\happiness\reg_img116 (10).jpg,happiness
C:\Users\mainh\OneDrive\Attachments\Máy tính\facial-emotion-viz\data\raw\disgust\reg_img69 (19).jpg,disgust
C:\Users\mainh\OneDrive\Attachments\Máy tính\facial-emotion-viz\data\raw\surprise\reg_img122 (8).jpg,surprise
C:\Users\mainh\OneDrive\Attachments\Máy tính\facial-emotion-viz\data\raw\disgust\reg_img56 (15).jpg,disgust
C:\Users\mainh\OneDrive\Attachments\Máy tính\facial-emotion-viz\data\raw\repression\reg_img59 (6).jpg,repression
C:\Users\mainh\OneDrive\Attachments\Máy tính\facial-emotion-viz\data\raw\disgust\reg_img121 (7).jpg,disgust
C:\Users\mainh\OneDrive\Attachments\Máy tính\facial-emotion-viz\data\raw\repression\reg_img75 (2).jpg,repression
C:\Users\mainh\OneDrive\Attachments\Máy tính\facial-emotion-viz\data\raw\disgust\reg_img130 (3).jpg,disgust
C:\Users\mainh\OneDrive\Attachments\Máy tính\facial-emotion-viz\data\raw\disgust\reg_img63 (20).jpg,disgust
C:\Users\mainh\OneDrive\Attachments\Máy tính\facial-emotion-viz\data\raw\happiness\reg_img72 (15).jpg,happiness
C:\Users\mainh\OneDrive\Attachments\Máy tính\facial-emotion-viz\data\raw\repression\reg_img115 (12).jpg,repression
C:\Users\mainh\OneDrive\Attachments\Máy tính\facial-emotion-viz\data\raw\surprise\reg_img97.jpg,surprise
C:\Users\mainh\OneDrive\Attachments\Máy tính\facial-emotion-viz\data\raw\happiness\reg_img70 (21).jpg,happiness
C:\Users\mainh\OneDrive\Attachments\Máy tính\facial-emotion-viz\data\raw\surprise\reg_img92 (8).jpg,surprise
C:\Users\mainh\OneDrive\Attachments\Máy tính\facial-emotion-viz\data\raw\disgust\reg_img67 (22).jpg,disgust
C:\Users\mainh\OneDrive\Attachments\Máy tính\facial-emotion-viz\data\raw\surprise\reg_img53 (5).jpg,surprise
C:\Users\mainh\OneDrive\Attachments\Máy tính\facial-emotion-viz\data\raw\surprise\reg_img130.jpg,surprise
C:\Users\mainh\OneDrive\Attachments\Máy tính\facial-emotion-viz\data\raw\happiness\reg_img171 (3).jpg,happiness
C:\Users\mainh\OneDrive\Attachments\Máy tính\facial-emotion-viz\data\raw\repression\reg_img15 (2).jpg,repression
C:\Users\mainh\OneDrive\Attachments\Máy tính\facial-emotion-viz\data\raw\happiness\reg_img48 (11).jpg,happiness
C:\Users\mainh\OneDrive\Attachments\Máy tính\facial-emotion-viz\data\raw\happiness\reg_img60 (13).jpg,happiness
C:\Users\mainh\OneDrive\Attachments\Máy tính\facial-emotion-viz\data\raw\disgust\reg_img59 (10).jpg,disgust
C:\Users\mainh\OneDrive\Attachments\Máy tính\facial-emotion-viz\data\raw\disgust\reg_img51 (9).jpg,disgust
C:\Users\mainh\OneDrive\Attachments\Máy tính\facial-emotion-viz\data\raw\disgust\reg_img67 (25).jpg,disgust
C:\Users\mainh\OneDrive\Attachments\Máy tính\facial-emotion-viz\data\raw\surprise\reg_img60 (10).jpg,surprise
C:\Users\mainh\OneDrive\Attachments\Máy tính\facial-emotion-viz\data\raw\disgust\reg_img86 (4).jpg,disgust
C:\Users\mainh\OneDrive\Attachments\Máy tính\facial-emotion-viz\data\raw\happiness\reg_img143 (7).jpg,happiness
C:\Users\mainh\OneDrive\Attachments\Máy tính\facial-emotion-viz\data\raw\surprise\reg_img51 (6).jpg,surprise
C:\Users\mainh\OneDrive\Attachments\Máy tính\facial-emotion-viz\data\raw\disgust\reg_img174.jpg,disgust
C:\Users\mainh\OneDrive\Attachments\Máy tính\facial-emotion-viz\data\raw\disgust\reg_img91 (4).jpg,disgust
C:\Users\mainh\OneDrive\Attachments\Máy tính\facial-emotion-viz\data\raw\fear\reg_img89.jpg,fear
C:\Users\mainh\OneDrive\Attachments\Máy tính\facial-emotion-viz\data\raw\sadness\reg_img17.jpg,sadness
C:\Users\mainh\OneDrive\Attachments\Máy tính\facial-emotion-viz\data\raw\surprise\reg_img66 (3).jpg,surprise
C:\Users\mainh\OneDrive\Attachments\Máy tính\facial-emotion-viz\data\raw\repression\reg_img71 (7).jpg,repression
C:\Users\mainh\OneDrive\Attachments\Máy tính\facial-emotion-viz\data\raw\disgust\reg_img57.jpg,disgust
C:\Users\mainh\OneDrive\Attachments\Máy tính\facial-emotion-viz\data\raw\disgust\reg_img121 (28).jpg,disgust
C:\Users\mainh\OneDrive\Attachments\Máy tính\facial-emotion-viz\data\raw\disgust\reg_img130 (19).jpg,disgust
C:\Users\mainh\OneDrive\Attachments\Máy tính\facial-emotion-viz\data\raw\happiness\reg_img78 (9).jpg,happiness
C:\Users\mainh\OneDrive\Attachments\Máy tính\facial-emotion-viz\data\raw\disgust\reg_img94 (37).jpg,disgust
C:\Users\mainh\OneDrive\Attachments\Máy tính\facial-emotion-viz\data\raw\surprise\reg_img72 (10).jpg,surprise
C:\Users\mainh\OneDrive\Attachments\Máy tính\facial-emotion-viz\data\raw\disgust\reg_img60.jpg,disgust
C:\Users\mainh\OneDrive\Attachments\Máy tính\facial-emotion-viz\data\raw\disgust\reg_img49 (27).jpg,disgust
C:\Users\mainh\OneDrive\Attachments\Máy tính\facial-emotion-viz\data\raw\repression\reg_img30 (2).jpg,repression
C:\Users\mainh\OneDrive\Attachments\Máy tính\facial-emotion-viz\data\raw\surprise\reg_img162 (2).jpg,surprise
C:\Users\mainh\OneDrive\Attachments\Máy tính\facial-emotion-viz\data\raw\disgust\reg_img96 (18).jpg,disgust
C:\Users\mainh\OneDrive\Attachments\Máy tính\facial-emotion-viz\data\raw\disgust\reg_img53 (14).jpg,disgust
C:\Users\mainh\OneDrive\Attachments\Máy tính\facial-emotion-viz\data\raw\disgust\reg_img201 (2).jpg,disgust
C:\Users\mainh\OneDrive\Attachments\Máy tính\facial-emotion-viz\data\raw\happiness\reg_img121 (15).jpg,happiness
C:\Users\mainh\OneDrive\Attachments\Máy tính\facial-emotion-viz\data\raw\happiness\reg_img70 (16).jpg,happiness
C:\Users\mainh\OneDrive\Attachments\Máy tính\facial-emotion-viz\data\raw\sadness\reg_img339.jpg,sadness
C:\Users\mainh\OneDrive\Attachments\Máy tính\facial-emotion-viz\data\raw\surprise\reg_img84 (5).jpg,surprise
C:\Users\mainh\OneDrive\Attachments\Máy tính\facial-emotion-viz\data\raw\happiness\reg_img116.jpg,happiness
C:\Users\mainh\OneDrive\Attachments\Máy tính\facial-emotion-viz\data\raw\disgust\reg_img48 (21).jpg,disgust
C:\Users\mainh\OneDrive\Attachments\Máy tính\facial-emotion-viz\data\raw\happiness\reg_img42 (7).jpg,happiness
C:\Users\mainh\OneDrive\Attachments\Máy tính\facial-emotion-viz\data\raw\repression\reg_img154 (6).jpg,repression
C:\Users\mainh\OneDrive\Attachments\Máy tính\facial-emotion-viz\data\raw\disgust\reg_img53 (4).jpg,disgust
C:\Users\mainh\OneDrive\Attachments\Máy tính\facial-emotion-viz\data\raw\repression\reg_img126 (7).jpg,repression
C:\Users\mainh\OneDrive\Attachments\Máy tính\facial-emotion-viz\data\raw\surprise\reg_img54 (8).jpg,surprise
C:\Users\mainh\OneDrive\Attachments\Máy tính\facial-emotion-viz\data\raw\repression\reg_img67 (3).jpg,repression
C:\Users\mainh\OneDrive\Attachments\Máy tính\facial-emotion-viz\data\raw\disgust\reg_img49 (4).jpg,disgust
C:\Users\mainh\OneDrive\Attachments\Máy tính\facial-emotion-viz\data\raw\sadness\reg_img73.jpg,sadness
C:\Users\mainh\OneDrive\Attachments\Máy tính\facial-emotion-viz\data\raw\disgust\reg_img44 (4).jpg,disgust
C:\Users\mainh\OneDrive\Attachments\Máy tính\facial-emotion-viz\data\raw\surprise\reg_img137 (5).jpg,surprise
C:\Users\mainh\OneDrive\Attachments\Máy tính\facial-emotion-viz\data\raw\disgust\reg_img116 (9).jpg,disgust
C:\Users\mainh\OneDrive\Attachments\Máy tính\facial-emotion-viz\data\raw\happiness\reg_img127 (7).jpg,happiness
C:\Users\mainh\OneDrive\Attachments\Máy tính\facial-emotion-viz\data\raw\happiness\reg_img141 (7).jpg,happiness
C:\Users\mainh\OneDrive\Attachments\Máy tính\facial-emotion-viz\data\raw\repression\reg_img156 (8).jpg,repression
C:\Users\mainh\OneDrive\Attachments\Máy tính\facial-emotion-viz\data\raw\disgust\reg_img419.jpg,disgust
C:\Users\mainh\OneDrive\Attachments\Máy tính\facial-emotion-viz\data\raw\sadness\reg_img335 (2).jpg,sadness
C:\Users\mainh\OneDrive\Attachments\Máy tính\facial-emotion-viz\data\raw\repression\reg_img121 (9).jpg,repression
C:\Users\mainh\OneDrive\Attachments\Máy tính\facial-emotion-viz\data\raw\disgust\reg_img30 (6).jpg,disgust
C:\Users\mainh\OneDrive\Attachments\Máy tính\facial-emotion-viz\data\raw\happiness\reg_img154 (5).jpg,happiness
C:\Users\mainh\OneDrive\Attachments\Máy tính\facial-emotion-viz\data\raw\happiness\reg_img54 (3).jpg,happiness
C:\Users\mainh\OneDrive\Attachments\Máy tính\facial-emotion-viz\data\raw\disgust\reg_img108 (26).jpg,disgust
C:\Users\mainh\OneDrive\Attachments\Máy tính\facial-emotion-viz\data\raw\repression\reg_img133 (4).jpg,repression
C:\Users\mainh\OneDrive\Attachments\Máy tính\facial-emotion-viz\data\raw\surprise\reg_img84 (11).jpg,surprise
C:\Users\mainh\OneDrive\Attachments\Máy tính\facial-emotion-viz\data\raw\surprise\reg_img43 (6).jpg,surprise
C:\Users\mainh\OneDrive\Attachments\Máy tính\facial-emotion-viz\data\raw\disgust\reg_img50 (9).jpg,disgust
C:\Users\mainh\OneDrive\Attachments\Máy tính\facial-emotion-viz\data\raw\happiness\reg_img180 (3).jpg,happiness
C:\Users\mainh\OneDrive\Attachments\Máy tính\facial-emotion-viz\data\raw\disgust\reg_img108 (4).jpg,disgust
C:\Users\mainh\OneDrive\Attachments\Máy tính\facial-emotion-viz\data\raw\repression\reg_img90 (8).jpg,repression
C:\Users\mainh\OneDrive\Attachments\Máy tính\facial-emotion-viz\data\raw\disgust\reg_img40 (21).jpg,disgust
C:\Users\mainh\OneDrive\Attachments\Máy tính\facial-emotion-viz\data\raw\repression\reg_img84 (13).jpg,repression
C:\Users\mainh\OneDrive\Attachments\Máy tính\facial-emotion-viz\data\raw\repression\reg_img81 (5).jpg,repression
C:\Users\mainh\OneDrive\Attachments\Máy tính\facial-emotion-viz\data\raw\disgust\reg_img101 (12).jpg,disgust
C:\Users\mainh\OneDrive\Attachments\Máy tính\facial-emotion-viz\data\raw\disgust\reg_img116 (8).jpg,disgust
C:\Users\mainh\OneDrive\Attachments\Máy tính\facial-emotion-viz\data\raw\disgust\reg_img115 (13).jpg,disgust
C:\Users\mainh\OneDrive\Attachments\Máy tính\facial-emotion-viz\data\raw\happiness\reg_img100 (5).jpg,happiness
C:\Users\mainh\OneDrive\Attachments\Máy tính\facial-emotion-viz\data\raw\surprise\reg_img34 (7).jpg,surprise
C:\Users\mainh\OneDrive\Attachments\Máy tính\facial-emotion-viz\data\raw\disgust\reg_img148.jpg,disgust
C:\Users\mainh\OneDrive\Attachments\Máy tính\facial-emotion-viz\data\raw\surprise\reg_img158 (2).jpg,surprise
C:\Users\mainh\OneDrive\Attachments\Máy tính\facial-emotion-viz\data\raw\surprise\reg_img71 (7).jpg,surprise
C:\Users\mainh\OneDrive\Attachments\Máy tính\facial-emotion-viz\data\raw\disgust\reg_img48 (25).jpg,disgust
C:\Users\mainh\OneDrive\Attachments\Máy tính\facial-emotion-viz\data\raw\happiness\reg_img77 (5).jpg,happiness
C:\Users\mainh\OneDrive\Attachments\Máy tính\facial-emotion-viz\data\raw\sadness\reg_img94.jpg,sadness
C:\Users\mainh\OneDrive\Attachments\Máy tính\facial-emotion-viz\data\raw\happiness\reg_img36 (15).jpg,happiness
C:\Users\mainh\OneDrive\Attachments\Máy tính\facial-emotion-viz\data\raw\disgust\reg_img89 (38).jpg,disgust
C:\Users\mainh\OneDrive\Attachments\Máy tính\facial-emotion-viz\data\raw\surprise\reg_img124 (5).jpg,surprise
C:\Users\mainh\OneDrive\Attachments\Máy tính\facial-emotion-viz\data\raw\surprise\reg_img50 (2).jpg,surprise
C:\Users\mainh\OneDrive\Attachments\Máy tính\facial-emotion-viz\data\raw\happiness\reg_img29.jpg,happiness
C:\Users\mainh\OneDrive\Attachments\Máy tính\facial-emotion-viz\data\raw\happiness\reg_img110 (2).jpg,happiness
C:\Users\mainh\OneDrive\Attachments\Máy tính\facial-emotion-viz\data\raw\happiness\reg_img216.jpg,happiness
C:\Users\mainh\OneDrive\Attachments\Máy tính\facial-emotion-viz\data\raw\disgust\reg_img216.jpg,disgust
C:\Users\mainh\OneDrive\Attachments\Máy tính\facial-emotion-viz\data\raw\surprise\reg_img78 (7).jpg,surprise
C:\Users\mainh\OneDrive\Attachments\Máy tính\facial-emotion-viz\data\raw\disgust\reg_img54 (10).jpg,disgust
C:\Users\mainh\OneDrive\Attachments\Máy tính\facial-emotion-viz\data\raw\disgust\reg_img173 (4).jpg,disgust
C:\Users\mainh\OneDrive\Attachments\Máy tính\facial-emotion-viz\data\raw\sadness\reg_img55 (3).jpg,sadness
C:\Users\mainh\OneDrive\Attachments\Máy tính\facial-emotion-viz\data\raw\repression\reg_img69 (15).jpg,repression
C:\Users\mainh\OneDrive\Attachments\Máy tính\facial-emotion-viz\data\raw\disgust\reg_img66 (20).jpg,disgust
C:\Users\mainh\OneDrive\Attachments\Máy tính\facial-emotion-viz\data\raw\disgust\reg_img138 (11).jpg,disgust
C:\Users\mainh\OneDrive\Attachments\Máy tính\facial-emotion-viz\data\raw\disgust\reg_img107 (5).jpg,disgust
C:\Users\mainh\OneDrive\Attachments\Máy tính\facial-emotion-viz\data\raw\disgust\reg_img190 (2).jpg,disgust
C:\Users\mainh\OneDrive\Attachments\Máy tính\facial-emotion-viz\data\raw\surprise\reg_img116 (7).jpg,surprise
C:\Users\mainh\OneDrive\Attachments\Máy tính\facial-emotion-viz\data\raw\disgust\reg_img54 (31).jpg,disgust
C:\Users\mainh\OneDrive\Attachments\Máy tính\facial-emotion-viz\data\raw\disgust\reg_img93 (23).jpg,disgust
C:\Users\mainh\OneDrive\Attachments\Máy tính\facial-emotion-viz\data\raw\disgust\reg_img102 (24).jpg,disgust
C:\Users\mainh\OneDrive\Attachments\Máy tính\facial-emotion-viz\data\raw\happiness\reg_img43 (9).jpg,happiness
C:\Users\mainh\OneDrive\Attachments\Máy tính\facial-emotion-viz\data\raw\disgust\reg_img88 (17).jpg,disgust
C:\Users\mainh\OneDrive\Attachments\Máy tính\facial-emotion-viz\data\raw\happiness\reg_img85.jpg,happiness
C:\Users\mainh\OneDrive\Attachments\Máy tính\facial-emotion-viz\data\raw\happiness\reg_img64 (8).jpg,happiness
C:\Users\mainh\OneDrive\Attachments\Máy tính\facial-emotion-viz\data\raw\disgust\reg_img365.jpg,disgust
C:\Users\mainh\OneDrive\Attachments\Máy tính\facial-emotion-viz\data\raw\happiness\reg_img79 (4).jpg,happiness
C:\Users\mainh\OneDrive\Attachments\Máy tính\facial-emotion-viz\data\raw\happiness\reg_img122 (6).jpg,happiness
C:\Users\mainh\OneDrive\Attachments\Máy tính\facial-emotion-viz\data\raw\happiness\reg_img75 (16).jpg,happiness
C:\Users\mainh\OneDrive\Attachments\Máy tính\facial-emotion-viz\data\raw\disgust\reg_img45 (11).jpg,disgust
C:\Users\mainh\OneDrive\Attachments\Máy tính\facial-emotion-viz\data\raw\repression\reg_img75 (4).jpg,repression
C:\Users\mainh\OneDrive\Attachments\Máy tính\facial-emotion-viz\data\raw\disgust\reg_img148 (8).jpg,disgust
C:\Users\mainh\OneDrive\Attachments\Máy tính\facial-emotion-viz\data\raw\sadness\reg_img34.jpg,sadness
C:\Users\mainh\OneDrive\Attachments\Máy tính\facial-emotion-viz\data\raw\surprise\reg_img16 (2).jpg,surprise
C:\Users\mainh\OneDrive\Attachments\Máy tính\facial-emotion-viz\data\raw\disgust\reg_img125 (11).jpg,disgust
C:\Users\mainh\OneDrive\Attachments\Máy tính\facial-emotion-viz\data\raw\surprise\reg_img22 (4).jpg,surprise
C:\Users\mainh\OneDrive\Attachments\Máy tính\facial-emotion-viz\data\raw\disgust\reg_img51 (2).jpg,disgust
C:\Users\mainh\OneDrive\Attachments\Máy tính\facial-emotion-viz\data\raw\disgust\reg_img88.jpg,disgust
C:\Users\mainh\OneDrive\Attachments\Máy tính\facial-emotion-viz\data\raw\happiness\reg_img62 (16).jpg,happiness
C:\Users\mainh\OneDrive\Attachments\Máy tính\facial-emotion-viz\data\raw\surprise\reg_img25 (3).jpg,surprise
C:\Users\mainh\OneDrive\Attachments\Máy tính\facial-emotion-viz\data\raw\happiness\reg_img45.jpg,happiness
C:\Users\mainh\OneDrive\Attachments\Máy tính\facial-emotion-viz\data\raw\disgust\reg_img29 (8).jpg,disgust
C:\Users\mainh\OneDrive\Attachments\Máy tính\facial-emotion-viz\data\raw\disgust\reg_img77 (10).jpg,disgust
C:\Users\mainh\OneDrive\Attachments\Máy tính\facial-emotion-viz\data\raw\disgust\reg_img175 (5).jpg,disgust
C:\Users\mainh\OneDrive\Attachments\Máy tính\facial-emotion-viz\data\raw\disgust\reg_img44 (18).jpg,disgust
C:\Users\mainh\OneDrive\Attachments\Máy tính\facial-emotion-viz\data\raw\happiness\reg_img59 (17).jpg,happiness
C:\Users\mainh\OneDrive\Attachments\Máy tính\facial-emotion-viz\data\raw\surprise\reg_img109 (8).jpg,surprise
C:\Users\mainh\OneDrive\Attachments\Máy tính\facial-emotion-viz\data\raw\disgust\reg_img56 (24).jpg,disgust
C:\Users\mainh\OneDrive\Attachments\Máy tính\facial-emotion-viz\data\raw\happiness\reg_img194 (2).jpg,happiness
C:\Users\mainh\OneDrive\Attachments\Máy tính\facial-emotion-viz\data\raw\happiness\reg_img130 (8).jpg,happiness
C:\Users\mainh\OneDrive\Attachments\Máy tính\facial-emotion-viz\data\raw\happiness\reg_img66 (12).jpg,happiness
C:\Users\mainh\OneDrive\Attachments\Máy tính\facial-emotion-viz\data\raw\repression\reg_img156 (9).jpg,repression
C:\Users\mainh\OneDrive\Attachments\Máy tính\facial-emotion-viz\data\raw\repression\reg_img81 (13).jpg,repression
C:\Users\mainh\OneDrive\Attachments\Máy tính\facial-emotion-viz\data\raw\surprise\reg_img69 (10).jpg,surprise
C:\Users\mainh\OneDrive\Attachments\Máy tính\facial-emotion-viz\data\raw\disgust\reg_img321.jpg,disgust
C:\Users\mainh\OneDrive\Attachments\Máy tính\facial-emotion-viz\data\raw\surprise\reg_img126.jpg,surprise
C:\Users\mainh\OneDrive\Attachments\Máy tính\facial-emotion-viz\data\raw\surprise\reg_img76 (17).jpg,surprise
C:\Users\mainh\OneDrive\Attachments\Máy tính\facial-emotion-viz\data\raw\happiness\reg_img67 (17).jpg,happiness
C:\Users\mainh\OneDrive\Attachments\Máy tính\facial-emotion-viz\data\raw\disgust\reg_img142 (4).jpg,disgust
C:\Users\mainh\OneDrive\Attachments\Máy tính\facial-emotion-viz\data\raw\disgust\reg_img26 (11).jpg,disgust
C:\Users\mainh\OneDrive\Attachments\Máy tính\facial-emotion-viz\data\raw\repression\reg_img60 (5).jpg,repression
C:\Users\mainh\OneDrive\Attachments\Máy tính\facial-emotion-viz\data\raw\repression\reg_img147.jpg,repression
C:\Users\mainh\OneDrive\Attachments\Máy tính\facial-emotion-viz\data\raw\happiness\reg_img104 (11).jpg,happiness
C:\Users\mainh\OneDrive\Attachments\Máy tính\facial-emotion-viz\data\raw\disgust\reg_img102 (16).jpg,disgust
C:\Users\mainh\OneDrive\Attachments\Máy tính\facial-emotion-viz\data\raw\happiness\reg_img6.jpg,happiness
C:\Users\mainh\OneDrive\Attachments\Máy tính\facial-emotion-viz\data\raw\repression\reg_img75 (7).jpg,repression
C:\Users\mainh\OneDrive\Attachments\Máy tính\facial-emotion-viz\data\raw\happiness\reg_img91 (17).jpg,happiness
C:\Users\mainh\OneDrive\Attachments\Máy tính\facial-emotion-viz\data\raw\repression\reg_img93 (14).jpg,repression
C:\Users\mainh\OneDrive\Attachments\Máy tính\facial-emotion-viz\data\raw\repression\reg_img71 (13).jpg,repression
C:\Users\mainh\OneDrive\Attachments\Máy tính\facial-emotion-viz\data\raw\disgust\reg_img95 (15).jpg,disgust
C:\Users\mainh\OneDrive\Attachments\Máy tính\facial-emotion-viz\data\raw\happiness\reg_img133.jpg,happiness
C:\Users\mainh\OneDrive\Attachments\Máy tính\facial-emotion-viz\data\raw\surprise\reg_img49.jpg,surprise
C:\Users\mainh\OneDrive\Attachments\Máy tính\facial-emotion-viz\data\raw\disgust\reg_img49 (16).jpg,disgust
C:\Users\mainh\OneDrive\Attachments\Máy tính\facial-emotion-viz\data\raw\repression\reg_img14 (3).jpg,repression
C:\Users\mainh\OneDrive\Attachments\Máy tính\facial-emotion-viz\data\raw\happiness\reg_img126 (6).jpg,happiness
C:\Users\mainh\OneDrive\Attachments\Máy tính\facial-emotion-viz\data\raw\happiness\reg_img114 (12).jpg,happiness
C:\Users\mainh\OneDrive\Attachments\Máy tính\facial-emotion-viz\data\raw\surprise\reg_img104 (3).jpg,surprise
C:\Users\mainh\OneDrive\Attachments\Máy tính\facial-emotion-viz\data\raw\surprise\reg_img53 (6).jpg,surprise
C:\Users\mainh\OneDrive\Attachments\Máy tính\facial-emotion-viz\data\raw\disgust\reg_img94 (31).jpg,disgust
C:\Users\mainh\OneDrive\Attachments\Máy tính\facial-emotion-viz\data\raw\repression\reg_img24 (5).jpg,repression
C:\Users\mainh\OneDrive\Attachments\Máy tính\facial-emotion-viz\data\raw\disgust\reg_img120 (25).jpg,disgust
C:\Users\mainh\OneDrive\Attachments\Máy tính\facial-emotion-viz\data\raw\repression\reg_img47 (3).jpg,repression
C:\Users\mainh\OneDrive\Attachments\Máy tính\facial-emotion-viz\data\raw\surprise\reg_img92 (12).jpg,surprise
C:\Users\mainh\OneDrive\Attachments\Máy tính\facial-emotion-viz\data\raw\disgust\reg_img122 (25).jpg,disgust
C:\Users\mainh\OneDrive\Attachments\Máy tính\facial-emotion-viz\data\raw\disgust\reg_img10 (2).jpg,disgust
C:\Users\mainh\OneDrive\Attachments\Máy tính\facial-emotion-viz\data\raw\disgust\reg_img98 (26).jpg,disgust
C:\Users\mainh\OneDrive\Attachments\Máy tính\facial-emotion-viz\data\raw\disgust\reg_img132 (7).jpg,disgust
C:\Users\mainh\OneDrive\Attachments\Máy tính\facial-emotion-viz\data\raw\surprise\reg_img80 (3).jpg,surprise
C:\Users\mainh\OneDrive\Attachments\Máy tính\facial-emotion-viz\data\raw\surprise\reg_img89 (4).jpg,surprise
C:\Users\mainh\OneDrive\Attachments\Máy tính\facial-emotion-viz\data\raw\disgust\reg_img38 (7).jpg,disgust
C:\Users\mainh\OneDrive\Attachments\Máy tính\facial-emotion-viz\data\raw\repression\reg_img68 (16).jpg,repression
C:\Users\mainh\OneDrive\Attachments\Máy tính\facial-emotion-viz\data\raw\surprise\reg_img14.jpg,surprise
C:\Users\mainh\OneDrive\Attachments\Máy tính\facial-emotion-viz\data\raw\disgust\reg_img120.jpg,disgust
C:\Users\mainh\OneDrive\Attachments\Máy tính\facial-emotion-viz\data\raw\disgust\reg_img83 (9).jpg,disgust
C:\Users\mainh\OneDrive\Attachments\Máy tính\facial-emotion-viz\data\raw\surprise\reg_img23 (2).jpg,surprise
C:\Users\mainh\OneDrive\Attachments\Máy tính\facial-emotion-viz\data\raw\repression\reg_img167 (7).jpg,repression
C:\Users\mainh\OneDrive\Attachments\Máy tính\facial-emotion-viz\data\raw\disgust\reg_img82 (34).jpg,disgust
C:\Users\mainh\OneDrive\Attachments\Máy tính\facial-emotion-viz\data\raw\disgust\reg_img305.jpg,disgust
C:\Users\mainh\OneDrive\Attachments\Máy tính\facial-emotion-viz\data\raw\repression\reg_img88 (7).jpg,repression
C:\Users\mainh\OneDrive\Attachments\Máy tính\facial-emotion-viz\data\raw\disgust\reg_img94 (17).jpg,disgust
C:\Users\mainh\OneDrive\Attachments\Máy tính\facial-emotion-viz\data\raw\surprise\reg_img71 (4).jpg,surprise
C:\Users\mainh\OneDrive\Attachments\Máy tính\facial-emotion-viz\data\raw\happiness\reg_img58 (2).jpg,happiness
C:\Users\mainh\OneDrive\Attachments\Máy tính\facial-emotion-viz\data\raw\surprise\reg_img82 (15).jpg,surprise
C:\Users\mainh\OneDrive\Attachments\Máy tính\facial-emotion-viz\data\raw\disgust\reg_img108 (8).jpg,disgust
C:\Users\mainh\OneDrive\Attachments\Máy tính\facial-emotion-viz\data\raw\disgust\reg_img132 (15).jpg,disgust
C:\Users\mainh\OneDrive\Attachments\Máy tính\facial-emotion-viz\data\raw\disgust\reg_img105 (19).jpg,disgust
C:\Users\mainh\OneDrive\Attachments\Máy tính\facial-emotion-viz\data\raw\repression\reg_img37 (5).jpg,repression
C:\Users\mainh\OneDrive\Attachments\Máy tính\facial-emotion-viz\data\raw\sadness\reg_img48 (2).jpg,sadness
C:\Users\mainh\OneDrive\Attachments\Máy tính\facial-emotion-viz\data\raw\repression\reg_img54 (4).jpg,repression
C:\Users\mainh\OneDrive\Attachments\Máy tính\facial-emotion-viz\data\raw\happiness\reg_img95 (15).jpg,happiness
C:\Users\mainh\OneDrive\Attachments\Máy tính\facial-emotion-viz\data\raw\repression\reg_img134 (11).jpg,repression
C:\Users\mainh\OneDrive\Attachments\Máy tính\facial-emotion-viz\data\raw\disgust\reg_img99 (29).jpg,disgust
C:\Users\mainh\OneDrive\Attachments\Máy tính\facial-emotion-viz\data\raw\repression\reg_img130 (12).jpg,repression
C:\Users\mainh\OneDrive\Attachments\Máy tính\facial-emotion-viz\data\raw\disgust\reg_img51 (20).jpg,disgust
C:\Users\mainh\OneDrive\Attachments\Máy tính\facial-emotion-viz\data\raw\disgust\reg_img185 (3).jpg,disgust
C:\Users\mainh\OneDrive\Attachments\Máy tính\facial-emotion-viz\data\raw\surprise\reg_img111 (2).jpg,surprise
C:\Users\mainh\OneDrive\Attachments\Máy tính\facial-emotion-viz\data\raw\repression\reg_img129 (12).jpg,repression
C:\Users\mainh\OneDrive\Attachments\Máy tính\facial-emotion-viz\data\raw\happiness\reg_img121 (8).jpg,happiness
C:\Users\mainh\OneDrive\Attachments\Máy tính\facial-emotion-viz\data\raw\happiness\reg_img118 (2).jpg,happiness
C:\Users\mainh\OneDrive\Attachments\Máy tính\facial-emotion-viz\data\raw\repression\reg_img203.jpg,repression
C:\Users\mainh\OneDrive\Attachments\Máy tính\facial-emotion-viz\data\raw\happiness\reg_img35 (4).jpg,happiness
C:\Users\mainh\OneDrive\Attachments\Máy tính\facial-emotion-viz\data\raw\repression\reg_img208.jpg,repression
C:\Users\mainh\OneDrive\Attachments\Máy tính\facial-emotion-viz\data\raw\repression\reg_img35 (4).jpg,repression
C:\Users\mainh\OneDrive\Attachments\Máy tính\facial-emotion-viz\data\raw\repression\reg_img97 (8).jpg,repression
C:\Users\mainh\OneDrive\Attachments\Máy tính\facial-emotion-viz\data\raw\happiness\reg_img127 (11).jpg,happiness
C:\Users\mainh\OneDrive\Attachments\Máy tính\facial-emotion-viz\data\raw\happiness\reg_img94 (20).jpg,happiness
C:\Users\mainh\OneDrive\Attachments\Máy tính\facial-emotion-viz\data\raw\disgust\reg_img70 (18).jpg,disgust
C:\Users\mainh\OneDrive\Attachments\Máy tính\facial-emotion-viz\data\raw\disgust\reg_img131.jpg,disgust
C:\Users\mainh\OneDrive\Attachments\Máy tính\facial-emotion-viz\data\raw\repression\reg_img99 (9).jpg,repression
C:\Users\mainh\OneDrive\Attachments\Máy tính\facial-emotion-viz\data\raw\disgust\reg_img65 (2).jpg,disgust
C:\Users\mainh\OneDrive\Attachments\Máy tính\facial-emotion-viz\data\raw\disgust\reg_img107 (31).jpg,disgust
C:\Users\mainh\OneDrive\Attachments\Máy tính\facial-emotion-viz\data\raw\disgust\reg_img14 (3).jpg,disgust
C:\Users\mainh\OneDrive\Attachments\Máy tính\facial-emotion-viz\data\raw\happiness\reg_img78 (15).jpg,happiness
C:\Users\mainh\OneDrive\Attachments\Máy tính\facial-emotion-viz\data\raw\disgust\reg_img95 (9).jpg,disgust
C:\Users\mainh\OneDrive\Attachments\Máy tính\facial-emotion-viz\data\raw\surprise\reg_img66 (6).jpg,surprise
C:\Users\mainh\OneDrive\Attachments\Máy tính\facial-emotion-viz\data\raw\repression\reg_img198.jpg,repression
C:\Users\mainh\OneDrive\Attachments\Máy tính\facial-emotion-viz\data\raw\happiness\reg_img134 (3).jpg,happiness
C:\Users\mainh\OneDrive\Attachments\Máy tính\facial-emotion-viz\data\raw\sadness\reg_img83.jpg,sadness
C:\Users\mainh\OneDrive\Attachments\Máy tính\facial-emotion-viz\data\raw\repression\reg_img35 (8).jpg,repression
C:\Users\mainh\OneDrive\Attachments\Máy tính\facial-emotion-viz\data\raw\repression\reg_img33 (7).jpg,repression
C:\Users\mainh\OneDrive\Attachments\Máy tính\facial-emotion-viz\data\raw\happiness\reg_img58.jpg,happiness
C:\Users\mainh\OneDrive\Attachments\Máy tính\facial-emotion-viz\data\raw\happiness\reg_img65 (2).jpg,happiness
C:\Users\mainh\OneDrive\Attachments\Máy tính\facial-emotion-viz\data\raw\disgust\reg_img49 (17).jpg,disgust
C:\Users\mainh\OneDrive\Attachments\Máy tính\facial-emotion-viz\data\raw\repression\reg_img72 (11).jpg,repression
C:\Users\mainh\OneDrive\Attachments\Máy tính\facial-emotion-viz\data\raw\disgust\reg_img97 (16).jpg,disgust
C:\Users\mainh\OneDrive\Attachments\Máy tính\facial-emotion-viz\data\raw\disgust\reg_img387.jpg,disgust
C:\Users\mainh\OneDrive\Attachments\Máy tính\facial-emotion-viz\data\raw\disgust\reg_img173.jpg,disgust
C:\Users\mainh\OneDrive\Attachments\Máy tính\facial-emotion-viz\data\raw\surprise\reg_img56 (7).jpg,surprise
C:\Users\mainh\OneDrive\Attachments\Máy tính\facial-emotion-viz\data\raw\disgust\reg_img92 (15).jpg,disgust
C:\Users\mainh\OneDrive\Attachments\Máy tính\facial-emotion-viz\data\raw\surprise\reg_img102 (2).jpg,surprise
C:\Users\mainh\OneDrive\Attachments\Máy tính\facial-emotion-viz\data\raw\disgust\reg_img107 (15).jpg,disgust
C:\Users\mainh\OneDrive\Attachments\Máy tính\facial-emotion-viz\data\raw\repression\reg_img29 (4).jpg,repression
C:\Users\mainh\OneDrive\Attachments\Máy tính\facial-emotion-viz\data\raw\happiness\reg_img87 (11).jpg,happiness
C:\Users\mainh\OneDrive\Attachments\Máy tính\facial-emotion-viz\data\raw\disgust\reg_img418.jpg,disgust
C:\Users\mainh\OneDrive\Attachments\Máy tính\facial-emotion-viz\data\raw\disgust\reg_img51 (22).jpg,disgust
C:\Users\mainh\OneDrive\Attachments\Máy tính\facial-emotion-viz\data\raw\happiness\reg_img64 (6).jpg,happiness
C:\Users\mainh\OneDrive\Attachments\Máy tính\facial-emotion-viz\data\raw\happiness\reg_img37 (7).jpg,happiness
C:\Users\mainh\OneDrive\Attachments\Máy tính\facial-emotion-viz\data\raw\disgust\reg_img92 (19).jpg,disgust
C:\Users\mainh\OneDrive\Attachments\Máy tính\facial-emotion-viz\data\raw\repression\reg_img176 (7).jpg,repression
C:\Users\mainh\OneDrive\Attachments\Máy tính\facial-emotion-viz\data\raw\disgust\reg_img100 (8).jpg,disgust
C:\Users\mainh\OneDrive\Attachments\Máy tính\facial-emotion-viz\data\raw\happiness\reg_img65 (6).jpg,happiness
C:\Users\mainh\OneDrive\Attachments\Máy tính\facial-emotion-viz\data\raw\repression\reg_img167 (5).jpg,repression
C:\Users\mainh\OneDrive\Attachments\Máy tính\facial-emotion-viz\data\raw\surprise\reg_img124 (4).jpg,surprise
C:\Users\mainh\OneDrive\Attachments\Máy tính\facial-emotion-viz\data\raw\disgust\reg_img55 (10).jpg,disgust
C:\Users\mainh\OneDrive\Attachments\Máy tính\facial-emotion-viz\data\raw\disgust\reg_img127 (14).jpg,disgust
C:\Users\mainh\OneDrive\Attachments\Máy tính\facial-emotion-viz\data\raw\happiness\reg_img219 (3).jpg,happiness
C:\Users\mainh\OneDrive\Attachments\Máy tính\facial-emotion-viz\data\raw\disgust\reg_img52 (4).jpg,disgust
C:\Users\mainh\OneDrive\Attachments\Máy tính\facial-emotion-viz\data\raw\disgust\reg_img65 (8).jpg,disgust
C:\Users\mainh\OneDrive\Attachments\Máy tính\facial-emotion-viz\data\raw\happiness\reg_img28.jpg,happiness
C:\Users\mainh\OneDrive\Attachments\Máy tính\facial-emotion-viz\data\raw\happiness\reg_img66 (14).jpg,happiness
C:\Users\mainh\OneDrive\Attachments\Máy tính\facial-emotion-viz\data\raw\happiness\reg_img35 (8).jpg,happiness
C:\Users\mainh\OneDrive\Attachments\Máy tính\facial-emotion-viz\data\raw\happiness\reg_img79 (18).jpg,happiness
C:\Users\mainh\OneDrive\Attachments\Máy tính\facial-emotion-viz\data\raw\disgust\reg_img42 (24).jpg,disgust
C:\Users\mainh\OneDrive\Attachments\Máy tính\facial-emotion-viz\data\raw\repression\reg_img79 (2).jpg,repression
C:\Users\mainh\OneDrive\Attachments\Máy tính\facial-emotion-viz\data\raw\surprise\reg_img57 (7).jpg,surprise
C:\Users\mainh\OneDrive\Attachments\Máy tính\facial-emotion-viz\data\raw\surprise\reg_img72 (5).jpg,surprise
C:\Users\mainh\OneDrive\Attachments\Máy tính\facial-emotion-viz\data\raw\disgust\reg_img80 (13).jpg,disgust
C:\Users\mainh\OneDrive\Attachments\Máy tính\facial-emotion-viz\data\raw\happiness\reg_img56 (13).jpg,happiness
C:\Users\mainh\OneDrive\Attachments\Máy tính\facial-emotion-viz\data\raw\happiness\reg_img109 (9).jpg,happiness
C:\Users\mainh\OneDrive\Attachments\Máy tính\facial-emotion-viz\data\raw\repression\reg_img172.jpg,repression
C:\Users\mainh\OneDrive\Attachments\Máy tính\facial-emotion-viz\data\raw\repression\reg_img30 (5).jpg,repression
C:\Users\mainh\OneDrive\Attachments\Máy tính\facial-emotion-viz\data\raw\happiness\reg_img10 (2).jpg,happiness
C:\Users\mainh\OneDrive\Attachments\Máy tính\facial-emotion-viz\data\raw\disgust\reg_img33 (10).jpg,disgust
C:\Users\mainh\OneDrive\Attachments\Máy tính\facial-emotion-viz\data\raw\repression\reg_img187.jpg,repression
C:\Users\mainh\OneDrive\Attachments\Máy tính\facial-emotion-viz\data\raw\happiness\reg_img71 (12).jpg,happiness
C:\Users\mainh\OneDrive\Attachments\Máy tính\facial-emotion-viz\data\raw\happiness\reg_img76 (6).jpg,happiness
C:\Users\mainh\OneDrive\Attachments\Máy tính\facial-emotion-viz\data\raw\repression\reg_img61 (14).jpg,repression
C:\Users\mainh\OneDrive\Attachments\Máy tính\facial-emotion-viz\data\raw\surprise\reg_img13 (2).jpg,surprise
C:\Users\mainh\OneDrive\Attachments\Máy tính\facial-emotion-viz\data\raw\happiness\reg_img228.jpg,happiness
C:\Users\mainh\OneDrive\Attachments\Máy tính\facial-emotion-viz\data\raw\disgust\reg_img94 (6).jpg,disgust
C:\Users\mainh\OneDrive\Attachments\Máy tính\facial-emotion-viz\data\raw\repression\reg_img19 (2).jpg,repression
C:\Users\mainh\OneDrive\Attachments\Máy tính\facial-emotion-viz\data\raw\happiness\reg_img78 (12).jpg,happiness
C:\Users\mainh\OneDrive\Attachments\Máy tính\facial-emotion-viz\data\raw\repression\reg_img67 (13).jpg,repression
C:\Users\mainh\OneDrive\Attachments\Máy tính\facial-emotion-viz\data\raw\disgust\reg_img98 (28).jpg,disgust
C:\Users\mainh\OneDrive\Attachments\Máy tính\facial-emotion-viz\data\raw\disgust\reg_img68 (25).jpg,disgust
C:\Users\mainh\OneDrive\Attachments\Máy tính\facial-emotion-viz\data\raw\repression\reg_img144 (4).jpg,repression
C:\Users\mainh\OneDrive\Attachments\Máy tính\facial-emotion-viz\data\raw\disgust\reg_img143 (4).jpg,disgust
C:\Users\mainh\OneDrive\Attachments\Máy tính\facial-emotion-viz\data\raw\repression\reg_img160 (6).jpg,repression
C:\Users\mainh\OneDrive\Attachments\Máy tính\facial-emotion-viz\data\raw\happiness\reg_img9.jpg,happiness
C:\Users\mainh\OneDrive\Attachments\Máy tính\facial-emotion-viz\data\raw\happiness\reg_img132 (4).jpg,happiness
C:\Users\mainh\OneDrive\Attachments\Máy tính\facial-emotion-viz\data\raw\happiness\reg_img98 (3).jpg,happiness
C:\Users\mainh\OneDrive\Attachments\Máy tính\facial-emotion-viz\data\raw\disgust\reg_img33 (5).jpg,disgust
C:\Users\mainh\OneDrive\Attachments\Máy tính\facial-emotion-viz\data\raw\happiness\reg_img192.jpg,happiness
C:\Users\mainh\OneDrive\Attachments\Máy tính\facial-emotion-viz\data\raw\repression\reg_img69 (8).jpg,repression
C:\Users\mainh\OneDrive\Attachments\Máy tính\facial-emotion-viz\data\raw\disgust\reg_img93 (29).jpg,disgust
C:\Users\mainh\OneDrive\Attachments\Máy tính\facial-emotion-viz\data\raw\repression\reg_img22.jpg,repression
C:\Users\mainh\OneDrive\Attachments\Máy tính\facial-emotion-viz\data\raw\disgust\reg_img82 (16).jpg,disgust
C:\Users\mainh\OneDrive\Attachments\Máy tính\facial-emotion-viz\data\raw\disgust\reg_img126 (11).jpg,disgust
C:\Users\mainh\OneDrive\Attachments\Máy tính\facial-emotion-viz\data\raw\disgust\reg_img73 (10).jpg,disgust
C:\Users\mainh\OneDrive\Attachments\Máy tính\facial-emotion-viz\data\raw\disgust\reg_img52 (6).jpg,disgust
C:\Users\mainh\OneDrive\Attachments\Máy tính\facial-emotion-viz\data\raw\disgust\reg_img59 (20).jpg,disgust
C:\Users\mainh\OneDrive\Attachments\Máy tính\facial-emotion-viz\data\raw\repression\reg_img125 (9).jpg,repression
C:\Users\mainh\OneDrive\Attachments\Máy tính\facial-emotion-viz\data\raw\disgust\reg_img131 (7).jpg,disgust
C:\Users\mainh\OneDrive\Attachments\Máy tính\facial-emotion-viz\data\raw\happiness\reg_img107 (14).jpg,happiness
C:\Users\mainh\OneDrive\Attachments\Máy tính\facial-emotion-viz\data\raw\sadness\reg_img46 (2).jpg,sadness
C:\Users\mainh\OneDrive\Attachments\Máy tính\facial-emotion-viz\data\raw\disgust\reg_img66 (29).jpg,disgust
C:\Users\mainh\OneDrive\Attachments\Máy tính\facial-emotion-viz\data\raw\happiness\reg_img21.jpg,happiness
C:\Users\mainh\OneDrive\Attachments\Máy tính\facial-emotion-viz\data\raw\disgust\reg_img63 (16).jpg,disgust
C:\Users\mainh\OneDrive\Attachments\Máy tính\facial-emotion-viz\data\raw\disgust\reg_img126 (4).jpg,disgust
C:\Users\mainh\OneDrive\Attachments\Máy tính\facial-emotion-viz\data\raw\disgust\reg_img90 (32).jpg,disgust
C:\Users\mainh\OneDrive\Attachments\Máy tính\facial-emotion-viz\data\raw\disgust\reg_img129 (14).jpg,disgust
C:\Users\mainh\OneDrive\Attachments\Máy tính\facial-emotion-viz\data\raw\happiness\reg_img109.jpg,happiness
C:\Users\mainh\OneDrive\Attachments\Máy tính\facial-emotion-viz\data\raw\repression\reg_img42 (7).jpg,repression
C:\Users\mainh\OneDrive\Attachments\Máy tính\facial-emotion-viz\data\raw\surprise\reg_img88 (11).jpg,surprise
C:\Users\mainh\OneDrive\Attachments\Máy tính\facial-emotion-viz\data\raw\disgust\reg_img92 (9).jpg,disgust
C:\Users\mainh\OneDrive\Attachments\Máy tính\facial-emotion-viz\data\raw\surprise\reg_img76 (3).jpg,surprise
C:\Users\mainh\OneDrive\Attachments\Máy tính\facial-emotion-viz\data\raw\happiness\reg_img81 (12).jpg,happiness
C:\Users\mainh\OneDrive\Attachments\Máy tính\facial-emotion-viz\data\raw\disgust\reg_img88 (35).jpg,disgust
C:\Users\mainh\OneDrive\Attachments\Máy tính\facial-emotion-viz\data\raw\repression\reg_img180 (7).jpg,repression
C:\Users\mainh\OneDrive\Attachments\Máy tính\facial-emotion-viz\data\raw\disgust\reg_img72 (8).jpg,disgust
C:\Users\mainh\OneDrive\Attachments\Máy tính\facial-emotion-viz\data\raw\disgust\reg_img422.jpg,disgust
C:\Users\mainh\OneDrive\Attachments\Máy tính\facial-emotion-viz\data\raw\repression\reg_img107 (3).jpg,repression
C:\Users\mainh\OneDrive\Attachments\Máy tính\facial-emotion-viz\data\raw\repression\reg_img128 (9).jpg,repression
C:\Users\mainh\OneDrive\Attachments\Máy tính\facial-emotion-viz\data\raw\happiness\reg_img179 (3).jpg,happiness
C:\Users\mainh\OneDrive\Attachments\Máy tính\facial-emotion-viz\data\raw\disgust\reg_img87 (13).jpg,disgust
C:\Users\mainh\OneDrive\Attachments\Máy tính\facial-emotion-viz\data\raw\happiness\reg_img44 (3).jpg,happiness
C:\Users\mainh\OneDrive\Attachments\Máy tính\facial-emotion-viz\data\raw\disgust\reg_img19 (5).jpg,disgust
C:\Users\mainh\OneDrive\Attachments\Máy tính\facial-emotion-viz\data\raw\surprise\reg_img106.jpg,surprise
C:\Users\mainh\OneDrive\Attachments\Máy tính\facial-emotion-viz\data\raw\disgust\reg_img119 (5).jpg,disgust
C:\Users\mainh\OneDrive\Attachments\Máy tính\facial-emotion-viz\data\raw\happiness\reg_img46 (9).jpg,happiness
C:\Users\mainh\OneDrive\Attachments\Máy tính\facial-emotion-viz\data\raw\repression\reg_img103 (11).jpg,repression
C:\Users\mainh\OneDrive\Attachments\Máy tính\facial-emotion-viz\data\raw\repression\reg_img62 (7).jpg,repression
C:\Users\mainh\OneDrive\Attachments\Máy tính\facial-emotion-viz\data\raw\happiness\reg_img63 (7).jpg,happiness
C:\Users\mainh\OneDrive\Attachments\Máy tính\facial-emotion-viz\data\raw\disgust\reg_img77 (16).jpg,disgust
C:\Users\mainh\OneDrive\Attachments\Máy tính\facial-emotion-viz\data\raw\repression\reg_img93 (7).jpg,repression
C:\Users\mainh\OneDrive\Attachments\Máy tính\facial-emotion-viz\data\raw\disgust\reg_img94 (12).jpg,disgust
C:\Users\mainh\OneDrive\Attachments\Máy tính\facial-emotion-viz\data\raw\repression\reg_img53 (14).jpg,repression
C:\Users\mainh\OneDrive\Attachments\Máy tính\facial-emotion-viz\data\raw\surprise\reg_img99 (11).jpg,surprise
C:\Users\mainh\OneDrive\Attachments\Máy tính\facial-emotion-viz\data\raw\disgust\reg_img41 (2).jpg,disgust
C:\Users\mainh\OneDrive\Attachments\Máy tính\facial-emotion-viz\data\raw\surprise\reg_img108.jpg,surprise
C:\Users\mainh\OneDrive\Attachments\Máy tính\facial-emotion-viz\data\raw\repression\reg_img106.jpg,repression
C:\Users\mainh\OneDrive\Attachments\Máy tính\facial-emotion-viz\data\raw\surprise\reg_img47 (3).jpg,surprise
C:\Users\mainh\OneDrive\Attachments\Máy tính\facial-emotion-viz\data\raw\repression\reg_img172 (4).jpg,repression
C:\Users\mainh\OneDrive\Attachments\Máy tính\facial-emotion-viz\data\raw\repression\reg_img58 (3).jpg,repression
C:\Users\mainh\OneDrive\Attachments\Máy tính\facial-emotion-viz\data\raw\disgust\reg_img120 (26).jpg,disgust
C:\Users\mainh\OneDrive\Attachments\Máy tính\facial-emotion-viz\data\raw\happiness\reg_img60 (7).jpg,happiness
C:\Users\mainh\OneDrive\Attachments\Máy tính\facial-emotion-viz\data\raw\fear\reg_img15.jpg,fear
C:\Users\mainh\OneDrive\Attachments\Máy tính\facial-emotion-viz\data\raw\repression\reg_img169.jpg,repression
C:\Users\mainh\OneDrive\Attachments\Máy tính\facial-emotion-viz\data\raw\happiness\reg_img130 (3).jpg,happiness
C:\Users\mainh\OneDrive\Attachments\Máy tính\facial-emotion-viz\data\raw\repression\reg_img117 (9).jpg,repression
C:\Users\mainh\OneDrive\Attachments\Máy tính\facial-emotion-viz\data\raw\repression\reg_img22 (3).jpg,repression
C:\Users\mainh\OneDrive\Attachments\Máy tính\facial-emotion-viz\data\raw\surprise\reg_img95 (6).jpg,surprise
C:\Users\mainh\OneDrive\Attachments\Máy tính\facial-emotion-viz\data\raw\happiness\reg_img46 (7).jpg,happiness
C:\Users\mainh\OneDrive\Attachments\Máy tính\facial-emotion-viz\data\raw\happiness\reg_img26 (2).jpg,happiness
C:\Users\mainh\OneDrive\Attachments\Máy tính\facial-emotion-viz\data\raw\disgust\reg_img136 (7).jpg,disgust
C:\Users\mainh\OneDrive\Attachments\Máy tính\facial-emotion-viz\data\raw\repression\reg_img125 (3).jpg,repression
C:\Users\mainh\OneDrive\Attachments\Máy tính\facial-emotion-viz\data\raw\disgust\reg_img148 (7).jpg,disgust
C:\Users\mainh\OneDrive\Attachments\Máy tính\facial-emotion-viz\data\raw\repression\reg_img126 (3).jpg,repression
C:\Users\mainh\OneDrive\Attachments\Máy tính\facial-emotion-viz\data\raw\repression\reg_img209.jpg,repression
C:\Users\mainh\OneDrive\Attachments\Máy tính\facial-emotion-viz\data\raw\repression\reg_img48 (2).jpg,repression
C:\Users\mainh\OneDrive\Attachments\Máy tính\facial-emotion-viz\data\raw\repression\reg_img188.jpg,repression
C:\Users\mainh\OneDrive\Attachments\Máy tính\facial-emotion-viz\data\raw\repression\reg_img36 (9).jpg,repression
C:\Users\mainh\OneDrive\Attachments\Máy tính\facial-emotion-viz\data\raw\happiness\reg_img162 (2).jpg,happiness
C:\Users\mainh\OneDrive\Attachments\Máy tính\facial-emotion-viz\data\raw\disgust\reg_img85 (18).jpg,disgust
C:\Users\mainh\OneDrive\Attachments\Máy tính\facial-emotion-viz\data\raw\repression\reg_img201.jpg,repression
C:\Users\mainh\OneDrive\Attachments\Máy tính\facial-emotion-viz\data\raw\happiness\reg_img69 (15).jpg,happiness
C:\Users\mainh\OneDrive\Attachments\Máy tính\facial-emotion-viz\data\raw\disgust\reg_img52 (5).jpg,disgust
C:\Users\mainh\OneDrive\Attachments\Máy tính\facial-emotion-viz\data\raw\repression\reg_img224 (2).jpg,repression
C:\Users\mainh\OneDrive\Attachments\Máy tính\facial-emotion-viz\data\raw\disgust\reg_img83 (19).jpg,disgust
C:\Users\mainh\OneDrive\Attachments\Máy tính\facial-emotion-viz\data\raw\happiness\reg_img96 (2).jpg,happiness
C:\Users\mainh\OneDrive\Attachments\Máy tính\facial-emotion-viz\data\raw\disgust\reg_img69 (33).jpg,disgust
C:\Users\mainh\OneDrive\Attachments\Máy tính\facial-emotion-viz\data\raw\happiness\reg_img104 (3).jpg,happiness
C:\Users\mainh\OneDrive\Attachments\Máy tính\facial-emotion-viz\data\raw\surprise\reg_img100 (2).jpg,surprise
C:\Users\mainh\OneDrive\Attachments\Máy tính\facial-emotion-viz\data\raw\repression\reg_img180 (8).jpg,repression
C:\Users\mainh\OneDrive\Attachments\Máy tính\facial-emotion-viz\data\raw\disgust\reg_img179 (2).jpg,disgust
C:\Users\mainh\OneDrive\Attachments\Máy tính\facial-emotion-viz\data\raw\repression\reg_img157 (8).jpg,repression
C:\Users\mainh\OneDrive\Attachments\Máy tính\facial-emotion-viz\data\raw\happiness\reg_img75 (20).jpg,happiness
C:\Users\mainh\OneDrive\Attachments\Máy tính\facial-emotion-viz\data\raw\happiness\reg_img79 (5).jpg,happiness
C:\Users\mainh\OneDrive\Attachments\Máy tính\facial-emotion-viz\data\raw\happiness\reg_img31 (5).jpg,happiness
C:\Users\mainh\OneDrive\Attachments\Máy tính\facial-emotion-viz\data\raw\disgust\reg_img43 (20).jpg,disgust
C:\Users\mainh\OneDrive\Attachments\Máy tính\facial-emotion-viz\data\raw\happiness\reg_img43 (6).jpg,happiness
C:\Users\mainh\OneDrive\Attachments\Máy tính\facial-emotion-viz\data\raw\surprise\reg_img52.jpg,surprise
C:\Users\mainh\OneDrive\Attachments\Máy tính\facial-emotion-viz\data\raw\disgust\reg_img28 (13).jpg,disgust
C:\Users\mainh\OneDrive\Attachments\Máy tính\facial-emotion-viz\data\raw\happiness\reg_img42 (5).jpg,happiness
C:\Users\mainh\OneDrive\Attachments\Máy tính\facial-emotion-viz\data\raw\surprise\reg_img20 (4).jpg,surprise
C:\Users\mainh\OneDrive\Attachments\Máy tính\facial-emotion-viz\data\raw\happiness\reg_img118 (8).jpg,happiness
C:\Users\mainh\OneDrive\Attachments\Máy tính\facial-emotion-viz\data\raw\surprise\reg_img29 (6).jpg,surprise
C:\Users\mainh\OneDrive\Attachments\Máy tính\facial-emotion-viz\data\raw\repression\reg_img118 (14).jpg,repression
C:\Users\mainh\OneDrive\Attachments\Máy tính\facial-emotion-viz\data\raw\happiness\reg_img186 (3).jpg,happiness
C:\Users\mainh\OneDrive\Attachments\Máy tính\facial-emotion-viz\data\raw\repression\reg_img62 (16).jpg,repression
C:\Users\mainh\OneDrive\Attachments\Máy tính\facial-emotion-viz\data\raw\disgust\reg_img88 (23).jpg,disgust
C:\Users\mainh\OneDrive\Attachments\Máy tính\facial-emotion-viz\data\raw\repression\reg_img48 (11).jpg,repression
C:\Users\mainh\OneDrive\Attachments\Máy tính\facial-emotion-viz\data\raw\happiness\reg_img40 (14).jpg,happiness
C:\Users\mainh\OneDrive\Attachments\Máy tính\facial-emotion-viz\data\raw\happiness\reg_img34 (10).jpg,happiness
C:\Users\mainh\OneDrive\Attachments\Máy tính\facial-emotion-viz\data\raw\happiness\reg_img62 (5).jpg,happiness
C:\Users\mainh\OneDrive\Attachments\Máy tính\facial-emotion-viz\data\raw\happiness\reg_img70 (5).jpg,happiness
C:\Users\mainh\OneDrive\Attachments\Máy tính\facial-emotion-viz\data\raw\happiness\reg_img217.jpg,happiness
C:\Users\mainh\OneDrive\Attachments\Máy tính\facial-emotion-viz\data\raw\surprise\reg_img61 (12).jpg,surprise
C:\Users\mainh\OneDrive\Attachments\Máy tính\facial-emotion-viz\data\raw\happiness\reg_img70 (2).jpg,happiness
C:\Users\mainh\OneDrive\Attachments\Máy tính\facial-emotion-viz\data\raw\repression\reg_img123 (8).jpg,repression
C:\Users\mainh\OneDrive\Attachments\Máy tính\facial-emotion-viz\data\raw\disgust\reg_img25 (13).jpg,disgust
C:\Users\mainh\OneDrive\Attachments\Máy tính\facial-emotion-viz\data\raw\disgust\reg_img40 (25).jpg,disgust
C:\Users\mainh\OneDrive\Attachments\Máy tính\facial-emotion-viz\data\raw\repression\reg_img162 (2).jpg,repression
C:\Users\mainh\OneDrive\Attachments\Máy tính\facial-emotion-viz\data\raw\happiness\reg_img182.jpg,happiness
C:\Users\mainh\OneDrive\Attachments\Máy tính\facial-emotion-viz\data\raw\surprise\reg_img141 (5).jpg,surprise
C:\Users\mainh\OneDrive\Attachments\Máy tính\facial-emotion-viz\data\raw\disgust\reg_img87 (9).jpg,disgust
C:\Users\mainh\OneDrive\Attachments\Máy tính\facial-emotion-viz\data\raw\repression\reg_img26 (3).jpg,repression
C:\Users\mainh\OneDrive\Attachments\Máy tính\facial-emotion-viz\data\raw\repression\reg_img58 (9).jpg,repression
C:\Users\mainh\OneDrive\Attachments\Máy tính\facial-emotion-viz\data\raw\happiness\reg_img23 (2).jpg,happiness
C:\Users\mainh\OneDrive\Attachments\Máy tính\facial-emotion-viz\data\raw\happiness\reg_img96 (19).jpg,happiness
C:\Users\mainh\OneDrive\Attachments\Máy tính\facial-emotion-viz\data\raw\happiness\reg_img97 (18).jpg,happiness
C:\Users\mainh\OneDrive\Attachments\Máy tính\facial-emotion-viz\data\raw\happiness\reg_img162.jpg,happiness
C:\Users\mainh\OneDrive\Attachments\Máy tính\facial-emotion-viz\data\raw\disgust\reg_img129 (11).jpg,disgust
C:\Users\mainh\OneDrive\Attachments\Máy tính\facial-emotion-viz\data\raw\repression\reg_img173 (5).jpg,repression
C:\Users\mainh\OneDrive\Attachments\Máy tính\facial-emotion-viz\data\raw\happiness\reg_img20 (3).jpg,happiness
C:\Users\mainh\OneDrive\Attachments\Máy tính\facial-emotion-viz\data\raw\disgust\reg_img82 (25).jpg,disgust
C:\Users\mainh\OneDrive\Attachments\Máy tính\facial-emotion-viz\data\raw\surprise\reg_img57 (2).jpg,surprise
C:\Users\mainh\OneDrive\Attachments\Máy tính\facial-emotion-viz\data\raw\repression\reg_img131 (3).jpg,repression
C:\Users\mainh\OneDrive\Attachments\Máy tính\facial-emotion-viz\data\raw\disgust\reg_img93 (2).jpg,disgust
C:\Users\mainh\OneDrive\Attachments\Máy tính\facial-emotion-viz\data\raw\disgust\reg_img106 (30).jpg,disgust
C:\Users\mainh\OneDrive\Attachments\Máy tính\facial-emotion-viz\data\raw\happiness\reg_img62 (8).jpg,happiness
C:\Users\mainh\OneDrive\Attachments\Máy tính\facial-emotion-viz\data\raw\disgust\reg_img166 (3).jpg,disgust
C:\Users\mainh\OneDrive\Attachments\Máy tính\facial-emotion-viz\data\raw\surprise\reg_img44 (4).jpg,surprise
C:\Users\mainh\OneDrive\Attachments\Máy tính\facial-emotion-viz\data\raw\disgust\reg_img224.jpg,disgust
C:\Users\mainh\OneDrive\Attachments\Máy tính\facial-emotion-viz\data\raw\sadness\reg_img47 (3).jpg,sadness
C:\Users\mainh\OneDrive\Attachments\Máy tính\facial-emotion-viz\data\raw\disgust\reg_img72 (15).jpg,disgust
C:\Users\mainh\OneDrive\Attachments\Máy tính\facial-emotion-viz\data\raw\repression\reg_img56 (13).jpg,repression
C:\Users\mainh\OneDrive\Attachments\Máy tính\facial-emotion-viz\data\raw\disgust\reg_img139 (14).jpg,disgust
C:\Users\mainh\OneDrive\Attachments\Máy tính\facial-emotion-viz\data\raw\sadness\reg_img346.jpg,sadness
C:\Users\mainh\OneDrive\Attachments\Máy tính\facial-emotion-viz\data\raw\disgust\reg_img61 (9).jpg,disgust
C:\Users\mainh\OneDrive\Attachments\Máy tính\facial-emotion-viz\data\raw\repression\reg_img136 (5).jpg,repression
C:\Users\mainh\OneDrive\Attachments\Máy tính\facial-emotion-viz\data\raw\repression\reg_img70 (13).jpg,repression
C:\Users\mainh\OneDrive\Attachments\Máy tính\facial-emotion-viz\data\raw\disgust\reg_img105 (14).jpg,disgust
C:\Users\mainh\OneDrive\Attachments\Máy tính\facial-emotion-viz\data\raw\disgust\reg_img93 (3).jpg,disgust
C:\Users\mainh\OneDrive\Attachments\Máy tính\facial-emotion-viz\data\raw\disgust\reg_img163 (2).jpg,disgust
C:\Users\mainh\OneDrive\Attachments\Máy tính\facial-emotion-viz\data\raw\disgust\reg_img26.jpg,disgust
C:\Users\mainh\OneDrive\Attachments\Máy tính\facial-emotion-viz\data\raw\sadness\reg_img352.jpg,sadness
C:\Users\mainh\OneDrive\Attachments\Máy tính\facial-emotion-viz\data\raw\surprise\reg_img147 (7).jpg,surprise
C:\Users\mainh\OneDrive\Attachments\Máy tính\facial-emotion-viz\data\raw\fear\reg_img84.jpg,fear
C:\Users\mainh\OneDrive\Attachments\Máy tính\facial-emotion-viz\data\raw\disgust\reg_img71 (9).jpg,disgust
C:\Users\mainh\OneDrive\Attachments\Máy tính\facial-emotion-viz\data\raw\disgust\reg_img64 (19).jpg,disgust
C:\Users\mainh\OneDrive\Attachments\Máy tính\facial-emotion-viz\data\raw\disgust\reg_img148 (3).jpg,disgust
C:\Users\mainh\OneDrive\Attachments\Máy tính\facial-emotion-viz\data\raw\disgust\reg_img397 (2).jpg,disgust
C:\Users\mainh\OneDrive\Attachments\Máy tính\facial-emotion-viz\data\raw\happiness\reg_img43 (10).jpg,happiness
C:\Users\mainh\OneDrive\Attachments\Máy tính\facial-emotion-viz\data\raw\happiness\reg_img93 (13).jpg,happiness
C:\Users\mainh\OneDrive\Attachments\Máy tính\facial-emotion-viz\data\raw\fear\reg_img117.jpg,fear
C:\Users\mainh\OneDrive\Attachments\Máy tính\facial-emotion-viz\data\raw\happiness\reg_img58 (4).jpg,happiness
C:\Users\mainh\OneDrive\Attachments\Máy tính\facial-emotion-viz\data\raw\repression\reg_img28.jpg,repression
C:\Users\mainh\OneDrive\Attachments\Máy tính\facial-emotion-viz\data\raw\happiness\reg_img67.jpg,happiness
C:\Users\mainh\OneDrive\Attachments\Máy tính\facial-emotion-viz\data\raw\disgust\reg_img123 (15).jpg,disgust
C:\Users\mainh\OneDrive\Attachments\Máy tính\facial-emotion-viz\data\raw\disgust\reg_img43 (21).jpg,disgust
C:\Users\mainh\OneDrive\Attachments\Máy tính\facial-emotion-viz\data\raw\disgust\reg_img78 (7).jpg,disgust
C:\Users\mainh\OneDrive\Attachments\Máy tính\facial-emotion-viz\data\raw\surprise\reg_img152.jpg,surprise
C:\Users\mainh\OneDrive\Attachments\Máy tính\facial-emotion-viz\data\raw\disgust\reg_img51 (8).jpg,disgust
C:\Users\mainh\OneDrive\Attachments\Máy tính\facial-emotion-viz\data\raw\disgust\reg_img70 (16).jpg,disgust
C:\Users\mainh\OneDrive\Attachments\Máy tính\facial-emotion-viz\data\raw\repression\reg_img168.jpg,repression
C:\Users\mainh\OneDrive\Attachments\Máy tính\facial-emotion-viz\data\raw\disgust\reg_img53 (9).jpg,disgust
C:\Users\mainh\OneDrive\Attachments\Máy tính\facial-emotion-viz\data\raw\happiness\reg_img61 (2).jpg,happiness
C:\Users\mainh\OneDrive\Attachments\Máy tính\facial-emotion-viz\data\raw\repression\reg_img136 (13).jpg,repression
C:\Users\mainh\OneDrive\Attachments\Máy tính\facial-emotion-viz\data\raw\surprise\reg_img75 (2).jpg,surprise
C:\Users\mainh\OneDrive\Attachments\Máy tính\facial-emotion-viz\data\raw\happiness\reg_img136 (7).jpg,happiness
C:\Users\mainh\OneDrive\Attachments\Máy tính\facial-emotion-viz\data\raw\happiness\reg_img72 (9).jpg,happiness
C:\Users\mainh\OneDrive\Attachments\Máy tính\facial-emotion-viz\data\raw\happiness\reg_img109 (4).jpg,happiness
C:\Users\mainh\OneDrive\Attachments\Máy tính\facial-emotion-viz\data\raw\disgust\reg_img151.jpg,disgust
C:\Users\mainh\OneDrive\Attachments\Máy tính\facial-emotion-viz\data\raw\happiness\reg_img187.jpg,happiness
C:\Users\mainh\OneDrive\Attachments\Máy tính\facial-emotion-viz\data\raw\repression\reg_img99 (11).jpg,repression
C:\Users\mainh\OneDrive\Attachments\Máy tính\facial-emotion-viz\data\raw\disgust\reg_img58 (4).jpg,disgust
C:\Users\mainh\OneDrive\Attachments\Máy tính\facial-emotion-viz\data\raw\happiness\reg_img47 (12).jpg,happiness
C:\Users\mainh\OneDrive\Attachments\Máy tính\facial-emotion-viz\data\raw\surprise\reg_img148 (6).jpg,surprise
C:\Users\mainh\OneDrive\Attachments\Máy tính\facial-emotion-viz\data\raw\sadness\reg_img363.jpg,sadness
C:\Users\mainh\OneDrive\Attachments\Máy tính\facial-emotion-viz\data\raw\repression\reg_img62 (4).jpg,repression
C:\Users\mainh\OneDrive\Attachments\Máy tính\facial-emotion-viz\data\raw\surprise\reg_img64 (3).jpg,surprise
C:\Users\mainh\OneDrive\Attachments\Máy tính\facial-emotion-viz\data\raw\disgust\reg_img54 (17).jpg,disgust
C:\Users\mainh\OneDrive\Attachments\Máy tính\facial-emotion-viz\data\raw\repression\reg_img151 (6).jpg,repression
C:\Users\mainh\OneDrive\Attachments\Máy tính\facial-emotion-viz\data\raw\disgust\reg_img72.jpg,disgust
C:\Users\mainh\OneDrive\Attachments\Máy tính\facial-emotion-viz\data\raw\disgust\reg_img34 (11).jpg,disgust
C:\Users\mainh\OneDrive\Attachments\Máy tính\facial-emotion-viz\data\raw\disgust\reg_img117 (11).jpg,disgust
C:\Users\mainh\OneDrive\Attachments\Máy tính\facial-emotion-viz\data\raw\surprise\reg_img147 (4).jpg,surprise
C:\Users\mainh\OneDrive\Attachments\Máy tính\facial-emotion-viz\data\raw\disgust\reg_img187 (3).jpg,disgust
C:\Users\mainh\OneDrive\Attachments\Máy tính\facial-emotion-viz\data\raw\fear\reg_img112.jpg,fear
C:\Users\mainh\OneDrive\Attachments\Máy tính\facial-emotion-viz\data\raw\happiness\reg_img90.jpg,happiness
C:\Users\mainh\OneDrive\Attachments\Máy tính\facial-emotion-viz\data\raw\disgust\reg_img120 (23).jpg,disgust
C:\Users\mainh\OneDrive\Attachments\Máy tính\facial-emotion-viz\data\raw\disgust\reg_img42 (18).jpg,disgust
C:\Users\mainh\OneDrive\Attachments\Máy tính\facial-emotion-viz\data\raw\disgust\reg_img101 (11).jpg,disgust
C:\Users\mainh\OneDrive\Attachments\Máy tính\facial-emotion-viz\data\raw\surprise\reg_img75 (7).jpg,surprise
C:\Users\mainh\OneDrive\Attachments\Máy tính\facial-emotion-viz\data\raw\repression\reg_img81 (12).jpg,repression
C:\Users\mainh\OneDrive\Attachments\Máy tính\facial-emotion-viz\data\raw\disgust\reg_img97 (25).jpg,disgust
C:\Users\mainh\OneDrive\Attachments\Máy tính\facial-emotion-viz\data\raw\happiness\reg_img71 (15).jpg,happiness
C:\Users\mainh\OneDrive\Attachments\Máy tính\facial-emotion-viz\data\raw\repression\reg_img47 (11).jpg,repression
C:\Users\mainh\OneDrive\Attachments\Máy tính\facial-emotion-viz\data\raw\disgust\reg_img48 (4).jpg,disgust
C:\Users\mainh\OneDrive\Attachments\Máy tính\facial-emotion-viz\data\raw\repression\reg_img198 (2).jpg,repression
C:\Users\mainh\OneDrive\Attachments\Máy tính\facial-emotion-viz\data\raw\repression\reg_img51 (13).jpg,repression
C:\Users\mainh\OneDrive\Attachments\Máy tính\facial-emotion-viz\data\raw\happiness\reg_img58 (12).jpg,happiness
C:\Users\mainh\OneDrive\Attachments\Máy tính\facial-emotion-viz\data\raw\repression\reg_img27 (2).jpg,repression
C:\Users\mainh\OneDrive\Attachments\Máy tính\facial-emotion-viz\data\raw\happiness\reg_img67 (8).jpg,happiness
C:\Users\mainh\OneDrive\Attachments\Máy tính\facial-emotion-viz\data\raw\disgust\reg_img75 (29).jpg,disgust
C:\Users\mainh\OneDrive\Attachments\Máy tính\facial-emotion-viz\data\raw\surprise\reg_img159 (3).jpg,surprise
C:\Users\mainh\OneDrive\Attachments\Máy tính\facial-emotion-viz\data\raw\happiness\reg_img55 (2).jpg,happiness
C:\Users\mainh\OneDrive\Attachments\Máy tính\facial-emotion-viz\data\raw\disgust\reg_img47 (4).jpg,disgust
C:\Users\mainh\OneDrive\Attachments\Máy tính\facial-emotion-viz\data\raw\happiness\reg_img193 (3).jpg,happiness
C:\Users\mainh\OneDrive\Attachments\Máy tính\facial-emotion-viz\data\raw\happiness\reg_img137 (4).jpg,happiness
C:\Users\mainh\OneDrive\Attachments\Máy tính\facial-emotion-viz\data\raw\repression\reg_img161 (8).jpg,repression
C:\Users\mainh\OneDrive\Attachments\Máy tính\facial-emotion-viz\data\raw\repression\reg_img31 (6).jpg,repression
C:\Users\mainh\OneDrive\Attachments\Máy tính\facial-emotion-viz\data\raw\happiness\reg_img88 (6).jpg,happiness
C:\Users\mainh\OneDrive\Attachments\Máy tính\facial-emotion-viz\data\raw\happiness\reg_img65 (18).jpg,happiness
C:\Users\mainh\OneDrive\Attachments\Máy tính\facial-emotion-viz\data\raw\surprise\reg_img74 (11).jpg,surprise
C:\Users\mainh\OneDrive\Attachments\Máy tính\facial-emotion-viz\data\raw\happiness\reg_img175.jpg,happiness
C:\Users\mainh\OneDrive\Attachments\Máy tính\facial-emotion-viz\data\raw\surprise\reg_img36.jpg,surprise
C:\Users\mainh\OneDrive\Attachments\Máy tính\facial-emotion-viz\data\raw\surprise\reg_img38 (5).jpg,surprise
C:\Users\mainh\OneDrive\Attachments\Máy tính\facial-emotion-viz\data\raw\surprise\reg_img52 (10).jpg,surprise
C:\Users\mainh\OneDrive\Attachments\Máy tính\facial-emotion-viz\data\raw\happiness\reg_img110 (12).jpg,happiness
C:\Users\mainh\OneDrive\Attachments\Máy tính\facial-emotion-viz\data\raw\surprise\reg_img67 (2).jpg,surprise
C:\Users\mainh\OneDrive\Attachments\Máy tính\facial-emotion-viz\data\raw\surprise\reg_img86.jpg,surprise
C:\Users\mainh\OneDrive\Attachments\Máy tính\facial-emotion-viz\data\raw\repression\reg_img141 (3).jpg,repression
C:\Users\mainh\OneDrive\Attachments\Máy tính\facial-emotion-viz\data\raw\disgust\reg_img84 (29).jpg,disgust
C:\Users\mainh\OneDrive\Attachments\Máy tính\facial-emotion-viz\data\raw\disgust\reg_img106 (18).jpg,disgust
C:\Users\mainh\OneDrive\Attachments\Máy tính\facial-emotion-viz\data\raw\repression\reg_img52 (15).jpg,repression
C:\Users\mainh\OneDrive\Attachments\Máy tính\facial-emotion-viz\data\raw\disgust\reg_img36 (8).jpg,disgust
C:\Users\mainh\OneDrive\Attachments\Máy tính\facial-emotion-viz\data\raw\disgust\reg_img58 (3).jpg,disgust
C:\Users\mainh\OneDrive\Attachments\Máy tính\facial-emotion-viz\data\raw\surprise\reg_img40 (6).jpg,surprise
C:\Users\mainh\OneDrive\Attachments\Máy tính\facial-emotion-viz\data\raw\disgust\reg_img121 (24).jpg,disgust
C:\Users\mainh\OneDrive\Attachments\Máy tính\facial-emotion-viz\data\raw\repression\reg_img119.jpg,repression
C:\Users\mainh\OneDrive\Attachments\Máy tính\facial-emotion-viz\data\raw\happiness\reg_img94 (18).jpg,happiness
C:\Users\mainh\OneDrive\Attachments\Máy tính\facial-emotion-viz\data\raw\disgust\reg_img128 (13).jpg,disgust
C:\Users\mainh\OneDrive\Attachments\Máy tính\facial-emotion-viz\data\raw\happiness\reg_img116 (5).jpg,happiness
C:\Users\mainh\OneDrive\Attachments\Máy tính\facial-emotion-viz\data\raw\disgust\reg_img138 (10).jpg,disgust
C:\Users\mainh\OneDrive\Attachments\Máy tính\facial-emotion-viz\data\raw\disgust\reg_img56 (28).jpg,disgust
C:\Users\mainh\OneDrive\Attachments\Máy tính\facial-emotion-viz\data\raw\disgust\reg_img51 (18).jpg,disgust
C:\Users\mainh\OneDrive\Attachments\Máy tính\facial-emotion-viz\data\raw\repression\reg_img169 (6).jpg,repression
C:\Users\mainh\OneDrive\Attachments\Máy tính\facial-emotion-viz\data\raw\repression\reg_img43 (6).jpg,repression
C:\Users\mainh\OneDrive\Attachments\Máy tính\facial-emotion-viz\data\raw\disgust\reg_img78 (38).jpg,disgust
C:\Users\mainh\OneDrive\Attachments\Máy tính\facial-emotion-viz\data\raw\disgust\reg_img81 (31).jpg,disgust
C:\Users\mainh\OneDrive\Attachments\Máy tính\facial-emotion-viz\data\raw\repression\reg_img175 (5).jpg,repression
C:\Users\mainh\OneDrive\Attachments\Máy tính\facial-emotion-viz\data\raw\surprise\reg_img68 (4).jpg,surprise
C:\Users\mainh\OneDrive\Attachments\Máy tính\facial-emotion-viz\data\raw\disgust\reg_img96 (30).jpg,disgust
C:\Users\mainh\OneDrive\Attachments\Máy tính\facial-emotion-viz\data\raw\disgust\reg_img178.jpg,disgust
C:\Users\mainh\OneDrive\Attachments\Máy tính\facial-emotion-viz\data\raw\happiness\reg_img77 (8).jpg,happiness
C:\Users\mainh\OneDrive\Attachments\Máy tính\facial-emotion-viz\data\raw\happiness\reg_img17.jpg,happiness
C:\Users\mainh\OneDrive\Attachments\Máy tính\facial-emotion-viz\data\raw\disgust\reg_img56 (23).jpg,disgust
C:\Users\mainh\OneDrive\Attachments\Máy tính\facial-emotion-viz\data\raw\disgust\reg_img129 (18).jpg,disgust
C:\Users\mainh\OneDrive\Attachments\Máy tính\facial-emotion-viz\data\raw\happiness\reg_img44 (10).jpg,happiness
C:\Users\mainh\OneDrive\Attachments\Máy tính\facial-emotion-viz\data\raw\disgust\reg_img442.jpg,disgust
C:\Users\mainh\OneDrive\Attachments\Máy tính\facial-emotion-viz\data\raw\repression\reg_img70 (11).jpg,repression
C:\Users\mainh\OneDrive\Attachments\Máy tính\facial-emotion-viz\data\raw\disgust\reg_img167 (4).jpg,disgust
C:\Users\mainh\OneDrive\Attachments\Máy tính\facial-emotion-viz\data\raw\happiness\reg_img66 (16).jpg,happiness
C:\Users\mainh\OneDrive\Attachments\Máy tính\facial-emotion-viz\data\raw\sadness\reg_img64.jpg,sadness
C:\Users\mainh\OneDrive\Attachments\Máy tính\facial-emotion-viz\data\raw\repression\reg_img86 (5).jpg,repression
C:\Users\mainh\OneDrive\Attachments\Máy tính\facial-emotion-viz\data\raw\disgust\reg_img120 (5).jpg,disgust
C:\Users\mainh\OneDrive\Attachments\Máy tính\facial-emotion-viz\data\raw\disgust\reg_img137 (8).jpg,disgust
C:\Users\mainh\OneDrive\Attachments\Máy tính\facial-emotion-viz\data\raw\surprise\reg_img81 (6).jpg,surprise
C:\Users\mainh\OneDrive\Attachments\Máy tính\facial-emotion-viz\data\raw\surprise\reg_img137 (7).jpg,surprise
C:\Users\mainh\OneDrive\Attachments\Máy tính\facial-emotion-viz\data\raw\disgust\reg_img125 (23).jpg,disgust
C:\Users\mainh\OneDrive\Attachments\Máy tính\facial-emotion-viz\data\raw\disgust\reg_img56 (29).jpg,disgust
C:\Users\mainh\OneDrive\Attachments\Máy tính\facial-emotion-viz\data\raw\disgust\reg_img48 (23).jpg,disgust
C:\Users\mainh\OneDrive\Attachments\Máy tính\facial-emotion-viz\data\raw\disgust\reg_img53 (12).jpg,disgust
C:\Users\mainh\OneDrive\Attachments\Máy tính\facial-emotion-viz\data\raw\repression\reg_img52 (10).jpg,repression
C:\Users\mainh\OneDrive\Attachments\Máy tính\facial-emotion-viz\data\raw\repression\reg_img54 (9).jpg,repression
C:\Users\mainh\OneDrive\Attachments\Máy tính\facial-emotion-viz\data\raw\happiness\reg_img64 (9).jpg,happiness
C:\Users\mainh\OneDrive\Attachments\Máy tính\facial-emotion-viz\data\raw\surprise\reg_img80 (7).jpg,surprise
C:\Users\mainh\OneDrive\Attachments\Máy tính\facial-emotion-viz\data\raw\disgust\reg_img159.jpg,disgust
C:\Users\mainh\OneDrive\Attachments\Máy tính\facial-emotion-viz\data\raw\surprise\reg_img96 (10).jpg,surprise
C:\Users\mainh\OneDrive\Attachments\Máy tính\facial-emotion-viz\data\raw\repression\reg_img161.jpg,repression
C:\Users\mainh\OneDrive\Attachments\Máy tính\facial-emotion-viz\data\raw\surprise\reg_img112 (5).jpg,surprise
C:\Users\mainh\OneDrive\Attachments\Máy tính\facial-emotion-viz\data\raw\surprise\reg_img73 (13).jpg,surprise
C:\Users\mainh\OneDrive\Attachments\Máy tính\facial-emotion-viz\data\raw\surprise\reg_img69 (6).jpg,surprise
C:\Users\mainh\OneDrive\Attachments\Máy tính\facial-emotion-viz\data\raw\surprise\reg_img51 (9).jpg,surprise
C:\Users\mainh\OneDrive\Attachments\Máy tính\facial-emotion-viz\data\raw\repression\reg_img92 (10).jpg,repression
C:\Users\mainh\OneDrive\Attachments\Máy tính\facial-emotion-viz\data\raw\surprise\reg_img75 (11).jpg,surprise
C:\Users\mainh\OneDrive\Attachments\Máy tính\facial-emotion-viz\data\raw\disgust\reg_img150 (9).jpg,disgust
C:\Users\mainh\OneDrive\Attachments\Máy tính\facial-emotion-viz\data\raw\happiness\reg_img75 (11).jpg,happiness
C:\Users\mainh\OneDrive\Attachments\Máy tính\facial-emotion-viz\data\raw\disgust\reg_img131 (18).jpg,disgust
C:\Users\mainh\OneDrive\Attachments\Máy tính\facial-emotion-viz\data\raw\disgust\reg_img142 (8).jpg,disgust
C:\Users\mainh\OneDrive\Attachments\Máy tính\facial-emotion-viz\data\raw\disgust\reg_img169.jpg,disgust
C:\Users\mainh\OneDrive\Attachments\Máy tính\facial-emotion-viz\data\raw\repression\reg_img159 (5).jpg,repression
C:\Users\mainh\OneDrive\Attachments\Máy tính\facial-emotion-viz\data\raw\disgust\reg_img95 (16).jpg,disgust
C:\Users\mainh\OneDrive\Attachments\Máy tính\facial-emotion-viz\data\raw\disgust\reg_img67 (29).jpg,disgust
C:\Users\mainh\OneDrive\Attachments\Máy tính\facial-emotion-viz\data\raw\disgust\reg_img30 (11).jpg,disgust
C:\Users\mainh\OneDrive\Attachments\Máy tính\facial-emotion-viz\data\raw\repression\reg_img152 (9).jpg,repression
C:\Users\mainh\OneDrive\Attachments\Máy tính\facial-emotion-viz\data\raw\repression\reg_img79 (11).jpg,repression
C:\Users\mainh\OneDrive\Attachments\Máy tính\facial-emotion-viz\data\raw\happiness\reg_img114 (8).jpg,happiness
C:\Users\mainh\OneDrive\Attachments\Máy tính\facial-emotion-viz\data\raw\happiness\reg_img69 (13).jpg,happiness
C:\Users\mainh\OneDrive\Attachments\Máy tính\facial-emotion-viz\data\raw\repression\reg_img79 (10).jpg,repression
C:\Users\mainh\OneDrive\Attachments\Máy tính\facial-emotion-viz\data\raw\repression\reg_img106 (8).jpg,repression
C:\Users\mainh\OneDrive\Attachments\Máy tính\facial-emotion-viz\data\raw\repression\reg_img249.jpg,repression
C:\Users\mainh\OneDrive\Attachments\Máy tính\facial-emotion-viz\data\raw\happiness\reg_img40 (7).jpg,happiness
C:\Users\mainh\OneDrive\Attachments\Máy tính\facial-emotion-viz\data\raw\repression\reg_img68 (3).jpg,repression
C:\Users\mainh\OneDrive\Attachments\Máy tính\facial-emotion-viz\data\raw\disgust\reg_img100 (33).jpg,disgust
C:\Users\mainh\OneDrive\Attachments\Máy tính\facial-emotion-viz\data\raw\disgust\reg_img112 (28).jpg,disgust
C:\Users\mainh\OneDrive\Attachments\Máy tính\facial-emotion-viz\data\raw\disgust\reg_img103 (19).jpg,disgust
C:\Users\mainh\OneDrive\Attachments\Máy tính\facial-emotion-viz\data\raw\repression\reg_img50 (11).jpg,repression
C:\Users\mainh\OneDrive\Attachments\Máy tính\facial-emotion-viz\data\raw\repression\reg_img232.jpg,repression
C:\Users\mainh\OneDrive\Attachments\Máy tính\facial-emotion-viz\data\raw\surprise\reg_img102 (10).jpg,surprise
C:\Users\mainh\OneDrive\Attachments\Máy tính\facial-emotion-viz\data\raw\disgust\reg_img67 (28).jpg,disgust
C:\Users\mainh\OneDrive\Attachments\Máy tính\facial-emotion-viz\data\raw\disgust\reg_img126 (2).jpg,disgust
C:\Users\mainh\OneDrive\Attachments\Máy tính\facial-emotion-viz\data\raw\disgust\reg_img82 (21).jpg,disgust
C:\Users\mainh\OneDrive\Attachments\Máy tính\facial-emotion-viz\data\raw\disgust\reg_img275.jpg,disgust
C:\Users\mainh\OneDrive\Attachments\Máy tính\facial-emotion-viz\data\raw\repression\reg_img131 (5).jpg,repression
C:\Users\mainh\OneDrive\Attachments\Máy tính\facial-emotion-viz\data\raw\repression\reg_img59.jpg,repression
C:\Users\mainh\OneDrive\Attachments\Máy tính\facial-emotion-viz\data\raw\surprise\reg_img43 (3).jpg,surprise
C:\Users\mainh\OneDrive\Attachments\Máy tính\facial-emotion-viz\data\raw\disgust\reg_img116 (15).jpg,disgust
C:\Users\mainh\OneDrive\Attachments\Máy tính\facial-emotion-viz\data\raw\repression\reg_img50 (3).jpg,repression
C:\Users\mainh\OneDrive\Attachments\Máy tính\facial-emotion-viz\data\raw\happiness\reg_img168 (3).jpg,happiness
C:\Users\mainh\OneDrive\Attachments\Máy tính\facial-emotion-viz\data\raw\disgust\reg_img124.jpg,disgust
C:\Users\mainh\OneDrive\Attachments\Máy tính\facial-emotion-viz\data\raw\repression\reg_img74 (3).jpg,repression
C:\Users\mainh\OneDrive\Attachments\Máy tính\facial-emotion-viz\data\raw\repression\reg_img97 (9).jpg,repression
C:\Users\mainh\OneDrive\Attachments\Máy tính\facial-emotion-viz\data\raw\repression\reg_img153 (7).jpg,repression
C:\Users\mainh\OneDrive\Attachments\Máy tính\facial-emotion-viz\data\raw\disgust\reg_img86 (5).jpg,disgust
C:\Users\mainh\OneDrive\Attachments\Máy tính\facial-emotion-viz\data\raw\happiness\reg_img157 (4).jpg,happiness
C:\Users\mainh\OneDrive\Attachments\Máy tính\facial-emotion-viz\data\raw\disgust\reg_img80 (7).jpg,disgust
C:\Users\mainh\OneDrive\Attachments\Máy tính\facial-emotion-viz\data\raw\repression\reg_img178 (6).jpg,repression
C:\Users\mainh\OneDrive\Attachments\Máy tính\facial-emotion-viz\data\raw\disgust\reg_img75 (21).jpg,disgust
C:\Users\mainh\OneDrive\Attachments\Máy tính\facial-emotion-viz\data\raw\surprise\reg_img94 (2).jpg,surprise
C:\Users\mainh\OneDrive\Attachments\Máy tính\facial-emotion-viz\data\raw\surprise\reg_img97 (4).jpg,surprise
C:\Users\mainh\OneDrive\Attachments\Máy tính\facial-emotion-viz\data\raw\surprise\reg_img133 (2).jpg,surprise
C:\Users\mainh\OneDrive\Attachments\Máy tính\facial-emotion-viz\data\raw\disgust\reg_img100 (37).jpg,disgust
C:\Users\mainh\OneDrive\Attachments\Máy tính\facial-emotion-viz\data\raw\disgust\reg_img96 (2).jpg,disgust
C:\Users\mainh\OneDrive\Attachments\Máy tính\facial-emotion-viz\data\raw\happiness\reg_img198.jpg,happiness
C:\Users\mainh\OneDrive\Attachments\Máy tính\facial-emotion-viz\data\raw\disgust\reg_img84 (10).jpg,disgust
C:\Users\mainh\OneDrive\Attachments\Máy tính\facial-emotion-viz\data\raw\surprise\reg_img138 (6).jpg,surprise
C:\Users\mainh\OneDrive\Attachments\Máy tính\facial-emotion-viz\data\raw\happiness\reg_img52 (3).jpg,happiness
C:\Users\mainh\OneDrive\Attachments\Máy tính\facial-emotion-viz\data\raw\happiness\reg_img54.jpg,happiness
C:\Users\mainh\OneDrive\Attachments\Máy tính\facial-emotion-viz\data\raw\disgust\reg_img52 (14).jpg,disgust
C:\Users\mainh\OneDrive\Attachments\Máy tính\facial-emotion-viz\data\raw\disgust\reg_img154.jpg,disgust
C:\Users\mainh\OneDrive\Attachments\Máy tính\facial-emotion-viz\data\raw\happiness\reg_img141 (6).jpg,happiness
C:\Users\mainh\OneDrive\Attachments\Máy tính\facial-emotion-viz\data\raw\sadness\reg_img325.jpg,sadness
C:\Users\mainh\OneDrive\Attachments\Máy tính\facial-emotion-viz\data\raw\repression\reg_img178 (7).jpg,repression
C:\Users\mainh\OneDrive\Attachments\Máy tính\facial-emotion-viz\data\raw\disgust\reg_img135 (5).jpg,disgust
C:\Users\mainh\OneDrive\Attachments\Máy tính\facial-emotion-viz\data\raw\disgust\reg_img101 (24).jpg,disgust
C:\Users\mainh\OneDrive\Attachments\Máy tính\facial-emotion-viz\data\raw\happiness\reg_img261.jpg,happiness
C:\Users\mainh\OneDrive\Attachments\Máy tính\facial-emotion-viz\data\raw\happiness\reg_img116 (8).jpg,happiness
C:\Users\mainh\OneDrive\Attachments\Máy tính\facial-emotion-viz\data\raw\disgust\reg_img97 (14).jpg,disgust
C:\Users\mainh\OneDrive\Attachments\Máy tính\facial-emotion-viz\data\raw\happiness\reg_img77 (10).jpg,happiness
C:\Users\mainh\OneDrive\Attachments\Máy tính\facial-emotion-viz\data\raw\disgust\reg_img130 (13).jpg,disgust
C:\Users\mainh\OneDrive\Attachments\Máy tính\facial-emotion-viz\data\raw\happiness\reg_img67 (15).jpg,happiness
C:\Users\mainh\OneDrive\Attachments\Máy tính\facial-emotion-viz\data\raw\disgust\reg_img121 (6).jpg,disgust
C:\Users\mainh\OneDrive\Attachments\Máy tính\facial-emotion-viz\data\raw\repression\reg_img165 (2).jpg,repression
C:\Users\mainh\OneDrive\Attachments\Máy tính\facial-emotion-viz\data\raw\happiness\reg_img90 (8).jpg,happiness
C:\Users\mainh\OneDrive\Attachments\Máy tính\facial-emotion-viz\data\raw\repression\reg_img121 (12).jpg,repression
C:\Users\mainh\OneDrive\Attachments\Máy tính\facial-emotion-viz\data\raw\happiness\reg_img89 (2).jpg,happiness
C:\Users\mainh\OneDrive\Attachments\Máy tính\facial-emotion-viz\data\raw\surprise\reg_img70 (6).jpg,surprise
C:\Users\mainh\OneDrive\Attachments\Máy tính\facial-emotion-viz\data\raw\repression\reg_img111 (16).jpg,repression
C:\Users\mainh\OneDrive\Attachments\Máy tính\facial-emotion-viz\data\raw\repression\reg_img171 (6).jpg,repression
C:\Users\mainh\OneDrive\Attachments\Máy tính\facial-emotion-viz\data\raw\surprise\reg_img112 (3).jpg,surprise
C:\Users\mainh\OneDrive\Attachments\Máy tính\facial-emotion-viz\data\raw\surprise\reg_img105 (10).jpg,surprise
C:\Users\mainh\OneDrive\Attachments\Máy tính\facial-emotion-viz\data\raw\surprise\reg_img150 (6).jpg,surprise
C:\Users\mainh\OneDrive\Attachments\Máy tính\facial-emotion-viz\data\raw\surprise\reg_img94 (8).jpg,surprise
C:\Users\mainh\OneDrive\Attachments\Máy tính\facial-emotion-viz\data\raw\disgust\reg_img76 (38).jpg,disgust
C:\Users\mainh\OneDrive\Attachments\Máy tính\facial-emotion-viz\data\raw\disgust\reg_img168 (2).jpg,disgust
C:\Users\mainh\OneDrive\Attachments\Máy tính\facial-emotion-viz\data\raw\sadness\reg_img58.jpg,sadness
C:\Users\mainh\OneDrive\Attachments\Máy tính\facial-emotion-viz\data\raw\happiness\reg_img121 (13).jpg,happiness
C:\Users\mainh\OneDrive\Attachments\Máy tính\facial-emotion-viz\data\raw\disgust\reg_img18 (2).jpg,disgust
C:\Users\mainh\OneDrive\Attachments\Máy tính\facial-emotion-viz\data\raw\repression\reg_img120 (2).jpg,repression
C:\Users\mainh\OneDrive\Attachments\Máy tính\facial-emotion-viz\data\raw\happiness\reg_img147 (7).jpg,happiness
C:\Users\mainh\OneDrive\Attachments\Máy tính\facial-emotion-viz\data\raw\sadness\reg_img321.jpg,sadness
C:\Users\mainh\OneDrive\Attachments\Máy tính\facial-emotion-viz\data\raw\disgust\reg_img103 (31).jpg,disgust
C:\Users\mainh\OneDrive\Attachments\Máy tính\facial-emotion-viz\data\raw\surprise\reg_img80 (8).jpg,surprise
C:\Users\mainh\OneDrive\Attachments\Máy tính\facial-emotion-viz\data\raw\fear\reg_img91.jpg,fear
C:\Users\mainh\OneDrive\Attachments\Máy tính\facial-emotion-viz\data\raw\repression\reg_img47 (2).jpg,repression
C:\Users\mainh\OneDrive\Attachments\Máy tính\facial-emotion-viz\data\raw\disgust\reg_img125 (5).jpg,disgust
C:\Users\mainh\OneDrive\Attachments\Máy tính\facial-emotion-viz\data\raw\happiness\reg_img92.jpg,happiness
C:\Users\mainh\OneDrive\Attachments\Máy tính\facial-emotion-viz\data\raw\repression\reg_img49 (8).jpg,repression
C:\Users\mainh\OneDrive\Attachments\Máy tính\facial-emotion-viz\data\raw\happiness\reg_img63.jpg,happiness
C:\Users\mainh\OneDrive\Attachments\Máy tính\facial-emotion-viz\data\raw\disgust\reg_img129 (6).jpg,disgust
C:\Users\mainh\OneDrive\Attachments\Máy tính\facial-emotion-viz\data\raw\disgust\reg_img126 (6).jpg,disgust
C:\Users\mainh\OneDrive\Attachments\Máy tính\facial-emotion-viz\data\raw\repression\reg_img193.jpg,repression
C:\Users\mainh\OneDrive\Attachments\Máy tính\facial-emotion-viz\data\raw\surprise\reg_img107 (7).jpg,surprise
C:\Users\mainh\OneDrive\Attachments\Máy tính\facial-emotion-viz\data\raw\repression\reg_img56 (11).jpg,repression
C:\Users\mainh\OneDrive\Attachments\Máy tính\facial-emotion-viz\data\raw\happiness\reg_img163 (2).jpg,happiness
C:\Users\mainh\OneDrive\Attachments\Máy tính\facial-emotion-viz\data\raw\disgust\reg_img170 (5).jpg,disgust
C:\Users\mainh\OneDrive\Attachments\Máy tính\facial-emotion-viz\data\raw\disgust\reg_img32 (7).jpg,disgust
C:\Users\mainh\OneDrive\Attachments\Máy tính\facial-emotion-viz\data\raw\disgust\reg_img114 (7).jpg,disgust
C:\Users\mainh\OneDrive\Attachments\Máy tính\facial-emotion-viz\data\raw\happiness\reg_img82 (17).jpg,happiness
C:\Users\mainh\OneDrive\Attachments\Máy tính\facial-emotion-viz\data\raw\happiness\reg_img150 (2).jpg,happiness
C:\Users\mainh\OneDrive\Attachments\Máy tính\facial-emotion-viz\data\raw\disgust\reg_img39 (22).jpg,disgust
C:\Users\mainh\OneDrive\Attachments\Máy tính\facial-emotion-viz\data\raw\happiness\reg_img67 (6).jpg,happiness
C:\Users\mainh\OneDrive\Attachments\Máy tính\facial-emotion-viz\data\raw\happiness\reg_img98 (19).jpg,happiness
C:\Users\mainh\OneDrive\Attachments\Máy tính\facial-emotion-viz\data\raw\repression\reg_img50 (5).jpg,repression
C:\Users\mainh\OneDrive\Attachments\Máy tính\facial-emotion-viz\data\raw\disgust\reg_img62 (8).jpg,disgust
C:\Users\mainh\OneDrive\Attachments\Máy tính\facial-emotion-viz\data\raw\happiness\reg_img65 (14).jpg,happiness
C:\Users\mainh\OneDrive\Attachments\Máy tính\facial-emotion-viz\data\raw\disgust\reg_img38 (5).jpg,disgust
C:\Users\mainh\OneDrive\Attachments\Máy tính\facial-emotion-viz\data\raw\repression\reg_img71 (17).jpg,repression
C:\Users\mainh\OneDrive\Attachments\Máy tính\facial-emotion-viz\data\raw\surprise\reg_img65 (8).jpg,surprise
C:\Users\mainh\OneDrive\Attachments\Máy tính\facial-emotion-viz\data\raw\happiness\reg_img117 (13).jpg,happiness
C:\Users\mainh\OneDrive\Attachments\Máy tính\facial-emotion-viz\data\raw\disgust\reg_img159 (8).jpg,disgust
C:\Users\mainh\OneDrive\Attachments\Máy tính\facial-emotion-viz\data\raw\happiness\reg_img42 (3).jpg,happiness
C:\Users\mainh\OneDrive\Attachments\Máy tính\facial-emotion-viz\data\raw\disgust\reg_img175.jpg,disgust
C:\Users\mainh\OneDrive\Attachments\Máy tính\facial-emotion-viz\data\raw\disgust\reg_img47 (3).jpg,disgust
C:\Users\mainh\OneDrive\Attachments\Máy tính\facial-emotion-viz\data\raw\happiness\reg_img125 (9).jpg,happiness
C:\Users\mainh\OneDrive\Attachments\Máy tính\facial-emotion-viz\data\raw\fear\reg_img42.jpg,fear
C:\Users\mainh\OneDrive\Attachments\Máy tính\facial-emotion-viz\data\raw\happiness\reg_img71 (6).jpg,happiness
C:\Users\mainh\OneDrive\Attachments\Máy tính\facial-emotion-viz\data\raw\repression\reg_img185 (2).jpg,repression
C:\Users\mainh\OneDrive\Attachments\Máy tính\facial-emotion-viz\data\raw\happiness\reg_img123 (7).jpg,happiness
C:\Users\mainh\OneDrive\Attachments\Máy tính\facial-emotion-viz\data\raw\disgust\reg_img89 (35).jpg,disgust
C:\Users\mainh\OneDrive\Attachments\Máy tính\facial-emotion-viz\data\raw\sadness\reg_img44.jpg,sadness
C:\Users\mainh\OneDrive\Attachments\Máy tính\facial-emotion-viz\data\raw\disgust\reg_img43 (16).jpg,disgust
C:\Users\mainh\OneDrive\Attachments\Máy tính\facial-emotion-viz\data\raw\disgust\reg_img82 (26).jpg,disgust
C:\Users\mainh\OneDrive\Attachments\Máy tính\facial-emotion-viz\data\raw\repression\reg_img124 (5).jpg,repression
C:\Users\mainh\OneDrive\Attachments\Máy tính\facial-emotion-viz\data\raw\happiness\reg_img164.jpg,happiness
C:\Users\mainh\OneDrive\Attachments\Máy tính\facial-emotion-viz\data\raw\disgust\reg_img71 (19).jpg,disgust
C:\Users\mainh\OneDrive\Attachments\Máy tính\facial-emotion-viz\data\raw\surprise\reg_img97 (12).jpg,surprise
C:\Users\mainh\OneDrive\Attachments\Máy tính\facial-emotion-viz\data\raw\disgust\reg_img114 (11).jpg,disgust
C:\Users\mainh\OneDrive\Attachments\Máy tính\facial-emotion-viz\data\raw\fear\reg_img98.jpg,fear
C:\Users\mainh\OneDrive\Attachments\Máy tính\facial-emotion-viz\data\raw\surprise\reg_img66 (15).jpg,surprise
C:\Users\mainh\OneDrive\Attachments\Máy tính\facial-emotion-viz\data\raw\repression\reg_img152 (2).jpg,repression
C:\Users\mainh\OneDrive\Attachments\Máy tính\facial-emotion-viz\data\raw\repression\reg_img87 (3).jpg,repression
C:\Users\mainh\OneDrive\Attachments\Máy tính\facial-emotion-viz\data\raw\repression\reg_img115 (3).jpg,repression
C:\Users\mainh\OneDrive\Attachments\Máy tính\facial-emotion-viz\data\raw\disgust\reg_img100 (34).jpg,disgust
C:\Users\mainh\OneDrive\Attachments\Máy tính\facial-emotion-viz\data\raw\repression\reg_img174 (4).jpg,repression
C:\Users\mainh\OneDrive\Attachments\Máy tính\facial-emotion-viz\data\raw\repression\reg_img103 (2).jpg,repression
C:\Users\mainh\OneDrive\Attachments\Máy tính\facial-emotion-viz\data\raw\disgust\reg_img45 (20).jpg,disgust
C:\Users\mainh\OneDrive\Attachments\Máy tính\facial-emotion-viz\data\raw\surprise\reg_img83 (16).jpg,surprise
C:\Users\mainh\OneDrive\Attachments\Máy tính\facial-emotion-viz\data\raw\disgust\reg_img146 (7).jpg,disgust
C:\Users\mainh\OneDrive\Attachments\Máy tính\facial-emotion-viz\data\raw\surprise\reg_img17.jpg,surprise
C:\Users\mainh\OneDrive\Attachments\Máy tính\facial-emotion-viz\data\raw\disgust\reg_img62 (13).jpg,disgust
C:\Users\mainh\OneDrive\Attachments\Máy tính\facial-emotion-viz\data\raw\disgust\reg_img88 (7).jpg,disgust
C:\Users\mainh\OneDrive\Attachments\Máy tính\facial-emotion-viz\data\raw\disgust\reg_img70 (2).jpg,disgust
C:\Users\mainh\OneDrive\Attachments\Máy tính\facial-emotion-viz\data\raw\happiness\reg_img34 (5).jpg,happiness
C:\Users\mainh\OneDrive\Attachments\Máy tính\facial-emotion-viz\data\raw\surprise\reg_img61 (5).jpg,surprise
C:\Users\mainh\OneDrive\Attachments\Máy tính\facial-emotion-viz\data\raw\happiness\reg_img59 (2).jpg,happiness
C:\Users\mainh\OneDrive\Attachments\Máy tính\facial-emotion-viz\data\raw\fear\reg_img124.jpg,fear
C:\Users\mainh\OneDrive\Attachments\Máy tính\facial-emotion-viz\data\raw\disgust\reg_img79 (2).jpg,disgust
C:\Users\mainh\OneDrive\Attachments\Máy tính\facial-emotion-viz\data\raw\disgust\reg_img209 (2).jpg,disgust
C:\Users\mainh\OneDrive\Attachments\Máy tính\facial-emotion-viz\data\raw\disgust\reg_img31 (6).jpg,disgust
C:\Users\mainh\OneDrive\Attachments\Máy tính\facial-emotion-viz\data\raw\surprise\reg_img104 (5).jpg,surprise
C:\Users\mainh\OneDrive\Attachments\Máy tính\facial-emotion-viz\data\raw\repression\reg_img46 (12).jpg,repression
C:\Users\mainh\OneDrive\Attachments\Máy tính\facial-emotion-viz\data\raw\disgust\reg_img120 (22).jpg,disgust
C:\Users\mainh\OneDrive\Attachments\Máy tính\facial-emotion-viz\data\raw\disgust\reg_img93 (5).jpg,disgust
C:\Users\mainh\OneDrive\Attachments\Máy tính\facial-emotion-viz\data\raw\disgust\reg_img53 (2).jpg,disgust
C:\Users\mainh\OneDrive\Attachments\Máy tính\facial-emotion-viz\data\raw\disgust\reg_img383.jpg,disgust
C:\Users\mainh\OneDrive\Attachments\Máy tính\facial-emotion-viz\data\raw\repression\reg_img182 (5).jpg,repression
C:\Users\mainh\OneDrive\Attachments\Máy tính\facial-emotion-viz\data\raw\repression\reg_img73 (12).jpg,repression
C:\Users\mainh\OneDrive\Attachments\Máy tính\facial-emotion-viz\data\raw\happiness\reg_img11 (3).jpg,happiness
C:\Users\mainh\OneDrive\Attachments\Máy tính\facial-emotion-viz\data\raw\repression\reg_img123 (2).jpg,repression
C:\Users\mainh\OneDrive\Attachments\Máy tính\facial-emotion-viz\data\raw\disgust\reg_img155.jpg,disgust
C:\Users\mainh\OneDrive\Attachments\Máy tính\facial-emotion-viz\data\raw\disgust\reg_img59 (25).jpg,disgust
C:\Users\mainh\OneDrive\Attachments\Máy tính\facial-emotion-viz\data\raw\disgust\reg_img62 (31).jpg,disgust
C:\Users\mainh\OneDrive\Attachments\Máy tính\facial-emotion-viz\data\raw\happiness\reg_img133 (3).jpg,happiness
C:\Users\mainh\OneDrive\Attachments\Máy tính\facial-emotion-viz\data\raw\disgust\reg_img58 (15).jpg,disgust
C:\Users\mainh\OneDrive\Attachments\Máy tính\facial-emotion-viz\data\raw\disgust\reg_img68 (24).jpg,disgust
C:\Users\mainh\OneDrive\Attachments\Máy tính\facial-emotion-viz\data\raw\disgust\reg_img68 (28).jpg,disgust
C:\Users\mainh\OneDrive\Attachments\Máy tính\facial-emotion-viz\data\raw\happiness\reg_img28 (3).jpg,happiness
C:\Users\mainh\OneDrive\Attachments\Máy tính\facial-emotion-viz\data\raw\repression\reg_img35 (9).jpg,repression
C:\Users\mainh\OneDrive\Attachments\Máy tính\facial-emotion-viz\data\raw\disgust\reg_img288.jpg,disgust
C:\Users\mainh\OneDrive\Attachments\Máy tính\facial-emotion-viz\data\raw\happiness\reg_img75 (3).jpg,happiness
C:\Users\mainh\OneDrive\Attachments\Máy tính\facial-emotion-viz\data\raw\disgust\reg_img43 (17).jpg,disgust
C:\Users\mainh\OneDrive\Attachments\Máy tính\facial-emotion-viz\data\raw\repression\reg_img58 (4).jpg,repression
C:\Users\mainh\OneDrive\Attachments\Máy tính\facial-emotion-viz\data\raw\surprise\reg_img79 (9).jpg,surprise
C:\Users\mainh\OneDrive\Attachments\Máy tính\facial-emotion-viz\data\raw\surprise\reg_img47.jpg,surprise
C:\Users\mainh\OneDrive\Attachments\Máy tính\facial-emotion-viz\data\raw\surprise\reg_img62 (14).jpg,surprise
C:\Users\mainh\OneDrive\Attachments\Máy tính\facial-emotion-viz\data\raw\disgust\reg_img49 (12).jpg,disgust
C:\Users\mainh\OneDrive\Attachments\Máy tính\facial-emotion-viz\data\raw\repression\reg_img98 (11).jpg,repression
C:\Users\mainh\OneDrive\Attachments\Máy tính\facial-emotion-viz\data\raw\surprise\reg_img34 (6).jpg,surprise
C:\Users\mainh\OneDrive\Attachments\Máy tính\facial-emotion-viz\data\raw\repression\reg_img67 (10).jpg,repression
C:\Users\mainh\OneDrive\Attachments\Máy tính\facial-emotion-viz\data\raw\disgust\reg_img49 (9).jpg,disgust
C:\Users\mainh\OneDrive\Attachments\Máy tính\facial-emotion-viz\data\raw\happiness\reg_img176 (2).jpg,happiness
C:\Users\mainh\OneDrive\Attachments\Máy tính\facial-emotion-viz\data\raw\surprise\reg_img54 (3).jpg,surprise
C:\Users\mainh\OneDrive\Attachments\Máy tính\facial-emotion-viz\data\raw\repression\reg_img59 (5).jpg,repression
C:\Users\mainh\OneDrive\Attachments\Máy tính\facial-emotion-viz\data\raw\disgust\reg_img50 (2).jpg,disgust
C:\Users\mainh\OneDrive\Attachments\Máy tính\facial-emotion-viz\data\raw\disgust\reg_img65 (5).jpg,disgust
C:\Users\mainh\OneDrive\Attachments\Máy tính\facial-emotion-viz\data\raw\disgust\reg_img78 (37).jpg,disgust
C:\Users\mainh\OneDrive\Attachments\Máy tính\facial-emotion-viz\data\raw\disgust\reg_img146 (4).jpg,disgust
C:\Users\mainh\OneDrive\Attachments\Máy tính\facial-emotion-viz\data\raw\disgust\reg_img158 (9).jpg,disgust
C:\Users\mainh\OneDrive\Attachments\Máy tính\facial-emotion-viz\data\raw\surprise\reg_img87 (8).jpg,surprise
C:\Users\mainh\OneDrive\Attachments\Máy tính\facial-emotion-viz\data\raw\surprise\reg_img50 (5).jpg,surprise
C:\Users\mainh\OneDrive\Attachments\Máy tính\facial-emotion-viz\data\raw\happiness\reg_img61 (10).jpg,happiness
C:\Users\mainh\OneDrive\Attachments\Máy tính\facial-emotion-viz\data\raw\surprise\reg_img89 (3).jpg,surprise
C:\Users\mainh\OneDrive\Attachments\Máy tính\facial-emotion-viz\data\raw\disgust\reg_img85 (14).jpg,disgust
C:\Users\mainh\OneDrive\Attachments\Máy tính\facial-emotion-viz\data\raw\disgust\reg_img42.jpg,disgust
C:\Users\mainh\OneDrive\Attachments\Máy tính\facial-emotion-viz\data\raw\disgust\reg_img102 (23).jpg,disgust
C:\Users\mainh\OneDrive\Attachments\Máy tính\facial-emotion-viz\data\raw\surprise\reg_img43 (4).jpg,surprise
C:\Users\mainh\OneDrive\Attachments\Máy tính\facial-emotion-viz\data\raw\happiness\reg_img49 (16).jpg,happiness
C:\Users\mainh\OneDrive\Attachments\Máy tính\facial-emotion-viz\data\raw\surprise\reg_img125 (4).jpg,surprise
C:\Users\mainh\OneDrive\Attachments\Máy tính\facial-emotion-viz\data\raw\surprise\reg_img167.jpg,surprise
C:\Users\mainh\OneDrive\Attachments\Máy tính\facial-emotion-viz\data\raw\disgust\reg_img100 (12).jpg,disgust
C:\Users\mainh\OneDrive\Attachments\Máy tính\facial-emotion-viz\data\raw\disgust\reg_img102 (29).jpg,disgust
C:\Users\mainh\OneDrive\Attachments\Máy tính\facial-emotion-viz\data\raw\disgust\reg_img35 (8).jpg,disgust
C:\Users\mainh\OneDrive\Attachments\Máy tính\facial-emotion-viz\data\raw\disgust\reg_img83 (5).jpg,disgust
C:\Users\mainh\OneDrive\Attachments\Máy tính\facial-emotion-viz\data\raw\happiness\reg_img70.jpg,happiness
C:\Users\mainh\OneDrive\Attachments\Máy tính\facial-emotion-viz\data\raw\happiness\reg_img82 (4).jpg,happiness
C:\Users\mainh\OneDrive\Attachments\Máy tính\facial-emotion-viz\data\raw\surprise\reg_img170 (2).jpg,surprise
C:\Users\mainh\OneDrive\Attachments\Máy tính\facial-emotion-viz\data\raw\sadness\reg_img323.jpg,sadness
C:\Users\mainh\OneDrive\Attachments\Máy tính\facial-emotion-viz\data\raw\repression\reg_img157 (4).jpg,repression
C:\Users\mainh\OneDrive\Attachments\Máy tính\facial-emotion-viz\data\raw\disgust\reg_img193.jpg,disgust
C:\Users\mainh\OneDrive\Attachments\Máy tính\facial-emotion-viz\data\raw\surprise\reg_img135 (2).jpg,surprise
C:\Users\mainh\OneDrive\Attachments\Máy tính\facial-emotion-viz\data\raw\repression\reg_img189 (4).jpg,repression
C:\Users\mainh\OneDrive\Attachments\Máy tính\facial-emotion-viz\data\raw\disgust\reg_img78 (24).jpg,disgust
C:\Users\mainh\OneDrive\Attachments\Máy tính\facial-emotion-viz\data\raw\surprise\reg_img174.jpg,surprise
C:\Users\mainh\OneDrive\Attachments\Máy tính\facial-emotion-viz\data\raw\happiness\reg_img113 (2).jpg,happiness
C:\Users\mainh\OneDrive\Attachments\Máy tính\facial-emotion-viz\data\raw\disgust\reg_img119 (23).jpg,disgust
C:\Users\mainh\OneDrive\Attachments\Máy tính\facial-emotion-viz\data\raw\happiness\reg_img143 (6).jpg,happiness
C:\Users\mainh\OneDrive\Attachments\Máy tính\facial-emotion-viz\data\raw\repression\reg_img159 (8).jpg,repression
C:\Users\mainh\OneDrive\Attachments\Máy tính\facial-emotion-viz\data\raw\happiness\reg_img189 (3).jpg,happiness
C:\Users\mainh\OneDrive\Attachments\Máy tính\facial-emotion-viz\data\raw\surprise\reg_img129 (3).jpg,surprise
C:\Users\mainh\OneDrive\Attachments\Máy tính\facial-emotion-viz\data\raw\surprise\reg_img73 (6).jpg,surprise
C:\Users\mainh\OneDrive\Attachments\Máy tính\facial-emotion-viz\data\raw\disgust\reg_img109 (11).jpg,disgust
C:\Users\mainh\OneDrive\Attachments\Máy tính\facial-emotion-viz\data\raw\disgust\reg_img133 (4).jpg,disgust
C:\Users\mainh\OneDrive\Attachments\Máy tính\facial-emotion-viz\data\raw\disgust\reg_img82 (10).jpg,disgust
C:\Users\mainh\OneDrive\Attachments\Máy tính\facial-emotion-viz\data\raw\surprise\reg_img95 (5).jpg,surprise
C:\Users\mainh\OneDrive\Attachments\Máy tính\facial-emotion-viz\data\raw\disgust\reg_img86 (6).jpg,disgust
C:\Users\mainh\OneDrive\Attachments\Máy tính\facial-emotion-viz\data\raw\disgust\reg_img81 (11).jpg,disgust
C:\Users\mainh\OneDrive\Attachments\Máy tính\facial-emotion-viz\data\raw\disgust\reg_img115 (7).jpg,disgust
C:\Users\mainh\OneDrive\Attachments\Máy tính\facial-emotion-viz\data\raw\happiness\reg_img122 (7).jpg,happiness
C:\Users\mainh\OneDrive\Attachments\Máy tính\facial-emotion-viz\data\raw\repression\reg_img36.jpg,repression
C:\Users\mainh\OneDrive\Attachments\Máy tính\facial-emotion-viz\data\raw\disgust\reg_img37 (3).jpg,disgust
C:\Users\mainh\OneDrive\Attachments\Máy tính\facial-emotion-viz\data\raw\repression\reg_img114 (6).jpg,repression
C:\Users\mainh\OneDrive\Attachments\Máy tính\facial-emotion-viz\data\raw\disgust\reg_img152 (2).jpg,disgust
C:\Users\mainh\OneDrive\Attachments\Máy tính\facial-emotion-viz\data\raw\repression\reg_img124 (13).jpg,repression
C:\Users\mainh\OneDrive\Attachments\Máy tính\facial-emotion-viz\data\raw\disgust\reg_img44 (6).jpg,disgust
C:\Users\mainh\OneDrive\Attachments\Máy tính\facial-emotion-viz\data\raw\repression\reg_img73 (14).jpg,repression
C:\Users\mainh\OneDrive\Attachments\Máy tính\facial-emotion-viz\data\raw\disgust\reg_img44 (7).jpg,disgust
C:\Users\mainh\OneDrive\Attachments\Máy tính\facial-emotion-viz\data\raw\fear\reg_img41.jpg,fear
C:\Users\mainh\OneDrive\Attachments\Máy tính\facial-emotion-viz\data\raw\happiness\reg_img91 (21).jpg,happiness
C:\Users\mainh\OneDrive\Attachments\Máy tính\facial-emotion-viz\data\raw\happiness\reg_img47 (11).jpg,happiness
C:\Users\mainh\OneDrive\Attachments\Máy tính\facial-emotion-viz\data\raw\happiness\reg_img136 (2).jpg,happiness
C:\Users\mainh\OneDrive\Attachments\Máy tính\facial-emotion-viz\data\raw\repression\reg_img73 (16).jpg,repression
C:\Users\mainh\OneDrive\Attachments\Máy tính\facial-emotion-viz\data\raw\surprise\reg_img100 (11).jpg,surprise
C:\Users\mainh\OneDrive\Attachments\Máy tính\facial-emotion-viz\data\raw\sadness\reg_img52 (2).jpg,sadness
C:\Users\mainh\OneDrive\Attachments\Máy tính\facial-emotion-viz\data\raw\disgust\reg_img54 (22).jpg,disgust
C:\Users\mainh\OneDrive\Attachments\Máy tính\facial-emotion-viz\data\raw\repression\reg_img93 (11).jpg,repression
C:\Users\mainh\OneDrive\Attachments\Máy tính\facial-emotion-viz\data\raw\happiness\reg_img83 (12).jpg,happiness
C:\Users\mainh\OneDrive\Attachments\Máy tính\facial-emotion-viz\data\raw\repression\reg_img123 (6).jpg,repression
C:\Users\mainh\OneDrive\Attachments\Máy tính\facial-emotion-viz\data\raw\happiness\reg_img105.jpg,happiness
C:\Users\mainh\OneDrive\Attachments\Máy tính\facial-emotion-viz\data\raw\disgust\reg_img205 (3).jpg,disgust
C:\Users\mainh\OneDrive\Attachments\Máy tính\facial-emotion-viz\data\raw\happiness\reg_img98.jpg,happiness
C:\Users\mainh\OneDrive\Attachments\Máy tính\facial-emotion-viz\data\raw\disgust\reg_img75 (34).jpg,disgust
C:\Users\mainh\OneDrive\Attachments\Máy tính\facial-emotion-viz\data\raw\happiness\reg_img118 (15).jpg,happiness
C:\Users\mainh\OneDrive\Attachments\Máy tính\facial-emotion-viz\data\raw\disgust\reg_img38 (3).jpg,disgust
C:\Users\mainh\OneDrive\Attachments\Máy tính\facial-emotion-viz\data\raw\happiness\reg_img71 (7).jpg,happiness
C:\Users\mainh\OneDrive\Attachments\Máy tính\facial-emotion-viz\data\raw\surprise\reg_img194.jpg,surprise
C:\Users\mainh\OneDrive\Attachments\Máy tính\facial-emotion-viz\data\raw\surprise\reg_img105 (8).jpg,surprise
C:\Users\mainh\OneDrive\Attachments\Máy tính\facial-emotion-viz\data\raw\repression\reg_img50 (8).jpg,repression
C:\Users\mainh\OneDrive\Attachments\Máy tính\facial-emotion-viz\data\raw\disgust\reg_img83 (16).jpg,disgust
C:\Users\mainh\OneDrive\Attachments\Máy tính\facial-emotion-viz\data\raw\happiness\reg_img140 (5).jpg,happiness
C:\Users\mainh\OneDrive\Attachments\Máy tính\facial-emotion-viz\data\raw\disgust\reg_img69 (28).jpg,disgust
C:\Users\mainh\OneDrive\Attachments\Máy tính\facial-emotion-viz\data\raw\surprise\reg_img83 (3).jpg,surprise
C:\Users\mainh\OneDrive\Attachments\Máy tính\facial-emotion-viz\data\raw\happiness\reg_img50 (11).jpg,happiness
C:\Users\mainh\OneDrive\Attachments\Máy tính\facial-emotion-viz\data\raw\happiness\reg_img109 (12).jpg,happiness
C:\Users\mainh\OneDrive\Attachments\Máy tính\facial-emotion-viz\data\raw\repression\reg_img98 (6).jpg,repression
C:\Users\mainh\OneDrive\Attachments\Máy tính\facial-emotion-viz\data\raw\repression\reg_img167 (3).jpg,repression
C:\Users\mainh\OneDrive\Attachments\Máy tính\facial-emotion-viz\data\raw\happiness\reg_img40 (8).jpg,happiness
C:\Users\mainh\OneDrive\Attachments\Máy tính\facial-emotion-viz\data\raw\happiness\reg_img51.jpg,happiness
C:\Users\mainh\OneDrive\Attachments\Máy tính\facial-emotion-viz\data\raw\surprise\reg_img72 (2).jpg,surprise
C:\Users\mainh\OneDrive\Attachments\Máy tính\facial-emotion-viz\data\raw\disgust\reg_img40 (20).jpg,disgust
C:\Users\mainh\OneDrive\Attachments\Máy tính\facial-emotion-viz\data\raw\surprise\reg_img48 (9).jpg,surprise
C:\Users\mainh\OneDrive\Attachments\Máy tính\facial-emotion-viz\data\raw\repression\reg_img83 (7).jpg,repression
C:\Users\mainh\OneDrive\Attachments\Máy tính\facial-emotion-viz\data\raw\surprise\reg_img81 (10).jpg,surprise
C:\Users\mainh\OneDrive\Attachments\Máy tính\facial-emotion-viz\data\raw\disgust\reg_img91.jpg,disgust
C:\Users\mainh\OneDrive\Attachments\Máy tính\facial-emotion-viz\data\raw\disgust\reg_img108 (29).jpg,disgust
C:\Users\mainh\OneDrive\Attachments\Máy tính\facial-emotion-viz\data\raw\repression\reg_img82.jpg,repression
C:\Users\mainh\OneDrive\Attachments\Máy tính\facial-emotion-viz\data\raw\surprise\reg_img133 (6).jpg,surprise
C:\Users\mainh\OneDrive\Attachments\Máy tính\facial-emotion-viz\data\raw\surprise\reg_img22 (5).jpg,surprise
C:\Users\mainh\OneDrive\Attachments\Máy tính\facial-emotion-viz\data\raw\repression\reg_img80 (3).jpg,repression
C:\Users\mainh\OneDrive\Attachments\Máy tính\facial-emotion-viz\data\raw\surprise\reg_img143.jpg,surprise
C:\Users\mainh\OneDrive\Attachments\Máy tính\facial-emotion-viz\data\raw\repression\reg_img56 (15).jpg,repression
C:\Users\mainh\OneDrive\Attachments\Máy tính\facial-emotion-viz\data\raw\repression\reg_img64 (7).jpg,repression
C:\Users\mainh\OneDrive\Attachments\Máy tính\facial-emotion-viz\data\raw\disgust\reg_img148 (11).jpg,disgust
C:\Users\mainh\OneDrive\Attachments\Máy tính\facial-emotion-viz\data\raw\fear\reg_img101.jpg,fear
C:\Users\mainh\OneDrive\Attachments\Máy tính\facial-emotion-viz\data\raw\happiness\reg_img82 (12).jpg,happiness
C:\Users\mainh\OneDrive\Attachments\Máy tính\facial-emotion-viz\data\raw\disgust\reg_img41 (18).jpg,disgust
C:\Users\mainh\OneDrive\Attachments\Máy tính\facial-emotion-viz\data\raw\repression\reg_img82 (2).jpg,repression
C:\Users\mainh\OneDrive\Attachments\Máy tính\facial-emotion-viz\data\raw\sadness\reg_img67 (2).jpg,sadness
C:\Users\mainh\OneDrive\Attachments\Máy tính\facial-emotion-viz\data\raw\repression\reg_img39 (2).jpg,repression
C:\Users\mainh\OneDrive\Attachments\Máy tính\facial-emotion-viz\data\raw\repression\reg_img91 (5).jpg,repression
C:\Users\mainh\OneDrive\Attachments\Máy tính\facial-emotion-viz\data\raw\disgust\reg_img155 (7).jpg,disgust
C:\Users\mainh\OneDrive\Attachments\Máy tính\facial-emotion-viz\data\raw\surprise\reg_img187.jpg,surprise
C:\Users\mainh\OneDrive\Attachments\Máy tính\facial-emotion-viz\data\raw\surprise\reg_img47 (6).jpg,surprise
C:\Users\mainh\OneDrive\Attachments\Máy tính\facial-emotion-viz\data\raw\repression\reg_img182 (4).jpg,repression
C:\Users\mainh\OneDrive\Attachments\Máy tính\facial-emotion-viz\data\raw\disgust\reg_img109 (29).jpg,disgust
C:\Users\mainh\OneDrive\Attachments\Máy tính\facial-emotion-viz\data\raw\repression\reg_img105 (12).jpg,repression
C:\Users\mainh\OneDrive\Attachments\Máy tính\facial-emotion-viz\data\raw\sadness\reg_img12.jpg,sadness
C:\Users\mainh\OneDrive\Attachments\Máy tính\facial-emotion-viz\data\raw\happiness\reg_img54 (9).jpg,happiness
C:\Users\mainh\OneDrive\Attachments\Máy tính\facial-emotion-viz\data\raw\disgust\reg_img84 (12).jpg,disgust
C:\Users\mainh\OneDrive\Attachments\Máy tính\facial-emotion-viz\data\raw\happiness\reg_img152 (4).jpg,happiness
C:\Users\mainh\OneDrive\Attachments\Máy tính\facial-emotion-viz\data\raw\happiness\reg_img77 (9).jpg,happiness
C:\Users\mainh\OneDrive\Attachments\Máy tính\facial-emotion-viz\data\raw\disgust\reg_img103 (14).jpg,disgust
C:\Users\mainh\OneDrive\Attachments\Máy tính\facial-emotion-viz\data\raw\disgust\reg_img95 (36).jpg,disgust
C:\Users\mainh\OneDrive\Attachments\Máy tính\facial-emotion-viz\data\raw\repression\reg_img162 (6).jpg,repression
C:\Users\mainh\OneDrive\Attachments\Máy tính\facial-emotion-viz\data\raw\disgust\reg_img92 (13).jpg,disgust
C:\Users\mainh\OneDrive\Attachments\Máy tính\facial-emotion-viz\data\raw\disgust\reg_img58 (13).jpg,disgust
C:\Users\mainh\OneDrive\Attachments\Máy tính\facial-emotion-viz\data\raw\disgust\reg_img43 (23).jpg,disgust
C:\Users\mainh\OneDrive\Attachments\Máy tính\facial-emotion-viz\data\raw\happiness\reg_img80 (13).jpg,happiness
C:\Users\mainh\OneDrive\Attachments\Máy tính\facial-emotion-viz\data\raw\disgust\reg_img100 (3).jpg,disgust
C:\Users\mainh\OneDrive\Attachments\Máy tính\facial-emotion-viz\data\raw\happiness\reg_img247.jpg,happiness
C:\Users\mainh\OneDrive\Attachments\Máy tính\facial-emotion-viz\data\raw\surprise\reg_img147 (6).jpg,surprise
C:\Users\mainh\OneDrive\Attachments\Máy tính\facial-emotion-viz\data\raw\repression\reg_img41 (6).jpg,repression
C:\Users\mainh\OneDrive\Attachments\Máy tính\facial-emotion-viz\data\raw\repression\reg_img29 (2).jpg,repression
C:\Users\mainh\OneDrive\Attachments\Máy tính\facial-emotion-viz\data\raw\repression\reg_img246.jpg,repression
C:\Users\mainh\OneDrive\Attachments\Máy tính\facial-emotion-viz\data\raw\disgust\reg_img106 (15).jpg,disgust
C:\Users\mainh\OneDrive\Attachments\Máy tính\facial-emotion-viz\data\raw\happiness\reg_img72 (18).jpg,happiness
C:\Users\mainh\OneDrive\Attachments\Máy tính\facial-emotion-viz\data\raw\repression\reg_img154 (4).jpg,repression
C:\Users\mainh\OneDrive\Attachments\Máy tính\facial-emotion-viz\data\raw\happiness\reg_img13.jpg,happiness
C:\Users\mainh\OneDrive\Attachments\Máy tính\facial-emotion-viz\data\raw\disgust\reg_img83 (2).jpg,disgust
C:\Users\mainh\OneDrive\Attachments\Máy tính\facial-emotion-viz\data\raw\disgust\reg_img156 (2).jpg,disgust
C:\Users\mainh\OneDrive\Attachments\Máy tính\facial-emotion-viz\data\raw\surprise\reg_img134 (6).jpg,surprise
C:\Users\mainh\OneDrive\Attachments\Máy tính\facial-emotion-viz\data\raw\repression\reg_img125 (5).jpg,repression
C:\Users\mainh\OneDrive\Attachments\Máy tính\facial-emotion-viz\data\raw\repression\reg_img167 (2).jpg,repression
C:\Users\mainh\OneDrive\Attachments\Máy tính\facial-emotion-viz\data\raw\happiness\reg_img86 (5).jpg,happiness
C:\Users\mainh\OneDrive\Attachments\Máy tính\facial-emotion-viz\data\raw\disgust\reg_img78 (15).jpg,disgust
C:\Users\mainh\OneDrive\Attachments\Máy tính\facial-emotion-viz\data\raw\happiness\reg_img68 (14).jpg,happiness
C:\Users\mainh\OneDrive\Attachments\Máy tính\facial-emotion-viz\data\raw\happiness\reg_img77 (7).jpg,happiness
C:\Users\mainh\OneDrive\Attachments\Máy tính\facial-emotion-viz\data\raw\disgust\reg_img145 (2).jpg,disgust
C:\Users\mainh\OneDrive\Attachments\Máy tính\facial-emotion-viz\data\raw\disgust\reg_img131 (15).jpg,disgust
C:\Users\mainh\OneDrive\Attachments\Máy tính\facial-emotion-viz\data\raw\happiness\reg_img82 (6).jpg,happiness
C:\Users\mainh\OneDrive\Attachments\Máy tính\facial-emotion-viz\data\raw\repression\reg_img92 (7).jpg,repression
C:\Users\mainh\OneDrive\Attachments\Máy tính\facial-emotion-viz\data\raw\repression\reg_img57 (11).jpg,repression
C:\Users\mainh\OneDrive\Attachments\Máy tính\facial-emotion-viz\data\raw\repression\reg_img100 (6).jpg,repression
C:\Users\mainh\OneDrive\Attachments\Máy tính\facial-emotion-viz\data\raw\sadness\reg_img79 (2).jpg,sadness
C:\Users\mainh\OneDrive\Attachments\Máy tính\facial-emotion-viz\data\raw\disgust\reg_img41 (13).jpg,disgust
C:\Users\mainh\OneDrive\Attachments\Máy tính\facial-emotion-viz\data\raw\sadness\reg_img337.jpg,sadness
C:\Users\mainh\OneDrive\Attachments\Máy tính\facial-emotion-viz\data\raw\happiness\reg_img97 (11).jpg,happiness
C:\Users\mainh\OneDrive\Attachments\Máy tính\facial-emotion-viz\data\raw\happiness\reg_img87 (12).jpg,happiness
C:\Users\mainh\OneDrive\Attachments\Máy tính\facial-emotion-viz\data\raw\surprise\reg_img79 (7).jpg,surprise
C:\Users\mainh\OneDrive\Attachments\Máy tính\facial-emotion-viz\data\raw\disgust\reg_img97 (5).jpg,disgust
C:\Users\mainh\OneDrive\Attachments\Máy tính\facial-emotion-viz\data\raw\disgust\reg_img40 (6).jpg,disgust
C:\Users\mainh\OneDrive\Attachments\Máy tính\facial-emotion-viz\data\raw\repression\reg_img201 (3).jpg,repression
C:\Users\mainh\OneDrive\Attachments\Máy tính\facial-emotion-viz\data\raw\disgust\reg_img71 (23).jpg,disgust
C:\Users\mainh\OneDrive\Attachments\Máy tính\facial-emotion-viz\data\raw\happiness\reg_img234.jpg,happiness
C:\Users\mainh\OneDrive\Attachments\Máy tính\facial-emotion-viz\data\raw\disgust\reg_img50 (8).jpg,disgust
C:\Users\mainh\OneDrive\Attachments\Máy tính\facial-emotion-viz\data\raw\happiness\reg_img93 (5).jpg,happiness
C:\Users\mainh\OneDrive\Attachments\Máy tính\facial-emotion-viz\data\raw\happiness\reg_img67 (20).jpg,happiness
C:\Users\mainh\OneDrive\Attachments\Máy tính\facial-emotion-viz\data\raw\surprise\reg_img158 (3).jpg,surprise
C:\Users\mainh\OneDrive\Attachments\Máy tính\facial-emotion-viz\data\raw\happiness\reg_img100 (12).jpg,happiness
C:\Users\mainh\OneDrive\Attachments\Máy tính\facial-emotion-viz\data\raw\repression\reg_img78 (12).jpg,repression
C:\Users\mainh\OneDrive\Attachments\Máy tính\facial-emotion-viz\data\raw\repression\reg_img50 (12).jpg,repression
C:\Users\mainh\OneDrive\Attachments\Máy tính\facial-emotion-viz\data\raw\repression\reg_img45 (9).jpg,repression
C:\Users\mainh\OneDrive\Attachments\Máy tính\facial-emotion-viz\data\raw\happiness\reg_img67 (14).jpg,happiness
C:\Users\mainh\OneDrive\Attachments\Máy tính\facial-emotion-viz\data\raw\disgust\reg_img127 (17).jpg,disgust
C:\Users\mainh\OneDrive\Attachments\Máy tính\facial-emotion-viz\data\raw\disgust\reg_img17.jpg,disgust
C:\Users\mainh\OneDrive\Attachments\Máy tính\facial-emotion-viz\data\raw\happiness\reg_img49 (3).jpg,happiness
C:\Users\mainh\OneDrive\Attachments\Máy tính\facial-emotion-viz\data\raw\surprise\reg_img90 (14).jpg,surprise
C:\Users\mainh\OneDrive\Attachments\Máy tính\facial-emotion-viz\data\raw\happiness\reg_img45 (3).jpg,happiness
C:\Users\mainh\OneDrive\Attachments\Máy tính\facial-emotion-viz\data\raw\happiness\reg_img101 (18).jpg,happiness
C:\Users\mainh\OneDrive\Attachments\Máy tính\facial-emotion-viz\data\raw\surprise\reg_img91 (16).jpg,surprise
C:\Users\mainh\OneDrive\Attachments\Máy tính\facial-emotion-viz\data\raw\happiness\reg_img107.jpg,happiness
C:\Users\mainh\OneDrive\Attachments\Máy tính\facial-emotion-viz\data\raw\disgust\reg_img93 (12).jpg,disgust
C:\Users\mainh\OneDrive\Attachments\Máy tính\facial-emotion-viz\data\raw\repression\reg_img117 (3).jpg,repression
C:\Users\mainh\OneDrive\Attachments\Máy tính\facial-emotion-viz\data\raw\repression\reg_img170 (8).jpg,repression
C:\Users\mainh\OneDrive\Attachments\Máy tính\facial-emotion-viz\data\raw\repression\reg_img134.jpg,repression
C:\Users\mainh\OneDrive\Attachments\Máy tính\facial-emotion-viz\data\raw\disgust\reg_img96 (13).jpg,disgust
C:\Users\mainh\OneDrive\Attachments\Máy tính\facial-emotion-viz\data\raw\sadness\reg_img98.jpg,sadness
C:\Users\mainh\OneDrive\Attachments\Máy tính\facial-emotion-viz\data\raw\repression\reg_img68 (13).jpg,repression
C:\Users\mainh\OneDrive\Attachments\Máy tính\facial-emotion-viz\data\raw\repression\reg_img104 (10).jpg,repression
C:\Users\mainh\OneDrive\Attachments\Máy tính\facial-emotion-viz\data\raw\repression\reg_img135 (7).jpg,repression
C:\Users\mainh\OneDrive\Attachments\Máy tính\facial-emotion-viz\data\raw\happiness\reg_img104 (8).jpg,happiness
C:\Users\mainh\OneDrive\Attachments\Máy tính\facial-emotion-viz\data\raw\disgust\reg_img66 (11).jpg,disgust
C:\Users\mainh\OneDrive\Attachments\Máy tính\facial-emotion-viz\data\raw\repression\reg_img83 (10).jpg,repression
C:\Users\mainh\OneDrive\Attachments\Máy tính\facial-emotion-viz\data\raw\surprise\reg_img80 (12).jpg,surprise
C:\Users\mainh\OneDrive\Attachments\Máy tính\facial-emotion-viz\data\raw\fear\reg_img61.jpg,fear
C:\Users\mainh\OneDrive\Attachments\Máy tính\facial-emotion-viz\data\raw\repression\reg_img52 (3).jpg,repression
C:\Users\mainh\OneDrive\Attachments\Máy tính\facial-emotion-viz\data\raw\repression\reg_img118 (2).jpg,repression
C:\Users\mainh\OneDrive\Attachments\Máy tính\facial-emotion-viz\data\raw\disgust\reg_img99 (32).jpg,disgust
C:\Users\mainh\OneDrive\Attachments\Máy tính\facial-emotion-viz\data\raw\happiness\reg_img40 (4).jpg,happiness
C:\Users\mainh\OneDrive\Attachments\Máy tính\facial-emotion-viz\data\raw\happiness\reg_img71.jpg,happiness
C:\Users\mainh\OneDrive\Attachments\Máy tính\facial-emotion-viz\data\raw\repression\reg_img54 (11).jpg,repression
C:\Users\mainh\OneDrive\Attachments\Máy tính\facial-emotion-viz\data\raw\happiness\reg_img83 (8).jpg,happiness
C:\Users\mainh\OneDrive\Attachments\Máy tính\facial-emotion-viz\data\raw\surprise\reg_img83 (2).jpg,surprise
C:\Users\mainh\OneDrive\Attachments\Máy tính\facial-emotion-viz\data\raw\happiness\reg_img117 (15).jpg,happiness
C:\Users\mainh\OneDrive\Attachments\Máy tính\facial-emotion-viz\data\raw\disgust\reg_img46 (4).jpg,disgust
C:\Users\mainh\OneDrive\Attachments\Máy tính\facial-emotion-viz\data\raw\happiness\reg_img69 (18).jpg,happiness
C:\Users\mainh\OneDrive\Attachments\Máy tính\facial-emotion-viz\data\raw\disgust\reg_img98 (4).jpg,disgust
C:\Users\mainh\OneDrive\Attachments\Máy tính\facial-emotion-viz\data\raw\repression\reg_img162 (8).jpg,repression
C:\Users\mainh\OneDrive\Attachments\Máy tính\facial-emotion-viz\data\raw\disgust\reg_img174 (4).jpg,disgust
C:\Users\mainh\OneDrive\Attachments\Máy tính\facial-emotion-viz\data\raw\disgust\reg_img100 (20).jpg,disgust
C:\Users\mainh\OneDrive\Attachments\Máy tính\facial-emotion-viz\data\raw\happiness\reg_img57 (11).jpg,happiness
C:\Users\mainh\OneDrive\Attachments\Máy tính\facial-emotion-viz\data\raw\disgust\reg_img108 (19).jpg,disgust
C:\Users\mainh\OneDrive\Attachments\Máy tính\facial-emotion-viz\data\raw\disgust\reg_img82 (32).jpg,disgust
C:\Users\mainh\OneDrive\Attachments\Máy tính\facial-emotion-viz\data\raw\repression\reg_img124 (8).jpg,repression
C:\Users\mainh\OneDrive\Attachments\Máy tính\facial-emotion-viz\data\raw\fear\reg_img22.jpg,fear
C:\Users\mainh\OneDrive\Attachments\Máy tính\facial-emotion-viz\data\raw\repression\reg_img121 (5).jpg,repression
C:\Users\mainh\OneDrive\Attachments\Máy tính\facial-emotion-viz\data\raw\happiness\reg_img9 (2).jpg,happiness
C:\Users\mainh\OneDrive\Attachments\Máy tính\facial-emotion-viz\data\raw\happiness\reg_img87 (15).jpg,happiness
C:\Users\mainh\OneDrive\Attachments\Máy tính\facial-emotion-viz\data\raw\repression\reg_img89 (4).jpg,repression
C:\Users\mainh\OneDrive\Attachments\Máy tính\facial-emotion-viz\data\raw\disgust\reg_img112 (22).jpg,disgust
C:\Users\mainh\OneDrive\Attachments\Máy tính\facial-emotion-viz\data\raw\repression\reg_img42 (4).jpg,repression
C:\Users\mainh\OneDrive\Attachments\Máy tính\facial-emotion-viz\data\raw\happiness\reg_img77 (14).jpg,happiness
C:\Users\mainh\OneDrive\Attachments\Máy tính\facial-emotion-viz\data\raw\repression\reg_img147 (2).jpg,repression
C:\Users\mainh\OneDrive\Attachments\Máy tính\facial-emotion-viz\data\raw\disgust\reg_img50 (4).jpg,disgust
C:\Users\mainh\OneDrive\Attachments\Máy tính\facial-emotion-viz\data\raw\happiness\reg_img85 (4).jpg,happiness
C:\Users\mainh\OneDrive\Attachments\Máy tính\facial-emotion-viz\data\raw\repression\reg_img125 (14).jpg,repression
C:\Users\mainh\OneDrive\Attachments\Máy tính\facial-emotion-viz\data\raw\happiness\reg_img59 (9).jpg,happiness
C:\Users\mainh\OneDrive\Attachments\Máy tính\facial-emotion-viz\data\raw\surprise\reg_img46 (4).jpg,surprise
C:\Users\mainh\OneDrive\Attachments\Máy tính\facial-emotion-viz\data\raw\disgust\reg_img82 (5).jpg,disgust
C:\Users\mainh\OneDrive\Attachments\Máy tính\facial-emotion-viz\data\raw\happiness\reg_img97 (6).jpg,happiness
C:\Users\mainh\OneDrive\Attachments\Máy tính\facial-emotion-viz\data\raw\disgust\reg_img104 (11).jpg,disgust
C:\Users\mainh\OneDrive\Attachments\Máy tính\facial-emotion-viz\data\raw\repression\reg_img34 (7).jpg,repression
C:\Users\mainh\OneDrive\Attachments\Máy tính\facial-emotion-viz\data\raw\disgust\reg_img98 (32).jpg,disgust
C:\Users\mainh\OneDrive\Attachments\Máy tính\facial-emotion-viz\data\raw\happiness\reg_img103 (15).jpg,happiness
C:\Users\mainh\OneDrive\Attachments\Máy tính\facial-emotion-viz\data\raw\repression\reg_img62.jpg,repression
C:\Users\mainh\OneDrive\Attachments\Máy tính\facial-emotion-viz\data\raw\disgust\reg_img88 (2).jpg,disgust
C:\Users\mainh\OneDrive\Attachments\Máy tính\facial-emotion-viz\data\raw\repression\reg_img171 (8).jpg,repression
C:\Users\mainh\OneDrive\Attachments\Máy tính\facial-emotion-viz\data\raw\happiness\reg_img36.jpg,happiness
C:\Users\mainh\OneDrive\Attachments\Máy tính\facial-emotion-viz\data\raw\happiness\reg_img44 (8).jpg,happiness
C:\Users\mainh\OneDrive\Attachments\Máy tính\facial-emotion-viz\data\raw\happiness\reg_img31 (4).jpg,happiness
C:\Users\mainh\OneDrive\Attachments\Máy tính\facial-emotion-viz\data\raw\disgust\reg_img54 (20).jpg,disgust
C:\Users\mainh\OneDrive\Attachments\Máy tính\facial-emotion-viz\data\raw\disgust\reg_img29 (11).jpg,disgust
C:\Users\mainh\OneDrive\Attachments\Máy tính\facial-emotion-viz\data\raw\disgust\reg_img105 (12).jpg,disgust
C:\Users\mainh\OneDrive\Attachments\Máy tính\facial-emotion-viz\data\raw\happiness\reg_img77 (15).jpg,happiness
C:\Users\mainh\OneDrive\Attachments\Máy tính\facial-emotion-viz\data\raw\happiness\reg_img32 (10).jpg,happiness
C:\Users\mainh\OneDrive\Attachments\Máy tính\facial-emotion-viz\data\raw\surprise\reg_img23 (3).jpg,surprise
C:\Users\mainh\OneDrive\Attachments\Máy tính\facial-emotion-viz\data\raw\happiness\reg_img55 (16).jpg,happiness
C:\Users\mainh\OneDrive\Attachments\Máy tính\facial-emotion-viz\data\raw\happiness\reg_img108 (9).jpg,happiness
C:\Users\mainh\OneDrive\Attachments\Máy tính\facial-emotion-viz\data\raw\repression\reg_img121 (6).jpg,repression
C:\Users\mainh\OneDrive\Attachments\Máy tính\facial-emotion-viz\data\raw\disgust\reg_img172 (4).jpg,disgust
C:\Users\mainh\OneDrive\Attachments\Máy tính\facial-emotion-viz\data\raw\disgust\reg_img27 (11).jpg,disgust
C:\Users\mainh\OneDrive\Attachments\Máy tính\facial-emotion-viz\data\raw\disgust\reg_img65 (22).jpg,disgust
C:\Users\mainh\OneDrive\Attachments\Máy tính\facial-emotion-viz\data\raw\happiness\reg_img106 (8).jpg,happiness
C:\Users\mainh\OneDrive\Attachments\Máy tính\facial-emotion-viz\data\raw\disgust\reg_img120 (6).jpg,disgust
C:\Users\mainh\OneDrive\Attachments\Máy tính\facial-emotion-viz\data\raw\disgust\reg_img126 (15).jpg,disgust
C:\Users\mainh\OneDrive\Attachments\Máy tính\facial-emotion-viz\data\raw\surprise\reg_img109 (5).jpg,surprise
C:\Users\mainh\OneDrive\Attachments\Máy tính\facial-emotion-viz\data\raw\disgust\reg_img37 (5).jpg,disgust
C:\Users\mainh\OneDrive\Attachments\Máy tính\facial-emotion-viz\data\raw\disgust\reg_img68 (23).jpg,disgust
C:\Users\mainh\OneDrive\Attachments\Máy tính\facial-emotion-viz\data\raw\repression\reg_img200.jpg,repression
C:\Users\mainh\OneDrive\Attachments\Máy tính\facial-emotion-viz\data\raw\disgust\reg_img208.jpg,disgust
C:\Users\mainh\OneDrive\Attachments\Máy tính\facial-emotion-viz\data\raw\disgust\reg_img77 (15).jpg,disgust
C:\Users\mainh\OneDrive\Attachments\Máy tính\facial-emotion-viz\data\raw\disgust\reg_img141 (2).jpg,disgust
C:\Users\mainh\OneDrive\Attachments\Máy tính\facial-emotion-viz\data\raw\repression\reg_img92 (11).jpg,repression
C:\Users\mainh\OneDrive\Attachments\Máy tính\facial-emotion-viz\data\raw\disgust\reg_img121 (13).jpg,disgust
C:\Users\mainh\OneDrive\Attachments\Máy tính\facial-emotion-viz\data\raw\disgust\reg_img122 (10).jpg,disgust
C:\Users\mainh\OneDrive\Attachments\Máy tính\facial-emotion-viz\data\raw\repression\reg_img132 (10).jpg,repression
C:\Users\mainh\OneDrive\Attachments\Máy tính\facial-emotion-viz\data\raw\disgust\reg_img162 (3).jpg,disgust
C:\Users\mainh\OneDrive\Attachments\Máy tính\facial-emotion-viz\data\raw\repression\reg_img87 (6).jpg,repression
C:\Users\mainh\OneDrive\Attachments\Máy tính\facial-emotion-viz\data\raw\repression\reg_img61 (15).jpg,repression
C:\Users\mainh\OneDrive\Attachments\Máy tính\facial-emotion-viz\data\raw\disgust\reg_img22.jpg,disgust
C:\Users\mainh\OneDrive\Attachments\Máy tính\facial-emotion-viz\data\raw\happiness\reg_img37 (14).jpg,happiness
C:\Users\mainh\OneDrive\Attachments\Máy tính\facial-emotion-viz\data\raw\disgust\reg_img108 (7).jpg,disgust
C:\Users\mainh\OneDrive\Attachments\Máy tính\facial-emotion-viz\data\raw\disgust\reg_img18 (7).jpg,disgust
C:\Users\mainh\OneDrive\Attachments\Máy tính\facial-emotion-viz\data\raw\happiness\reg_img94.jpg,happiness
C:\Users\mainh\OneDrive\Attachments\Máy tính\facial-emotion-viz\data\raw\disgust\reg_img311.jpg,disgust
C:\Users\mainh\OneDrive\Attachments\Máy tính\facial-emotion-viz\data\raw\happiness\reg_img41 (8).jpg,happiness
C:\Users\mainh\OneDrive\Attachments\Máy tính\facial-emotion-viz\data\raw\happiness\reg_img32 (5).jpg,happiness
C:\Users\mainh\OneDrive\Attachments\Máy tính\facial-emotion-viz\data\raw\happiness\reg_img14 (2).jpg,happiness
C:\Users\mainh\OneDrive\Attachments\Máy tính\facial-emotion-viz\data\raw\disgust\reg_img126 (10).jpg,disgust
C:\Users\mainh\OneDrive\Attachments\Máy tính\facial-emotion-viz\data\raw\disgust\reg_img146.jpg,disgust
C:\Users\mainh\OneDrive\Attachments\Máy tính\facial-emotion-viz\data\raw\happiness\reg_img255.jpg,happiness
C:\Users\mainh\OneDrive\Attachments\Máy tính\facial-emotion-viz\data\raw\happiness\reg_img244.jpg,happiness
C:\Users\mainh\OneDrive\Attachments\Máy tính\facial-emotion-viz\data\raw\disgust\reg_img111 (19).jpg,disgust
C:\Users\mainh\OneDrive\Attachments\Máy tính\facial-emotion-viz\data\raw\disgust\reg_img93 (7).jpg,disgust
C:\Users\mainh\OneDrive\Attachments\Máy tính\facial-emotion-viz\data\raw\surprise\reg_img58 (14).jpg,surprise
C:\Users\mainh\OneDrive\Attachments\Máy tính\facial-emotion-viz\data\raw\repression\reg_img138 (2).jpg,repression
C:\Users\mainh\OneDrive\Attachments\Máy tính\facial-emotion-viz\data\raw\disgust\reg_img81 (32).jpg,disgust
C:\Users\mainh\OneDrive\Attachments\Máy tính\facial-emotion-viz\data\raw\disgust\reg_img28 (14).jpg,disgust
C:\Users\mainh\OneDrive\Attachments\Máy tính\facial-emotion-viz\data\raw\repression\reg_img174 (8).jpg,repression
C:\Users\mainh\OneDrive\Attachments\Máy tính\facial-emotion-viz\data\raw\disgust\reg_img124 (21).jpg,disgust
C:\Users\mainh\OneDrive\Attachments\Máy tính\facial-emotion-viz\data\raw\disgust\reg_img78 (27).jpg,disgust
C:\Users\mainh\OneDrive\Attachments\Máy tính\facial-emotion-viz\data\raw\repression\reg_img114.jpg,repression
C:\Users\mainh\OneDrive\Attachments\Máy tính\facial-emotion-viz\data\raw\disgust\reg_img30 (3).jpg,disgust
C:\Users\mainh\OneDrive\Attachments\Máy tính\facial-emotion-viz\data\raw\surprise\reg_img136 (8).jpg,surprise
C:\Users\mainh\OneDrive\Attachments\Máy tính\facial-emotion-viz\data\raw\repression\reg_img185 (5).jpg,repression
C:\Users\mainh\OneDrive\Attachments\Máy tính\facial-emotion-viz\data\raw\repression\reg_img181 (8).jpg,repression
C:\Users\mainh\OneDrive\Attachments\Máy tính\facial-emotion-viz\data\raw\happiness\reg_img93 (15).jpg,happiness
C:\Users\mainh\OneDrive\Attachments\Máy tính\facial-emotion-viz\data\raw\disgust\reg_img113 (16).jpg,disgust
C:\Users\mainh\OneDrive\Attachments\Máy tính\facial-emotion-viz\data\raw\happiness\reg_img83 (10).jpg,happiness
C:\Users\mainh\OneDrive\Attachments\Máy tính\facial-emotion-viz\data\raw\disgust\reg_img131 (21).jpg,disgust
C:\Users\mainh\OneDrive\Attachments\Máy tính\facial-emotion-viz\data\raw\repression\reg_img222 (2).jpg,repression
C:\Users\mainh\OneDrive\Attachments\Máy tính\facial-emotion-viz\data\raw\happiness\reg_img181.jpg,happiness
C:\Users\mainh\OneDrive\Attachments\Máy tính\facial-emotion-viz\data\raw\disgust\reg_img58 (10).jpg,disgust
C:\Users\mainh\OneDrive\Attachments\Máy tính\facial-emotion-viz\data\raw\disgust\reg_img143 (9).jpg,disgust
C:\Users\mainh\OneDrive\Attachments\Máy tính\facial-emotion-viz\data\raw\disgust\reg_img48 (28).jpg,disgust
C:\Users\mainh\OneDrive\Attachments\Máy tính\facial-emotion-viz\data\raw\happiness\reg_img60 (4).jpg,happiness
C:\Users\mainh\OneDrive\Attachments\Máy tính\facial-emotion-viz\data\raw\happiness\reg_img86 (24).jpg,happiness
C:\Users\mainh\OneDrive\Attachments\Máy tính\facial-emotion-viz\data\raw\surprise\reg_img93 (9).jpg,surprise
C:\Users\mainh\OneDrive\Attachments\Máy tính\facial-emotion-viz\data\raw\disgust\reg_img85 (26).jpg,disgust
C:\Users\mainh\OneDrive\Attachments\Máy tính\facial-emotion-viz\data\raw\disgust\reg_img115 (8).jpg,disgust
C:\Users\mainh\OneDrive\Attachments\Máy tính\facial-emotion-viz\data\raw\disgust\reg_img59 (8).jpg,disgust
C:\Users\mainh\OneDrive\Attachments\Máy tính\facial-emotion-viz\data\raw\surprise\reg_img57 (9).jpg,surprise
C:\Users\mainh\OneDrive\Attachments\Máy tính\facial-emotion-viz\data\raw\disgust\reg_img52 (17).jpg,disgust
C:\Users\mainh\OneDrive\Attachments\Máy tính\facial-emotion-viz\data\raw\repression\reg_img147 (7).jpg,repression
C:\Users\mainh\OneDrive\Attachments\Máy tính\facial-emotion-viz\data\raw\sadness\reg_img54 (2).jpg,sadness
C:\Users\mainh\OneDrive\Attachments\Máy tính\facial-emotion-viz\data\raw\disgust\reg_img19 (8).jpg,disgust
C:\Users\mainh\OneDrive\Attachments\Máy tính\facial-emotion-viz\data\raw\disgust\reg_img47 (12).jpg,disgust
C:\Users\mainh\OneDrive\Attachments\Máy tính\facial-emotion-viz\data\raw\happiness\reg_img89 (22).jpg,happiness
C:\Users\mainh\OneDrive\Attachments\Máy tính\facial-emotion-viz\data\raw\disgust\reg_img57 (16).jpg,disgust
C:\Users\mainh\OneDrive\Attachments\Máy tính\facial-emotion-viz\data\raw\surprise\reg_img96 (2).jpg,surprise
C:\Users\mainh\OneDrive\Attachments\Máy tính\facial-emotion-viz\data\raw\repression\reg_img99 (2).jpg,repression
C:\Users\mainh\OneDrive\Attachments\Máy tính\facial-emotion-viz\data\raw\disgust\reg_img164 (3).jpg,disgust
C:\Users\mainh\OneDrive\Attachments\Máy tính\facial-emotion-viz\data\raw\disgust\reg_img105 (31).jpg,disgust
C:\Users\mainh\OneDrive\Attachments\Máy tính\facial-emotion-viz\data\raw\repression\reg_img124 (7).jpg,repression
C:\Users\mainh\OneDrive\Attachments\Máy tính\facial-emotion-viz\data\raw\disgust\reg_img174 (2).jpg,disgust
C:\Users\mainh\OneDrive\Attachments\Máy tính\facial-emotion-viz\data\raw\happiness\reg_img126 (10).jpg,happiness
C:\Users\mainh\OneDrive\Attachments\Máy tính\facial-emotion-viz\data\raw\disgust\reg_img37 (26).jpg,disgust
C:\Users\mainh\OneDrive\Attachments\Máy tính\facial-emotion-viz\data\raw\repression\reg_img154 (9).jpg,repression
C:\Users\mainh\OneDrive\Attachments\Máy tính\facial-emotion-viz\data\raw\disgust\reg_img117 (22).jpg,disgust
C:\Users\mainh\OneDrive\Attachments\Máy tính\facial-emotion-viz\data\raw\surprise\reg_img86 (13).jpg,surprise
C:\Users\mainh\OneDrive\Attachments\Máy tính\facial-emotion-viz\data\raw\disgust\reg_img83 (36).jpg,disgust
C:\Users\mainh\OneDrive\Attachments\Máy tính\facial-emotion-viz\data\raw\repression\reg_img104 (14).jpg,repression
C:\Users\mainh\OneDrive\Attachments\Máy tính\facial-emotion-viz\data\raw\happiness\reg_img97 (17).jpg,happiness
C:\Users\mainh\OneDrive\Attachments\Máy tính\facial-emotion-viz\data\raw\happiness\reg_img240 (2).jpg,happiness
C:\Users\mainh\OneDrive\Attachments\Máy tính\facial-emotion-viz\data\raw\surprise\reg_img69 (3).jpg,surprise
C:\Users\mainh\OneDrive\Attachments\Máy tính\facial-emotion-viz\data\raw\happiness\reg_img108 (11).jpg,happiness
C:\Users\mainh\OneDrive\Attachments\Máy tính\facial-emotion-viz\data\raw\happiness\reg_img61 (4).jpg,happiness
C:\Users\mainh\OneDrive\Attachments\Máy tính\facial-emotion-viz\data\raw\repression\reg_img42 (8).jpg,repression
C:\Users\mainh\OneDrive\Attachments\Máy tính\facial-emotion-viz\data\raw\surprise\reg_img133 (5).jpg,surprise
C:\Users\mainh\OneDrive\Attachments\Máy tính\facial-emotion-viz\data\raw\disgust\reg_img80 (21).jpg,disgust
C:\Users\mainh\OneDrive\Attachments\Máy tính\facial-emotion-viz\data\raw\happiness\reg_img72 (11).jpg,happiness
C:\Users\mainh\OneDrive\Attachments\Máy tính\facial-emotion-viz\data\raw\disgust\reg_img77 (34).jpg,disgust
C:\Users\mainh\OneDrive\Attachments\Máy tính\facial-emotion-viz\data\raw\disgust\reg_img122 (3).jpg,disgust
C:\Users\mainh\OneDrive\Attachments\Máy tính\facial-emotion-viz\data\raw\surprise\reg_img109 (10).jpg,surprise
C:\Users\mainh\OneDrive\Attachments\Máy tính\facial-emotion-viz\data\raw\disgust\reg_img47 (10).jpg,disgust
C:\Users\mainh\OneDrive\Attachments\Máy tính\facial-emotion-viz\data\raw\repression\reg_img51 (9).jpg,repression
C:\Users\mainh\OneDrive\Attachments\Máy tính\facial-emotion-viz\data\raw\happiness\reg_img73.jpg,happiness
C:\Users\mainh\OneDrive\Attachments\Máy tính\facial-emotion-viz\data\raw\repression\reg_img111.jpg,repression
C:\Users\mainh\OneDrive\Attachments\Máy tính\facial-emotion-viz\data\raw\fear\reg_img73 (2).jpg,fear
C:\Users\mainh\OneDrive\Attachments\Máy tính\facial-emotion-viz\data\raw\surprise\reg_img100.jpg,surprise
C:\Users\mainh\OneDrive\Attachments\Máy tính\facial-emotion-viz\data\raw\repression\reg_img59 (13).jpg,repression
C:\Users\mainh\OneDrive\Attachments\Máy tính\facial-emotion-viz\data\raw\disgust\reg_img81 (17).jpg,disgust
C:\Users\mainh\OneDrive\Attachments\Máy tính\facial-emotion-viz\data\raw\happiness\reg_img101.jpg,happiness
C:\Users\mainh\OneDrive\Attachments\Máy tính\facial-emotion-viz\data\raw\disgust\reg_img26 (3).jpg,disgust
C:\Users\mainh\OneDrive\Attachments\Máy tính\facial-emotion-viz\data\raw\disgust\reg_img101 (28).jpg,disgust
C:\Users\mainh\OneDrive\Attachments\Máy tính\facial-emotion-viz\data\raw\disgust\reg_img48 (9).jpg,disgust
C:\Users\mainh\OneDrive\Attachments\Máy tính\facial-emotion-viz\data\raw\disgust\reg_img118 (26).jpg,disgust
C:\Users\mainh\OneDrive\Attachments\Máy tính\facial-emotion-viz\data\raw\disgust\reg_img97 (15).jpg,disgust
C:\Users\mainh\OneDrive\Attachments\Máy tính\facial-emotion-viz\data\raw\disgust\reg_img87 (23).jpg,disgust
C:\Users\mainh\OneDrive\Attachments\Máy tính\facial-emotion-viz\data\raw\happiness\reg_img75 (13).jpg,happiness
C:\Users\mainh\OneDrive\Attachments\Máy tính\facial-emotion-viz\data\raw\surprise\reg_img17 (3).jpg,surprise
C:\Users\mainh\OneDrive\Attachments\Máy tính\facial-emotion-viz\data\raw\disgust\reg_img84 (3).jpg,disgust
C:\Users\mainh\OneDrive\Attachments\Máy tính\facial-emotion-viz\data\raw\repression\reg_img66 (6).jpg,repression
C:\Users\mainh\OneDrive\Attachments\Máy tính\facial-emotion-viz\data\raw\disgust\reg_img37 (16).jpg,disgust
C:\Users\mainh\OneDrive\Attachments\Máy tính\facial-emotion-viz\data\raw\disgust\reg_img36 (4).jpg,disgust
C:\Users\mainh\OneDrive\Attachments\Máy tính\facial-emotion-viz\data\raw\disgust\reg_img38 (2).jpg,disgust
C:\Users\mainh\OneDrive\Attachments\Máy tính\facial-emotion-viz\data\raw\disgust\reg_img73 (20).jpg,disgust
C:\Users\mainh\OneDrive\Attachments\Máy tính\facial-emotion-viz\data\raw\disgust\reg_img80 (22).jpg,disgust
C:\Users\mainh\OneDrive\Attachments\Máy tính\facial-emotion-viz\data\raw\sadness\reg_img20.jpg,sadness
C:\Users\mainh\OneDrive\Attachments\Máy tính\facial-emotion-viz\data\raw\disgust\reg_img218.jpg,disgust
C:\Users\mainh\OneDrive\Attachments\Máy tính\facial-emotion-viz\data\raw\surprise\reg_img84 (8).jpg,surprise
C:\Users\mainh\OneDrive\Attachments\Máy tính\facial-emotion-viz\data\raw\surprise\reg_img98 (6).jpg,surprise
C:\Users\mainh\OneDrive\Attachments\Máy tính\facial-emotion-viz\data\raw\surprise\reg_img21 (4).jpg,surprise
C:\Users\mainh\OneDrive\Attachments\Máy tính\facial-emotion-viz\data\raw\repression\reg_img53 (5).jpg,repression
C:\Users\mainh\OneDrive\Attachments\Máy tính\facial-emotion-viz\data\raw\disgust\reg_img138 (3).jpg,disgust
C:\Users\mainh\OneDrive\Attachments\Máy tính\facial-emotion-viz\data\raw\disgust\reg_img88 (15).jpg,disgust
C:\Users\mainh\OneDrive\Attachments\Máy tính\facial-emotion-viz\data\raw\happiness\reg_img222.jpg,happiness
C:\Users\mainh\OneDrive\Attachments\Máy tính\facial-emotion-viz\data\raw\repression\reg_img210 (2).jpg,repression
C:\Users\mainh\OneDrive\Attachments\Máy tính\facial-emotion-viz\data\raw\disgust\reg_img78 (6).jpg,disgust
C:\Users\mainh\OneDrive\Attachments\Máy tính\facial-emotion-viz\data\raw\happiness\reg_img172 (3).jpg,happiness
C:\Users\mainh\OneDrive\Attachments\Máy tính\facial-emotion-viz\data\raw\happiness\reg_img27 (7).jpg,happiness
C:\Users\mainh\OneDrive\Attachments\Máy tính\facial-emotion-viz\data\raw\disgust\reg_img95 (29).jpg,disgust
C:\Users\mainh\OneDrive\Attachments\Máy tính\facial-emotion-viz\data\raw\happiness\reg_img106 (11).jpg,happiness
C:\Users\mainh\OneDrive\Attachments\Máy tính\facial-emotion-viz\data\raw\fear\reg_img12.jpg,fear
C:\Users\mainh\OneDrive\Attachments\Máy tính\facial-emotion-viz\data\raw\repression\reg_img148 (4).jpg,repression
C:\Users\mainh\OneDrive\Attachments\Máy tính\facial-emotion-viz\data\raw\disgust\reg_img78 (20).jpg,disgust
C:\Users\mainh\OneDrive\Attachments\Máy tính\facial-emotion-viz\data\raw\disgust\reg_img90 (38).jpg,disgust
C:\Users\mainh\OneDrive\Attachments\Máy tính\facial-emotion-viz\data\raw\surprise\reg_img88 (6).jpg,surprise
C:\Users\mainh\OneDrive\Attachments\Máy tính\facial-emotion-viz\data\raw\happiness\reg_img112 (9).jpg,happiness
C:\Users\mainh\OneDrive\Attachments\Máy tính\facial-emotion-viz\data\raw\disgust\reg_img112 (21).jpg,disgust
C:\Users\mainh\OneDrive\Attachments\Máy tính\facial-emotion-viz\data\raw\happiness\reg_img80 (7).jpg,happiness
C:\Users\mainh\OneDrive\Attachments\Máy tính\facial-emotion-viz\data\raw\disgust\reg_img106 (24).jpg,disgust
C:\Users\mainh\OneDrive\Attachments\Máy tính\facial-emotion-viz\data\raw\fear\reg_img110.jpg,fear
C:\Users\mainh\OneDrive\Attachments\Máy tính\facial-emotion-viz\data\raw\disgust\reg_img111 (17).jpg,disgust
C:\Users\mainh\OneDrive\Attachments\Máy tính\facial-emotion-viz\data\raw\happiness\reg_img47 (8).jpg,happiness
C:\Users\mainh\OneDrive\Attachments\Máy tính\facial-emotion-viz\data\raw\disgust\reg_img98 (17).jpg,disgust
C:\Users\mainh\OneDrive\Attachments\Máy tính\facial-emotion-viz\data\raw\disgust\reg_img90 (18).jpg,disgust
C:\Users\mainh\OneDrive\Attachments\Máy tính\facial-emotion-viz\data\raw\disgust\reg_img119 (10).jpg,disgust
C:\Users\mainh\OneDrive\Attachments\Máy tính\facial-emotion-viz\data\raw\disgust\reg_img440.jpg,disgust
C:\Users\mainh\OneDrive\Attachments\Máy tính\facial-emotion-viz\data\raw\repression\reg_img176 (5).jpg,repression
C:\Users\mainh\OneDrive\Attachments\Máy tính\facial-emotion-viz\data\raw\disgust\reg_img46 (17).jpg,disgust
C:\Users\mainh\OneDrive\Attachments\Máy tính\facial-emotion-viz\data\raw\surprise\reg_img92 (6).jpg,surprise
C:\Users\mainh\OneDrive\Attachments\Máy tính\facial-emotion-viz\data\raw\surprise\reg_img125 (2).jpg,surprise
C:\Users\mainh\OneDrive\Attachments\Máy tính\facial-emotion-viz\data\raw\repression\reg_img140 (2).jpg,repression
C:\Users\mainh\OneDrive\Attachments\Máy tính\facial-emotion-viz\data\raw\disgust\reg_img71 (15).jpg,disgust
C:\Users\mainh\OneDrive\Attachments\Máy tính\facial-emotion-viz\data\raw\happiness\reg_img54 (5).jpg,happiness
C:\Users\mainh\OneDrive\Attachments\Máy tính\facial-emotion-viz\data\raw\surprise\reg_img103 (10).jpg,surprise
C:\Users\mainh\OneDrive\Attachments\Máy tính\facial-emotion-viz\data\raw\happiness\reg_img56 (14).jpg,happiness
C:\Users\mainh\OneDrive\Attachments\Máy tính\facial-emotion-viz\data\raw\happiness\reg_img45 (14).jpg,happiness
C:\Users\mainh\OneDrive\Attachments\Máy tính\facial-emotion-viz\data\raw\repression\reg_img144 (10).jpg,repression
C:\Users\mainh\OneDrive\Attachments\Máy tính\facial-emotion-viz\data\raw\repression\reg_img103 (4).jpg,repression
C:\Users\mainh\OneDrive\Attachments\Máy tính\facial-emotion-viz\data\raw\repression\reg_img27 (5).jpg,repression
C:\Users\mainh\OneDrive\Attachments\Máy tính\facial-emotion-viz\data\raw\disgust\reg_img396.jpg,disgust
C:\Users\mainh\OneDrive\Attachments\Máy tính\facial-emotion-viz\data\raw\surprise\reg_img146.jpg,surprise
C:\Users\mainh\OneDrive\Attachments\Máy tính\facial-emotion-viz\data\raw\disgust\reg_img132 (3).jpg,disgust
C:\Users\mainh\OneDrive\Attachments\Máy tính\facial-emotion-viz\data\raw\disgust\reg_img129 (16).jpg,disgust
C:\Users\mainh\OneDrive\Attachments\Máy tính\facial-emotion-viz\data\raw\happiness\reg_img45 (9).jpg,happiness
C:\Users\mainh\OneDrive\Attachments\Máy tính\facial-emotion-viz\data\raw\disgust\reg_img8 (2).jpg,disgust
C:\Users\mainh\OneDrive\Attachments\Máy tính\facial-emotion-viz\data\raw\surprise\reg_img79 (11).jpg,surprise
C:\Users\mainh\OneDrive\Attachments\Máy tính\facial-emotion-viz\data\raw\happiness\reg_img88 (13).jpg,happiness
C:\Users\mainh\OneDrive\Attachments\Máy tính\facial-emotion-viz\data\raw\happiness\reg_img14.jpg,happiness
C:\Users\mainh\OneDrive\Attachments\Máy tính\facial-emotion-viz\data\raw\happiness\reg_img83 (19).jpg,happiness
C:\Users\mainh\OneDrive\Attachments\Máy tính\facial-emotion-viz\data\raw\repression\reg_img68 (6).jpg,repression
C:\Users\mainh\OneDrive\Attachments\Máy tính\facial-emotion-viz\data\raw\disgust\reg_img64 (4).jpg,disgust
C:\Users\mainh\OneDrive\Attachments\Máy tính\facial-emotion-viz\data\raw\disgust\reg_img63 (31).jpg,disgust
C:\Users\mainh\OneDrive\Attachments\Máy tính\facial-emotion-viz\data\raw\disgust\reg_img74 (26).jpg,disgust
C:\Users\mainh\OneDrive\Attachments\Máy tính\facial-emotion-viz\data\raw\repression\reg_img64 (11).jpg,repression
C:\Users\mainh\OneDrive\Attachments\Máy tính\facial-emotion-viz\data\raw\repression\reg_img60 (8).jpg,repression
C:\Users\mainh\OneDrive\Attachments\Máy tính\facial-emotion-viz\data\raw\disgust\reg_img40 (17).jpg,disgust
C:\Users\mainh\OneDrive\Attachments\Máy tính\facial-emotion-viz\data\raw\disgust\reg_img49 (14).jpg,disgust
C:\Users\mainh\OneDrive\Attachments\Máy tính\facial-emotion-viz\data\raw\disgust\reg_img94 (23).jpg,disgust
C:\Users\mainh\OneDrive\Attachments\Máy tính\facial-emotion-viz\data\raw\disgust\reg_img179 (3).jpg,disgust
C:\Users\mainh\OneDrive\Attachments\Máy tính\facial-emotion-viz\data\raw\happiness\reg_img185.jpg,happiness
C:\Users\mainh\OneDrive\Attachments\Máy tính\facial-emotion-viz\data\raw\happiness\reg_img112 (11).jpg,happiness
C:\Users\mainh\OneDrive\Attachments\Máy tính\facial-emotion-viz\data\raw\disgust\reg_img44 (11).jpg,disgust
C:\Users\mainh\OneDrive\Attachments\Máy tính\facial-emotion-viz\data\raw\repression\reg_img101 (2).jpg,repression
C:\Users\mainh\OneDrive\Attachments\Máy tính\facial-emotion-viz\data\raw\happiness\reg_img90 (3).jpg,happiness
C:\Users\mainh\OneDrive\Attachments\Máy tính\facial-emotion-viz\data\raw\disgust\reg_img102 (7).jpg,disgust
C:\Users\mainh\OneDrive\Attachments\Máy tính\facial-emotion-viz\data\raw\surprise\reg_img161 (3).jpg,surprise
C:\Users\mainh\OneDrive\Attachments\Máy tính\facial-emotion-viz\data\raw\repression\reg_img100 (12).jpg,repression
C:\Users\mainh\OneDrive\Attachments\Máy tính\facial-emotion-viz\data\raw\disgust\reg_img50 (11).jpg,disgust
C:\Users\mainh\OneDrive\Attachments\Máy tính\facial-emotion-viz\data\raw\happiness\reg_img101 (9).jpg,happiness
C:\Users\mainh\OneDrive\Attachments\Máy tính\facial-emotion-viz\data\raw\happiness\reg_img122 (4).jpg,happiness
C:\Users\mainh\OneDrive\Attachments\Máy tính\facial-emotion-viz\data\raw\repression\reg_img180 (2).jpg,repression
C:\Users\mainh\OneDrive\Attachments\Máy tính\facial-emotion-viz\data\raw\repression\reg_img211 (2).jpg,repression
C:\Users\mainh\OneDrive\Attachments\Máy tính\facial-emotion-viz\data\raw\surprise\reg_img54 (5).jpg,surprise
C:\Users\mainh\OneDrive\Attachments\Máy tính\facial-emotion-viz\data\raw\happiness\reg_img245 (2).jpg,happiness
C:\Users\mainh\OneDrive\Attachments\Máy tính\facial-emotion-viz\data\raw\surprise\reg_img38 (9).jpg,surprise
C:\Users\mainh\OneDrive\Attachments\Máy tính\facial-emotion-viz\data\raw\happiness\reg_img64 (4).jpg,happiness
C:\Users\mainh\OneDrive\Attachments\Máy tính\facial-emotion-viz\data\raw\disgust\reg_img111 (21).jpg,disgust
C:\Users\mainh\OneDrive\Attachments\Máy tính\facial-emotion-viz\data\raw\disgust\reg_img93 (21).jpg,disgust
C:\Users\mainh\OneDrive\Attachments\Máy tính\facial-emotion-viz\data\raw\surprise\reg_img180.jpg,surprise
C:\Users\mainh\OneDrive\Attachments\Máy tính\facial-emotion-viz\data\raw\repression\reg_img108 (12).jpg,repression
C:\Users\mainh\OneDrive\Attachments\Máy tính\facial-emotion-viz\data\raw\disgust\reg_img109 (24).jpg,disgust
C:\Users\mainh\OneDrive\Attachments\Máy tính\facial-emotion-viz\data\raw\repression\reg_img66 (13).jpg,repression
C:\Users\mainh\OneDrive\Attachments\Máy tính\facial-emotion-viz\data\raw\disgust\reg_img89 (3).jpg,disgust
C:\Users\mainh\OneDrive\Attachments\Máy tính\facial-emotion-viz\data\raw\surprise\reg_img85 (6).jpg,surprise
C:\Users\mainh\OneDrive\Attachments\Máy tính\facial-emotion-viz\data\raw\disgust\reg_img85 (7).jpg,disgust
C:\Users\mainh\OneDrive\Attachments\Máy tính\facial-emotion-viz\data\raw\repression\reg_img129 (4).jpg,repression
C:\Users\mainh\OneDrive\Attachments\Máy tính\facial-emotion-viz\data\raw\disgust\reg_img119 (18).jpg,disgust
C:\Users\mainh\OneDrive\Attachments\Máy tính\facial-emotion-viz\data\raw\disgust\reg_img123 (11).jpg,disgust
C:\Users\mainh\OneDrive\Attachments\Máy tính\facial-emotion-viz\data\raw\disgust\reg_img78 (19).jpg,disgust
C:\Users\mainh\OneDrive\Attachments\Máy tính\facial-emotion-viz\data\raw\happiness\reg_img89 (8).jpg,happiness
C:\Users\mainh\OneDrive\Attachments\Máy tính\facial-emotion-viz\data\raw\disgust\reg_img48 (7).jpg,disgust
C:\Users\mainh\OneDrive\Attachments\Máy tính\facial-emotion-viz\data\raw\repression\reg_img75 (14).jpg,repression
C:\Users\mainh\OneDrive\Attachments\Máy tính\facial-emotion-viz\data\raw\disgust\reg_img79 (36).jpg,disgust
C:\Users\mainh\OneDrive\Attachments\Máy tính\facial-emotion-viz\data\raw\disgust\reg_img28 (11).jpg,disgust
C:\Users\mainh\OneDrive\Attachments\Máy tính\facial-emotion-viz\data\raw\disgust\reg_img73 (19).jpg,disgust
C:\Users\mainh\OneDrive\Attachments\Máy tính\facial-emotion-viz\data\raw\disgust\reg_img34 (9).jpg,disgust
C:\Users\mainh\OneDrive\Attachments\Máy tính\facial-emotion-viz\data\raw\repression\reg_img187 (3).jpg,repression
C:\Users\mainh\OneDrive\Attachments\Máy tính\facial-emotion-viz\data\raw\disgust\reg_img405 (2).jpg,disgust
C:\Users\mainh\OneDrive\Attachments\Máy tính\facial-emotion-viz\data\raw\disgust\reg_img101 (5).jpg,disgust
C:\Users\mainh\OneDrive\Attachments\Máy tính\facial-emotion-viz\data\raw\disgust\reg_img36 (3).jpg,disgust
C:\Users\mainh\OneDrive\Attachments\Máy tính\facial-emotion-viz\data\raw\happiness\reg_img110 (6).jpg,happiness
C:\Users\mainh\OneDrive\Attachments\Máy tính\facial-emotion-viz\data\raw\surprise\reg_img69 (13).jpg,surprise
C:\Users\mainh\OneDrive\Attachments\Máy tính\facial-emotion-viz\data\raw\repression\reg_img166 (2).jpg,repression
C:\Users\mainh\OneDrive\Attachments\Máy tính\facial-emotion-viz\data\raw\disgust\reg_img137 (11).jpg,disgust
C:\Users\mainh\OneDrive\Attachments\Máy tính\facial-emotion-viz\data\raw\surprise\reg_img98 (9).jpg,surprise
C:\Users\mainh\OneDrive\Attachments\Máy tính\facial-emotion-viz\data\raw\repression\reg_img166 (4).jpg,repression
C:\Users\mainh\OneDrive\Attachments\Máy tính\facial-emotion-viz\data\raw\disgust\reg_img145 (5).jpg,disgust
C:\Users\mainh\OneDrive\Attachments\Máy tính\facial-emotion-viz\data\raw\repression\reg_img47 (5).jpg,repression
C:\Users\mainh\OneDrive\Attachments\Máy tính\facial-emotion-viz\data\raw\happiness\reg_img94 (9).jpg,happiness
C:\Users\mainh\OneDrive\Attachments\Máy tính\facial-emotion-viz\data\raw\surprise\reg_img38 (4).jpg,surprise
C:\Users\mainh\OneDrive\Attachments\Máy tính\facial-emotion-viz\data\raw\disgust\reg_img78 (2).jpg,disgust
C:\Users\mainh\OneDrive\Attachments\Máy tính\facial-emotion-viz\data\raw\happiness\reg_img196 (3).jpg,happiness
C:\Users\mainh\OneDrive\Attachments\Máy tính\facial-emotion-viz\data\raw\disgust\reg_img378.jpg,disgust
C:\Users\mainh\OneDrive\Attachments\Máy tính\facial-emotion-viz\data\raw\repression\reg_img36 (7).jpg,repression
C:\Users\mainh\OneDrive\Attachments\Máy tính\facial-emotion-viz\data\raw\sadness\reg_img93.jpg,sadness
C:\Users\mainh\OneDrive\Attachments\Máy tính\facial-emotion-viz\data\raw\surprise\reg_img82 (12).jpg,surprise
C:\Users\mainh\OneDrive\Attachments\Máy tính\facial-emotion-viz\data\raw\disgust\reg_img122 (21).jpg,disgust
C:\Users\mainh\OneDrive\Attachments\Máy tính\facial-emotion-viz\data\raw\disgust\reg_img28 (5).jpg,disgust
C:\Users\mainh\OneDrive\Attachments\Máy tính\facial-emotion-viz\data\raw\disgust\reg_img180 (2).jpg,disgust
C:\Users\mainh\OneDrive\Attachments\Máy tính\facial-emotion-viz\data\raw\repression\reg_img122 (2).jpg,repression
C:\Users\mainh\OneDrive\Attachments\Máy tính\facial-emotion-viz\data\raw\surprise\reg_img156.jpg,surprise
C:\Users\mainh\OneDrive\Attachments\Máy tính\facial-emotion-viz\data\raw\disgust\reg_img182 (3).jpg,disgust
C:\Users\mainh\OneDrive\Attachments\Máy tính\facial-emotion-viz\data\raw\repression\reg_img183 (2).jpg,repression
C:\Users\mainh\OneDrive\Attachments\Máy tính\facial-emotion-viz\data\raw\surprise\reg_img55 (2).jpg,surprise
C:\Users\mainh\OneDrive\Attachments\Máy tính\facial-emotion-viz\data\raw\happiness\reg_img67 (4).jpg,happiness
C:\Users\mainh\OneDrive\Attachments\Máy tính\facial-emotion-viz\data\raw\happiness\reg_img166 (3).jpg,happiness
C:\Users\mainh\OneDrive\Attachments\Máy tính\facial-emotion-viz\data\raw\repression\reg_img49.jpg,repression
C:\Users\mainh\OneDrive\Attachments\Máy tính\facial-emotion-viz\data\raw\disgust\reg_img25 (3).jpg,disgust
C:\Users\mainh\OneDrive\Attachments\Máy tính\facial-emotion-viz\data\raw\happiness\reg_img99 (11).jpg,happiness
C:\Users\mainh\OneDrive\Attachments\Máy tính\facial-emotion-viz\data\raw\happiness\reg_img56 (19).jpg,happiness
C:\Users\mainh\OneDrive\Attachments\Máy tính\facial-emotion-viz\data\raw\surprise\reg_img38 (8).jpg,surprise
C:\Users\mainh\OneDrive\Attachments\Máy tính\facial-emotion-viz\data\raw\disgust\reg_img97 (31).jpg,disgust
C:\Users\mainh\OneDrive\Attachments\Máy tính\facial-emotion-viz\data\raw\happiness\reg_img37.jpg,happiness
C:\Users\mainh\OneDrive\Attachments\Máy tính\facial-emotion-viz\data\raw\repression\reg_img46 (7).jpg,repression
C:\Users\mainh\OneDrive\Attachments\Máy tính\facial-emotion-viz\data\raw\happiness\reg_img54 (13).jpg,happiness
C:\Users\mainh\OneDrive\Attachments\Máy tính\facial-emotion-viz\data\raw\happiness\reg_img93.jpg,happiness
C:\Users\mainh\OneDrive\Attachments\Máy tính\facial-emotion-viz\data\raw\disgust\reg_img34 (4).jpg,disgust
C:\Users\mainh\OneDrive\Attachments\Máy tính\facial-emotion-viz\data\raw\disgust\reg_img86 (23).jpg,disgust
C:\Users\mainh\OneDrive\Attachments\Máy tính\facial-emotion-viz\data\raw\disgust\reg_img121 (4).jpg,disgust
C:\Users\mainh\OneDrive\Attachments\Máy tính\facial-emotion-viz\data\raw\disgust\reg_img73 (4).jpg,disgust
C:\Users\mainh\OneDrive\Attachments\Máy tính\facial-emotion-viz\data\raw\surprise\reg_img69 (8).jpg,surprise
C:\Users\mainh\OneDrive\Attachments\Máy tính\facial-emotion-viz\data\raw\surprise\reg_img19 (2).jpg,surprise
C:\Users\mainh\OneDrive\Attachments\Máy tính\facial-emotion-viz\data\raw\surprise\reg_img69 (2).jpg,surprise
C:\Users\mainh\OneDrive\Attachments\Máy tính\facial-emotion-viz\data\raw\happiness\reg_img93 (19).jpg,happiness
C:\Users\mainh\OneDrive\Attachments\Máy tính\facial-emotion-viz\data\raw\repression\reg_img53 (2).jpg,repression
C:\Users\mainh\OneDrive\Attachments\Máy tính\facial-emotion-viz\data\raw\disgust\reg_img213.jpg,disgust
C:\Users\mainh\OneDrive\Attachments\Máy tính\facial-emotion-viz\data\raw\disgust\reg_img49.jpg,disgust
C:\Users\mainh\OneDrive\Attachments\Máy tính\facial-emotion-viz\data\raw\disgust\reg_img92 (30).jpg,disgust
C:\Users\mainh\OneDrive\Attachments\Máy tính\facial-emotion-viz\data\raw\disgust\reg_img145 (4).jpg,disgust
C:\Users\mainh\OneDrive\Attachments\Máy tính\facial-emotion-viz\data\raw\disgust\reg_img121 (12).jpg,disgust
C:\Users\mainh\OneDrive\Attachments\Máy tính\facial-emotion-viz\data\raw\happiness\reg_img103 (6).jpg,happiness
C:\Users\mainh\OneDrive\Attachments\Máy tính\facial-emotion-viz\data\raw\disgust\reg_img119 (22).jpg,disgust
C:\Users\mainh\OneDrive\Attachments\Máy tính\facial-emotion-viz\data\raw\repression\reg_img81 (3).jpg,repression
C:\Users\mainh\OneDrive\Attachments\Máy tính\facial-emotion-viz\data\raw\disgust\reg_img142 (5).jpg,disgust
C:\Users\mainh\OneDrive\Attachments\Máy tính\facial-emotion-viz\data\raw\happiness\reg_img131 (4).jpg,happiness
C:\Users\mainh\OneDrive\Attachments\Máy tính\facial-emotion-viz\data\raw\repression\reg_img81 (11).jpg,repression
C:\Users\mainh\OneDrive\Attachments\Máy tính\facial-emotion-viz\data\raw\surprise\reg_img101 (12).jpg,surprise
C:\Users\mainh\OneDrive\Attachments\Máy tính\facial-emotion-viz\data\raw\happiness\reg_img95 (11).jpg,happiness
C:\Users\mainh\OneDrive\Attachments\Máy tính\facial-emotion-viz\data\raw\disgust\reg_img94 (15).jpg,disgust
C:\Users\mainh\OneDrive\Attachments\Máy tính\facial-emotion-viz\data\raw\disgust\reg_img83 (27).jpg,disgust
C:\Users\mainh\OneDrive\Attachments\Máy tính\facial-emotion-viz\data\raw\disgust\reg_img62 (23).jpg,disgust
C:\Users\mainh\OneDrive\Attachments\Máy tính\facial-emotion-viz\data\raw\surprise\reg_img102 (9).jpg,surprise
C:\Users\mainh\OneDrive\Attachments\Máy tính\facial-emotion-viz\data\raw\disgust\reg_img95 (32).jpg,disgust
C:\Users\mainh\OneDrive\Attachments\Máy tính\facial-emotion-viz\data\raw\repression\reg_img30 (6).jpg,repression
C:\Users\mainh\OneDrive\Attachments\Máy tính\facial-emotion-viz\data\raw\disgust\reg_img89 (24).jpg,disgust
C:\Users\mainh\OneDrive\Attachments\Máy tính\facial-emotion-viz\data\raw\surprise\reg_img33 (4).jpg,surprise
C:\Users\mainh\OneDrive\Attachments\Máy tính\facial-emotion-viz\data\raw\surprise\reg_img48 (4).jpg,surprise
C:\Users\mainh\OneDrive\Attachments\Máy tính\facial-emotion-viz\data\raw\disgust\reg_img107 (2).jpg,disgust
C:\Users\mainh\OneDrive\Attachments\Máy tính\facial-emotion-viz\data\raw\disgust\reg_img106 (32).jpg,disgust
C:\Users\mainh\OneDrive\Attachments\Máy tính\facial-emotion-viz\data\raw\repression\reg_img56 (10).jpg,repression
C:\Users\mainh\OneDrive\Attachments\Máy tính\facial-emotion-viz\data\raw\happiness\reg_img73 (2).jpg,happiness
C:\Users\mainh\OneDrive\Attachments\Máy tính\facial-emotion-viz\data\raw\disgust\reg_img26 (14).jpg,disgust
C:\Users\mainh\OneDrive\Attachments\Máy tính\facial-emotion-viz\data\raw\disgust\reg_img88 (21).jpg,disgust
C:\Users\mainh\OneDrive\Attachments\Máy tính\facial-emotion-viz\data\raw\disgust\reg_img89 (23).jpg,disgust
C:\Users\mainh\OneDrive\Attachments\Máy tính\facial-emotion-viz\data\raw\disgust\reg_img97 (34).jpg,disgust
C:\Users\mainh\OneDrive\Attachments\Máy tính\facial-emotion-viz\data\raw\happiness\reg_img32.jpg,happiness
C:\Users\mainh\OneDrive\Attachments\Máy tính\facial-emotion-viz\data\raw\disgust\reg_img88 (11).jpg,disgust
C:\Users\mainh\OneDrive\Attachments\Máy tính\facial-emotion-viz\data\raw\disgust\reg_img82 (7).jpg,disgust
C:\Users\mainh\OneDrive\Attachments\Máy tính\facial-emotion-viz\data\raw\repression\reg_img99.jpg,repression
C:\Users\mainh\OneDrive\Attachments\Máy tính\facial-emotion-viz\data\raw\happiness\reg_img74 (17).jpg,happiness
C:\Users\mainh\OneDrive\Attachments\Máy tính\facial-emotion-viz\data\raw\disgust\reg_img93 (36).jpg,disgust
C:\Users\mainh\OneDrive\Attachments\Máy tính\facial-emotion-viz\data\raw\disgust\reg_img196.jpg,disgust
C:\Users\mainh\OneDrive\Attachments\Máy tính\facial-emotion-viz\data\raw\repression\reg_img55 (8).jpg,repression
C:\Users\mainh\OneDrive\Attachments\Máy tính\facial-emotion-viz\data\raw\happiness\reg_img52.jpg,happiness
C:\Users\mainh\OneDrive\Attachments\Máy tính\facial-emotion-viz\data\raw\disgust\reg_img66 (5).jpg,disgust
C:\Users\mainh\OneDrive\Attachments\Máy tính\facial-emotion-viz\data\raw\disgust\reg_img120 (20).jpg,disgust
C:\Users\mainh\OneDrive\Attachments\Máy tính\facial-emotion-viz\data\raw\happiness\reg_img57 (7).jpg,happiness
C:\Users\mainh\OneDrive\Attachments\Máy tính\facial-emotion-viz\data\raw\disgust\reg_img121 (20).jpg,disgust
C:\Users\mainh\OneDrive\Attachments\Máy tính\facial-emotion-viz\data\raw\fear\reg_img75.jpg,fear
C:\Users\mainh\OneDrive\Attachments\Máy tính\facial-emotion-viz\data\raw\happiness\reg_img87 (14).jpg,happiness
C:\Users\mainh\OneDrive\Attachments\Máy tính\facial-emotion-viz\data\raw\disgust\reg_img87 (29).jpg,disgust
C:\Users\mainh\OneDrive\Attachments\Máy tính\facial-emotion-viz\data\raw\happiness\reg_img104 (17).jpg,happiness
C:\Users\mainh\OneDrive\Attachments\Máy tính\facial-emotion-viz\data\raw\disgust\reg_img38 (9).jpg,disgust
C:\Users\mainh\OneDrive\Attachments\Máy tính\facial-emotion-viz\data\raw\disgust\reg_img185 (2).jpg,disgust
C:\Users\mainh\OneDrive\Attachments\Máy tính\facial-emotion-viz\data\raw\repression\reg_img192 (4).jpg,repression
C:\Users\mainh\OneDrive\Attachments\Máy tính\facial-emotion-viz\data\raw\disgust\reg_img103 (26).jpg,disgust
C:\Users\mainh\OneDrive\Attachments\Máy tính\facial-emotion-viz\data\raw\surprise\reg_img69 (11).jpg,surprise
C:\Users\mainh\OneDrive\Attachments\Máy tính\facial-emotion-viz\data\raw\repression\reg_img186.jpg,repression
C:\Users\mainh\OneDrive\Attachments\Máy tính\facial-emotion-viz\data\raw\sadness\reg_img8.jpg,sadness
C:\Users\mainh\OneDrive\Attachments\Máy tính\facial-emotion-viz\data\raw\disgust\reg_img153 (5).jpg,disgust
C:\Users\mainh\OneDrive\Attachments\Máy tính\facial-emotion-viz\data\raw\disgust\reg_img20 (4).jpg,disgust
C:\Users\mainh\OneDrive\Attachments\Máy tính\facial-emotion-viz\data\raw\surprise\reg_img121 (8).jpg,surprise
C:\Users\mainh\OneDrive\Attachments\Máy tính\facial-emotion-viz\data\raw\repression\reg_img96.jpg,repression
C:\Users\mainh\OneDrive\Attachments\Máy tính\facial-emotion-viz\data\raw\disgust\reg_img36 (26).jpg,disgust
C:\Users\mainh\OneDrive\Attachments\Máy tính\facial-emotion-viz\data\raw\disgust\reg_img135 (14).jpg,disgust
C:\Users\mainh\OneDrive\Attachments\Máy tính\facial-emotion-viz\data\raw\repression\reg_img96 (10).jpg,repression
C:\Users\mainh\OneDrive\Attachments\Máy tính\facial-emotion-viz\data\raw\repression\reg_img100 (11).jpg,repression
C:\Users\mainh\OneDrive\Attachments\Máy tính\facial-emotion-viz\data\raw\disgust\reg_img160 (6).jpg,disgust
C:\Users\mainh\OneDrive\Attachments\Máy tính\facial-emotion-viz\data\raw\repression\reg_img174 (2).jpg,repression
C:\Users\mainh\OneDrive\Attachments\Máy tính\facial-emotion-viz\data\raw\disgust\reg_img92 (22).jpg,disgust
C:\Users\mainh\OneDrive\Attachments\Máy tính\facial-emotion-viz\data\raw\repression\reg_img153 (8).jpg,repression
C:\Users\mainh\OneDrive\Attachments\Máy tính\facial-emotion-viz\data\raw\happiness\reg_img66.jpg,happiness
C:\Users\mainh\OneDrive\Attachments\Máy tính\facial-emotion-viz\data\raw\sadness\reg_img56.jpg,sadness
C:\Users\mainh\OneDrive\Attachments\Máy tính\facial-emotion-viz\data\raw\disgust\reg_img81 (3).jpg,disgust
C:\Users\mainh\OneDrive\Attachments\Máy tính\facial-emotion-viz\data\raw\repression\reg_img67 (12).jpg,repression
C:\Users\mainh\OneDrive\Attachments\Máy tính\facial-emotion-viz\data\raw\disgust\reg_img50 (5).jpg,disgust
C:\Users\mainh\OneDrive\Attachments\Máy tính\facial-emotion-viz\data\raw\disgust\reg_img136 (15).jpg,disgust
C:\Users\mainh\OneDrive\Attachments\Máy tính\facial-emotion-viz\data\raw\disgust\reg_img28 (10).jpg,disgust
C:\Users\mainh\OneDrive\Attachments\Máy tính\facial-emotion-viz\data\raw\happiness\reg_img55 (3).jpg,happiness
C:\Users\mainh\OneDrive\Attachments\Máy tính\facial-emotion-viz\data\raw\happiness\reg_img137.jpg,happiness
C:\Users\mainh\OneDrive\Attachments\Máy tính\facial-emotion-viz\data\raw\disgust\reg_img28 (4).jpg,disgust
C:\Users\mainh\OneDrive\Attachments\Máy tính\facial-emotion-viz\data\raw\happiness\reg_img123 (3).jpg,happiness
C:\Users\mainh\OneDrive\Attachments\Máy tính\facial-emotion-viz\data\raw\disgust\reg_img161 (3).jpg,disgust
C:\Users\mainh\OneDrive\Attachments\Máy tính\facial-emotion-viz\data\raw\happiness\reg_img230 (2).jpg,happiness
C:\Users\mainh\OneDrive\Attachments\Máy tính\facial-emotion-viz\data\raw\repression\reg_img69 (13).jpg,repression
C:\Users\mainh\OneDrive\Attachments\Máy tính\facial-emotion-viz\data\raw\repression\reg_img59 (9).jpg,repression
C:\Users\mainh\OneDrive\Attachments\Máy tính\facial-emotion-viz\data\raw\surprise\reg_img80 (6).jpg,surprise
C:\Users\mainh\OneDrive\Attachments\Máy tính\facial-emotion-viz\data\raw\repression\reg_img44 (3).jpg,repression
C:\Users\mainh\OneDrive\Attachments\Máy tính\facial-emotion-viz\data\raw\happiness\reg_img34 (9).jpg,happiness
C:\Users\mainh\OneDrive\Attachments\Máy tính\facial-emotion-viz\data\raw\surprise\reg_img86 (14).jpg,surprise
C:\Users\mainh\OneDrive\Attachments\Máy tính\facial-emotion-viz\data\raw\repression\reg_img172 (6).jpg,repression
C:\Users\mainh\OneDrive\Attachments\Máy tính\facial-emotion-viz\data\raw\happiness\reg_img116 (4).jpg,happiness
C:\Users\mainh\OneDrive\Attachments\Máy tính\facial-emotion-viz\data\raw\surprise\reg_img93 (7).jpg,surprise
C:\Users\mainh\OneDrive\Attachments\Máy tính\facial-emotion-viz\data\raw\happiness\reg_img110 (14).jpg,happiness
C:\Users\mainh\OneDrive\Attachments\Máy tính\facial-emotion-viz\data\raw\repression\reg_img72 (9).jpg,repression
C:\Users\mainh\OneDrive\Attachments\Máy tính\facial-emotion-viz\data\raw\surprise\reg_img62 (8).jpg,surprise
C:\Users\mainh\OneDrive\Attachments\Máy tính\facial-emotion-viz\data\raw\happiness\reg_img69 (6).jpg,happiness
C:\Users\mainh\OneDrive\Attachments\Máy tính\facial-emotion-viz\data\raw\disgust\reg_img43 (12).jpg,disgust
C:\Users\mainh\OneDrive\Attachments\Máy tính\facial-emotion-viz\data\raw\disgust\reg_img125 (18).jpg,disgust
C:\Users\mainh\OneDrive\Attachments\Máy tính\facial-emotion-viz\data\raw\surprise\reg_img154 (4).jpg,surprise
C:\Users\mainh\OneDrive\Attachments\Máy tính\facial-emotion-viz\data\raw\disgust\reg_img99 (22).jpg,disgust
C:\Users\mainh\OneDrive\Attachments\Máy tính\facial-emotion-viz\data\raw\happiness\reg_img218 (3).jpg,happiness
C:\Users\mainh\OneDrive\Attachments\Máy tính\facial-emotion-viz\data\raw\happiness\reg_img64 (14).jpg,happiness
C:\Users\mainh\OneDrive\Attachments\Máy tính\facial-emotion-viz\data\raw\happiness\reg_img47 (14).jpg,happiness
C:\Users\mainh\OneDrive\Attachments\Máy tính\facial-emotion-viz\data\raw\disgust\reg_img41 (14).jpg,disgust
C:\Users\mainh\OneDrive\Attachments\Máy tính\facial-emotion-viz\data\raw\surprise\reg_img103 (5).jpg,surprise
C:\Users\mainh\OneDrive\Attachments\Máy tính\facial-emotion-viz\data\raw\happiness\reg_img66 (15).jpg,happiness
C:\Users\mainh\OneDrive\Attachments\Máy tính\facial-emotion-viz\data\raw\surprise\reg_img105 (2).jpg,surprise
C:\Users\mainh\OneDrive\Attachments\Máy tính\facial-emotion-viz\data\raw\happiness\reg_img82 (7).jpg,happiness
C:\Users\mainh\OneDrive\Attachments\Máy tính\facial-emotion-viz\data\raw\repression\reg_img66 (14).jpg,repression
C:\Users\mainh\OneDrive\Attachments\Máy tính\facial-emotion-viz\data\raw\surprise\reg_img93 (14).jpg,surprise
C:\Users\mainh\OneDrive\Attachments\Máy tính\facial-emotion-viz\data\raw\surprise\reg_img168 (2).jpg,surprise
C:\Users\mainh\OneDrive\Attachments\Máy tính\facial-emotion-viz\data\raw\repression\reg_img170.jpg,repression
C:\Users\mainh\OneDrive\Attachments\Máy tính\facial-emotion-viz\data\raw\disgust\reg_img67 (14).jpg,disgust
C:\Users\mainh\OneDrive\Attachments\Máy tính\facial-emotion-viz\data\raw\disgust\reg_img159 (2).jpg,disgust
C:\Users\mainh\OneDrive\Attachments\Máy tính\facial-emotion-viz\data\raw\disgust\reg_img125 (22).jpg,disgust
C:\Users\mainh\OneDrive\Attachments\Máy tính\facial-emotion-viz\data\raw\repression\reg_img117.jpg,repression
C:\Users\mainh\OneDrive\Attachments\Máy tính\facial-emotion-viz\data\raw\disgust\reg_img81 (28).jpg,disgust
C:\Users\mainh\OneDrive\Attachments\Máy tính\facial-emotion-viz\data\raw\repression\reg_img111 (2).jpg,repression
C:\Users\mainh\OneDrive\Attachments\Máy tính\facial-emotion-viz\data\raw\surprise\reg_img91 (13).jpg,surprise
C:\Users\mainh\OneDrive\Attachments\Máy tính\facial-emotion-viz\data\raw\happiness\reg_img207 (2).jpg,happiness
C:\Users\mainh\OneDrive\Attachments\Máy tính\facial-emotion-viz\data\raw\fear\reg_img74 (2).jpg,fear
C:\Users\mainh\OneDrive\Attachments\Máy tính\facial-emotion-viz\data\raw\repression\reg_img54 (3).jpg,repression
C:\Users\mainh\OneDrive\Attachments\Máy tính\facial-emotion-viz\data\raw\repression\reg_img164 (2).jpg,repression
C:\Users\mainh\OneDrive\Attachments\Máy tính\facial-emotion-viz\data\raw\surprise\reg_img183 (2).jpg,surprise
C:\Users\mainh\OneDrive\Attachments\Máy tính\facial-emotion-viz\data\raw\happiness\reg_img30 (9).jpg,happiness
C:\Users\mainh\OneDrive\Attachments\Máy tính\facial-emotion-viz\data\raw\disgust\reg_img21 (14).jpg,disgust
C:\Users\mainh\OneDrive\Attachments\Máy tính\facial-emotion-viz\data\raw\happiness\reg_img139 (2).jpg,happiness
C:\Users\mainh\OneDrive\Attachments\Máy tính\facial-emotion-viz\data\raw\disgust\reg_img24 (13).jpg,disgust
C:\Users\mainh\OneDrive\Attachments\Máy tính\facial-emotion-viz\data\raw\disgust\reg_img88 (8).jpg,disgust
C:\Users\mainh\OneDrive\Attachments\Máy tính\facial-emotion-viz\data\raw\surprise\reg_img35 (2).jpg,surprise
C:\Users\mainh\OneDrive\Attachments\Máy tính\facial-emotion-viz\data\raw\surprise\reg_img85 (11).jpg,surprise
C:\Users\mainh\OneDrive\Attachments\Máy tính\facial-emotion-viz\data\raw\disgust\reg_img105 (17).jpg,disgust
C:\Users\mainh\OneDrive\Attachments\Máy tính\facial-emotion-viz\data\raw\disgust\reg_img31 (4).jpg,disgust
C:\Users\mainh\OneDrive\Attachments\Máy tính\facial-emotion-viz\data\raw\happiness\reg_img102 (6).jpg,happiness
C:\Users\mainh\OneDrive\Attachments\Máy tính\facial-emotion-viz\data\raw\disgust\reg_img64 (16).jpg,disgust
C:\Users\mainh\OneDrive\Attachments\Máy tính\facial-emotion-viz\data\raw\repression\reg_img73 (7).jpg,repression
C:\Users\mainh\OneDrive\Attachments\Máy tính\facial-emotion-viz\data\raw\happiness\reg_img147 (4).jpg,happiness
C:\Users\mainh\OneDrive\Attachments\Máy tính\facial-emotion-viz\data\raw\repression\reg_img65 (13).jpg,repression
C:\Users\mainh\OneDrive\Attachments\Máy tính\facial-emotion-viz\data\raw\surprise\reg_img31 (5).jpg,surprise
C:\Users\mainh\OneDrive\Attachments\Máy tính\facial-emotion-viz\data\raw\disgust\reg_img54 (14).jpg,disgust
C:\Users\mainh\OneDrive\Attachments\Máy tính\facial-emotion-viz\data\raw\disgust\reg_img25 (11).jpg,disgust
C:\Users\mainh\OneDrive\Attachments\Máy tính\facial-emotion-viz\data\raw\happiness\reg_img37 (11).jpg,happiness
C:\Users\mainh\OneDrive\Attachments\Máy tính\facial-emotion-viz\data\raw\surprise\reg_img55 (6).jpg,surprise
C:\Users\mainh\OneDrive\Attachments\Máy tính\facial-emotion-viz\data\raw\disgust\reg_img158 (5).jpg,disgust
C:\Users\mainh\OneDrive\Attachments\Máy tính\facial-emotion-viz\data\raw\surprise\reg_img85 (5).jpg,surprise
C:\Users\mainh\OneDrive\Attachments\Máy tính\facial-emotion-viz\data\raw\surprise\reg_img149 (5).jpg,surprise
C:\Users\mainh\OneDrive\Attachments\Máy tính\facial-emotion-viz\data\raw\disgust\reg_img90 (33).jpg,disgust
C:\Users\mainh\OneDrive\Attachments\Máy tính\facial-emotion-viz\data\raw\repression\reg_img47 (12).jpg,repression
C:\Users\mainh\OneDrive\Attachments\Máy tính\facial-emotion-viz\data\raw\disgust\reg_img157 (7).jpg,disgust
C:\Users\mainh\OneDrive\Attachments\Máy tính\facial-emotion-viz\data\raw\repression\reg_img175 (8).jpg,repression
C:\Users\mainh\OneDrive\Attachments\Máy tính\facial-emotion-viz\data\raw\disgust\reg_img79 (4).jpg,disgust
C:\Users\mainh\OneDrive\Attachments\Máy tính\facial-emotion-viz\data\raw\happiness\reg_img32 (12).jpg,happiness
C:\Users\mainh\OneDrive\Attachments\Máy tính\facial-emotion-viz\data\raw\disgust\reg_img84 (9).jpg,disgust
C:\Users\mainh\OneDrive\Attachments\Máy tính\facial-emotion-viz\data\raw\disgust\reg_img126 (21).jpg,disgust
C:\Users\mainh\OneDrive\Attachments\Máy tính\facial-emotion-viz\data\raw\disgust\reg_img56 (9).jpg,disgust
C:\Users\mainh\OneDrive\Attachments\Máy tính\facial-emotion-viz\data\raw\disgust\reg_img107 (4).jpg,disgust
C:\Users\mainh\OneDrive\Attachments\Máy tính\facial-emotion-viz\data\raw\happiness\reg_img171.jpg,happiness
C:\Users\mainh\OneDrive\Attachments\Máy tính\facial-emotion-viz\data\raw\disgust\reg_img198 (3).jpg,disgust
C:\Users\mainh\OneDrive\Attachments\Máy tính\facial-emotion-viz\data\raw\happiness\reg_img66 (2).jpg,happiness
C:\Users\mainh\OneDrive\Attachments\Máy tính\facial-emotion-viz\data\raw\happiness\reg_img74 (19).jpg,happiness
C:\Users\mainh\OneDrive\Attachments\Máy tính\facial-emotion-viz\data\raw\disgust\reg_img66 (25).jpg,disgust
C:\Users\mainh\OneDrive\Attachments\Máy tính\facial-emotion-viz\data\raw\disgust\reg_img114.jpg,disgust
C:\Users\mainh\OneDrive\Attachments\Máy tính\facial-emotion-viz\data\raw\repression\reg_img143 (6).jpg,repression
C:\Users\mainh\OneDrive\Attachments\Máy tính\facial-emotion-viz\data\raw\repression\reg_img99 (8).jpg,repression
C:\Users\mainh\OneDrive\Attachments\Máy tính\facial-emotion-viz\data\raw\disgust\reg_img113 (15).jpg,disgust
C:\Users\mainh\OneDrive\Attachments\Máy tính\facial-emotion-viz\data\raw\repression\reg_img135 (12).jpg,repression
C:\Users\mainh\OneDrive\Attachments\Máy tính\facial-emotion-viz\data\raw\surprise\reg_img112 (8).jpg,surprise
C:\Users\mainh\OneDrive\Attachments\Máy tính\facial-emotion-viz\data\raw\surprise\reg_img81 (17).jpg,surprise
C:\Users\mainh\OneDrive\Attachments\Máy tính\facial-emotion-viz\data\raw\happiness\reg_img145 (2).jpg,happiness
C:\Users\mainh\OneDrive\Attachments\Máy tính\facial-emotion-viz\data\raw\disgust\reg_img133 (13).jpg,disgust
C:\Users\mainh\OneDrive\Attachments\Máy tính\facial-emotion-viz\data\raw\surprise\reg_img50 (10).jpg,surprise
C:\Users\mainh\OneDrive\Attachments\Máy tính\facial-emotion-viz\data\raw\sadness\reg_img349.jpg,sadness
C:\Users\mainh\OneDrive\Attachments\Máy tính\facial-emotion-viz\data\raw\repression\reg_img88 (9).jpg,repression
C:\Users\mainh\OneDrive\Attachments\Máy tính\facial-emotion-viz\data\raw\repression\reg_img55 (10).jpg,repression
C:\Users\mainh\OneDrive\Attachments\Máy tính\facial-emotion-viz\data\raw\disgust\reg_img93 (19).jpg,disgust
C:\Users\mainh\OneDrive\Attachments\Máy tính\facial-emotion-viz\data\raw\happiness\reg_img21 (7).jpg,happiness
C:\Users\mainh\OneDrive\Attachments\Máy tính\facial-emotion-viz\data\raw\repression\reg_img108 (14).jpg,repression
C:\Users\mainh\OneDrive\Attachments\Máy tính\facial-emotion-viz\data\raw\disgust\reg_img88 (34).jpg,disgust
C:\Users\mainh\OneDrive\Attachments\Máy tính\facial-emotion-viz\data\raw\disgust\reg_img88 (3).jpg,disgust
C:\Users\mainh\OneDrive\Attachments\Máy tính\facial-emotion-viz\data\raw\surprise\reg_img84 (7).jpg,surprise
C:\Users\mainh\OneDrive\Attachments\Máy tính\facial-emotion-viz\data\raw\surprise\reg_img110 (9).jpg,surprise
C:\Users\mainh\OneDrive\Attachments\Máy tính\facial-emotion-viz\data\raw\disgust\reg_img72 (22).jpg,disgust
C:\Users\mainh\OneDrive\Attachments\Máy tính\facial-emotion-viz\data\raw\repression\reg_img102 (12).jpg,repression
C:\Users\mainh\OneDrive\Attachments\Máy tính\facial-emotion-viz\data\raw\disgust\reg_img111 (14).jpg,disgust
C:\Users\mainh\OneDrive\Attachments\Máy tính\facial-emotion-viz\data\raw\surprise\reg_img7.jpg,surprise
C:\Users\mainh\OneDrive\Attachments\Máy tính\facial-emotion-viz\data\raw\happiness\reg_img148 (5).jpg,happiness
C:\Users\mainh\OneDrive\Attachments\Máy tính\facial-emotion-viz\data\raw\happiness\reg_img167 (3).jpg,happiness
C:\Users\mainh\OneDrive\Attachments\Máy tính\facial-emotion-viz\data\raw\fear\reg_img11.jpg,fear
C:\Users\mainh\OneDrive\Attachments\Máy tính\facial-emotion-viz\data\raw\disgust\reg_img59 (29).jpg,disgust
C:\Users\mainh\OneDrive\Attachments\Máy tính\facial-emotion-viz\data\raw\disgust\reg_img52 (28).jpg,disgust
C:\Users\mainh\OneDrive\Attachments\Máy tính\facial-emotion-viz\data\raw\disgust\reg_img45 (22).jpg,disgust
C:\Users\mainh\OneDrive\Attachments\Máy tính\facial-emotion-viz\data\raw\disgust\reg_img67 (32).jpg,disgust
C:\Users\mainh\OneDrive\Attachments\Máy tính\facial-emotion-viz\data\raw\disgust\reg_img62 (16).jpg,disgust
C:\Users\mainh\OneDrive\Attachments\Máy tính\facial-emotion-viz\data\raw\disgust\reg_img163 (4).jpg,disgust
C:\Users\mainh\OneDrive\Attachments\Máy tính\facial-emotion-viz\data\raw\disgust\reg_img101 (38).jpg,disgust
C:\Users\mainh\OneDrive\Attachments\Máy tính\facial-emotion-viz\data\raw\surprise\reg_img149 (7).jpg,surprise
C:\Users\mainh\OneDrive\Attachments\Máy tính\facial-emotion-viz\data\raw\disgust\reg_img82 (15).jpg,disgust
C:\Users\mainh\OneDrive\Attachments\Máy tính\facial-emotion-viz\data\raw\happiness\reg_img81 (18).jpg,happiness
C:\Users\mainh\OneDrive\Attachments\Máy tính\facial-emotion-viz\data\raw\disgust\reg_img104 (24).jpg,disgust
C:\Users\mainh\OneDrive\Attachments\Máy tính\facial-emotion-viz\data\raw\happiness\reg_img99 (4).jpg,happiness
C:\Users\mainh\OneDrive\Attachments\Máy tính\facial-emotion-viz\data\raw\happiness\reg_img129 (5).jpg,happiness
C:\Users\mainh\OneDrive\Attachments\Máy tính\facial-emotion-viz\data\raw\disgust\reg_img171 (4).jpg,disgust
C:\Users\mainh\OneDrive\Attachments\Máy tính\facial-emotion-viz\data\raw\happiness\reg_img95 (17).jpg,happiness
C:\Users\mainh\OneDrive\Attachments\Máy tính\facial-emotion-viz\data\raw\happiness\reg_img86 (3).jpg,happiness
C:\Users\mainh\OneDrive\Attachments\Máy tính\facial-emotion-viz\data\raw\disgust\reg_img33.jpg,disgust
C:\Users\mainh\OneDrive\Attachments\Máy tính\facial-emotion-viz\data\raw\disgust\reg_img160 (8).jpg,disgust
C:\Users\mainh\OneDrive\Attachments\Máy tính\facial-emotion-viz\data\raw\repression\reg_img150 (4).jpg,repression
C:\Users\mainh\OneDrive\Attachments\Máy tính\facial-emotion-viz\data\raw\disgust\reg_img122 (17).jpg,disgust
C:\Users\mainh\OneDrive\Attachments\Máy tính\facial-emotion-viz\data\raw\disgust\reg_img118 (13).jpg,disgust
C:\Users\mainh\OneDrive\Attachments\Máy tính\facial-emotion-viz\data\raw\happiness\reg_img79 (8).jpg,happiness
C:\Users\mainh\OneDrive\Attachments\Máy tính\facial-emotion-viz\data\raw\surprise\reg_img101 (14).jpg,surprise
C:\Users\mainh\OneDrive\Attachments\Máy tính\facial-emotion-viz\data\raw\disgust\reg_img104 (4).jpg,disgust
C:\Users\mainh\OneDrive\Attachments\Máy tính\facial-emotion-viz\data\raw\disgust\reg_img188 (2).jpg,disgust
C:\Users\mainh\OneDrive\Attachments\Máy tính\facial-emotion-viz\data\raw\happiness\reg_img51 (9).jpg,happiness
C:\Users\mainh\OneDrive\Attachments\Máy tính\facial-emotion-viz\data\raw\repression\reg_img85 (12).jpg,repression
C:\Users\mainh\OneDrive\Attachments\Máy tính\facial-emotion-viz\data\raw\surprise\reg_img81 (13).jpg,surprise
C:\Users\mainh\OneDrive\Attachments\Máy tính\facial-emotion-viz\data\raw\surprise\reg_img55 (7).jpg,surprise
C:\Users\mainh\OneDrive\Attachments\Máy tính\facial-emotion-viz\data\raw\happiness\reg_img67 (21).jpg,happiness
C:\Users\mainh\OneDrive\Attachments\Máy tính\facial-emotion-viz\data\raw\disgust\reg_img32 (19).jpg,disgust
C:\Users\mainh\OneDrive\Attachments\Máy tính\facial-emotion-viz\data\raw\surprise\reg_img84 (3).jpg,surprise
C:\Users\mainh\OneDrive\Attachments\Máy tính\facial-emotion-viz\data\raw\disgust\reg_img77 (14).jpg,disgust
C:\Users\mainh\OneDrive\Attachments\Máy tính\facial-emotion-viz\data\raw\surprise\reg_img149 (3).jpg,surprise
C:\Users\mainh\OneDrive\Attachments\Máy tính\facial-emotion-viz\data\raw\disgust\reg_img50 (22).jpg,disgust
C:\Users\mainh\OneDrive\Attachments\Máy tính\facial-emotion-viz\data\raw\happiness\reg_img141.jpg,happiness
C:\Users\mainh\OneDrive\Attachments\Máy tính\facial-emotion-viz\data\raw\surprise\reg_img45 (7).jpg,surprise
C:\Users\mainh\OneDrive\Attachments\Máy tính\facial-emotion-viz\data\raw\happiness\reg_img211.jpg,happiness
C:\Users\mainh\OneDrive\Attachments\Máy tính\facial-emotion-viz\data\raw\disgust\reg_img146 (3).jpg,disgust
C:\Users\mainh\OneDrive\Attachments\Máy tính\facial-emotion-viz\data\raw\happiness\reg_img177.jpg,happiness
C:\Users\mainh\OneDrive\Attachments\Máy tính\facial-emotion-viz\data\raw\happiness\reg_img120 (11).jpg,happiness
C:\Users\mainh\OneDrive\Attachments\Máy tính\facial-emotion-viz\data\raw\happiness\reg_img127 (6).jpg,happiness
C:\Users\mainh\OneDrive\Attachments\Máy tính\facial-emotion-viz\data\raw\repression\reg_img54 (15).jpg,repression
C:\Users\mainh\OneDrive\Attachments\Máy tính\facial-emotion-viz\data\raw\disgust\reg_img68 (31).jpg,disgust
C:\Users\mainh\OneDrive\Attachments\Máy tính\facial-emotion-viz\data\raw\happiness\reg_img111 (15).jpg,happiness
C:\Users\mainh\OneDrive\Attachments\Máy tính\facial-emotion-viz\data\raw\disgust\reg_img85 (31).jpg,disgust
C:\Users\mainh\OneDrive\Attachments\Máy tính\facial-emotion-viz\data\raw\disgust\reg_img97 (7).jpg,disgust
C:\Users\mainh\OneDrive\Attachments\Máy tính\facial-emotion-viz\data\raw\happiness\reg_img48.jpg,happiness
C:\Users\mainh\OneDrive\Attachments\Máy tính\facial-emotion-viz\data\raw\surprise\reg_img85.jpg,surprise
C:\Users\mainh\OneDrive\Attachments\Máy tính\facial-emotion-viz\data\raw\disgust\reg_img73 (12).jpg,disgust
C:\Users\mainh\OneDrive\Attachments\Máy tính\facial-emotion-viz\data\raw\disgust\reg_img90 (11).jpg,disgust
C:\Users\mainh\OneDrive\Attachments\Máy tính\facial-emotion-viz\data\raw\disgust\reg_img108 (22).jpg,disgust
C:\Users\mainh\OneDrive\Attachments\Máy tính\facial-emotion-viz\data\raw\disgust\reg_img82 (30).jpg,disgust
C:\Users\mainh\OneDrive\Attachments\Máy tính\facial-emotion-viz\data\raw\disgust\reg_img116 (19).jpg,disgust
C:\Users\mainh\OneDrive\Attachments\Máy tính\facial-emotion-viz\data\raw\repression\reg_img81 (7).jpg,repression
C:\Users\mainh\OneDrive\Attachments\Máy tính\facial-emotion-viz\data\raw\disgust\reg_img101 (3).jpg,disgust
C:\Users\mainh\OneDrive\Attachments\Máy tính\facial-emotion-viz\data\raw\repression\reg_img82 (10).jpg,repression
C:\Users\mainh\OneDrive\Attachments\Máy tính\facial-emotion-viz\data\raw\disgust\reg_img106 (12).jpg,disgust
C:\Users\mainh\OneDrive\Attachments\Máy tính\facial-emotion-viz\data\raw\disgust\reg_img153 (6).jpg,disgust
C:\Users\mainh\OneDrive\Attachments\Máy tính\facial-emotion-viz\data\raw\disgust\reg_img191 (2).jpg,disgust
C:\Users\mainh\OneDrive\Attachments\Máy tính\facial-emotion-viz\data\raw\disgust\reg_img138 (12).jpg,disgust
C:\Users\mainh\OneDrive\Attachments\Máy tính\facial-emotion-viz\data\raw\surprise\reg_img114 (2).jpg,surprise
C:\Users\mainh\OneDrive\Attachments\Máy tính\facial-emotion-viz\data\raw\happiness\reg_img219.jpg,happiness
C:\Users\mainh\OneDrive\Attachments\Máy tính\facial-emotion-viz\data\raw\disgust\reg_img110 (29).jpg,disgust
C:\Users\mainh\OneDrive\Attachments\Máy tính\facial-emotion-viz\data\raw\surprise\reg_img22 (2).jpg,surprise
C:\Users\mainh\OneDrive\Attachments\Máy tính\facial-emotion-viz\data\raw\disgust\reg_img60 (18).jpg,disgust
C:\Users\mainh\OneDrive\Attachments\Máy tính\facial-emotion-viz\data\raw\disgust\reg_img100 (16).jpg,disgust
C:\Users\mainh\OneDrive\Attachments\Máy tính\facial-emotion-viz\data\raw\repression\reg_img77 (6).jpg,repression
C:\Users\mainh\OneDrive\Attachments\Máy tính\facial-emotion-viz\data\raw\surprise\reg_img64 (14).jpg,surprise
C:\Users\mainh\OneDrive\Attachments\Máy tính\facial-emotion-viz\data\raw\disgust\reg_img154 (10).jpg,disgust
C:\Users\mainh\OneDrive\Attachments\Máy tính\facial-emotion-viz\data\raw\sadness\reg_img91.jpg,sadness
C:\Users\mainh\OneDrive\Attachments\Máy tính\facial-emotion-viz\data\raw\repression\reg_img202 (2).jpg,repression
C:\Users\mainh\OneDrive\Attachments\Máy tính\facial-emotion-viz\data\raw\disgust\reg_img44 (9).jpg,disgust
C:\Users\mainh\OneDrive\Attachments\Máy tính\facial-emotion-viz\data\raw\happiness\reg_img52 (7).jpg,happiness
C:\Users\mainh\OneDrive\Attachments\Máy tính\facial-emotion-viz\data\raw\happiness\reg_img83 (13).jpg,happiness
C:\Users\mainh\OneDrive\Attachments\Máy tính\facial-emotion-viz\data\raw\happiness\reg_img158 (3).jpg,happiness
C:\Users\mainh\OneDrive\Attachments\Máy tính\facial-emotion-viz\data\raw\sadness\reg_img77 (2).jpg,sadness
C:\Users\mainh\OneDrive\Attachments\Máy tính\facial-emotion-viz\data\raw\happiness\reg_img40 (2).jpg,happiness
C:\Users\mainh\OneDrive\Attachments\Máy tính\facial-emotion-viz\data\raw\repression\reg_img108 (7).jpg,repression
C:\Users\mainh\OneDrive\Attachments\Máy tính\facial-emotion-viz\data\raw\happiness\reg_img88 (22).jpg,happiness
C:\Users\mainh\OneDrive\Attachments\Máy tính\facial-emotion-viz\data\raw\happiness\reg_img149 (7).jpg,happiness
C:\Users\mainh\OneDrive\Attachments\Máy tính\facial-emotion-viz\data\raw\repression\reg_img195 (3).jpg,repression
C:\Users\mainh\OneDrive\Attachments\Máy tính\facial-emotion-viz\data\raw\disgust\reg_img87 (11).jpg,disgust
C:\Users\mainh\OneDrive\Attachments\Máy tính\facial-emotion-viz\data\raw\repression\reg_img158 (4).jpg,repression
C:\Users\mainh\OneDrive\Attachments\Máy tính\facial-emotion-viz\data\raw\disgust\reg_img66 (4).jpg,disgust
C:\Users\mainh\OneDrive\Attachments\Máy tính\facial-emotion-viz\data\raw\repression\reg_img128 (4).jpg,repression
C:\Users\mainh\OneDrive\Attachments\Máy tính\facial-emotion-viz\data\raw\repression\reg_img82 (7).jpg,repression
C:\Users\mainh\OneDrive\Attachments\Máy tính\facial-emotion-viz\data\raw\disgust\reg_img72 (6).jpg,disgust
C:\Users\mainh\OneDrive\Attachments\Máy tính\facial-emotion-viz\data\raw\sadness\reg_img66 (3).jpg,sadness
C:\Users\mainh\OneDrive\Attachments\Máy tính\facial-emotion-viz\data\raw\repression\reg_img89.jpg,repression
C:\Users\mainh\OneDrive\Attachments\Máy tính\facial-emotion-viz\data\raw\surprise\reg_img27 (3).jpg,surprise
C:\Users\mainh\OneDrive\Attachments\Máy tính\facial-emotion-viz\data\raw\disgust\reg_img85 (24).jpg,disgust
C:\Users\mainh\OneDrive\Attachments\Máy tính\facial-emotion-viz\data\raw\disgust\reg_img43 (10).jpg,disgust
C:\Users\mainh\OneDrive\Attachments\Máy tính\facial-emotion-viz\data\raw\happiness\reg_img57 (16).jpg,happiness
C:\Users\mainh\OneDrive\Attachments\Máy tính\facial-emotion-viz\data\raw\happiness\reg_img117 (12).jpg,happiness
C:\Users\mainh\OneDrive\Attachments\Máy tính\facial-emotion-viz\data\raw\happiness\reg_img43 (7).jpg,happiness
C:\Users\mainh\OneDrive\Attachments\Máy tính\facial-emotion-viz\data\raw\disgust\reg_img316.jpg,disgust
C:\Users\mainh\OneDrive\Attachments\Máy tính\facial-emotion-viz\data\raw\disgust\reg_img162 (4).jpg,disgust
C:\Users\mainh\OneDrive\Attachments\Máy tính\facial-emotion-viz\data\raw\sadness\reg_img352 (2).jpg,sadness
C:\Users\mainh\OneDrive\Attachments\Máy tính\facial-emotion-viz\data\raw\surprise\reg_img145 (4).jpg,surprise
C:\Users\mainh\OneDrive\Attachments\Máy tính\facial-emotion-viz\data\raw\disgust\reg_img198.jpg,disgust
C:\Users\mainh\OneDrive\Attachments\Máy tính\facial-emotion-viz\data\raw\repression\reg_img181 (4).jpg,repression
C:\Users\mainh\OneDrive\Attachments\Máy tính\facial-emotion-viz\data\raw\repression\reg_img205 (2).jpg,repression
C:\Users\mainh\OneDrive\Attachments\Máy tính\facial-emotion-viz\data\raw\happiness\reg_img71 (18).jpg,happiness
C:\Users\mainh\OneDrive\Attachments\Máy tính\facial-emotion-viz\data\raw\happiness\reg_img66 (6).jpg,happiness
C:\Users\mainh\OneDrive\Attachments\Máy tính\facial-emotion-viz\data\raw\sadness\reg_img329.jpg,sadness
C:\Users\mainh\OneDrive\Attachments\Máy tính\facial-emotion-viz\data\raw\happiness\reg_img116 (9).jpg,happiness
C:\Users\mainh\OneDrive\Attachments\Máy tính\facial-emotion-viz\data\raw\disgust\reg_img52 (12).jpg,disgust
C:\Users\mainh\OneDrive\Attachments\Máy tính\facial-emotion-viz\data\raw\happiness\reg_img80 (18).jpg,happiness
C:\Users\mainh\OneDrive\Attachments\Máy tính\facial-emotion-viz\data\raw\surprise\reg_img44 (7).jpg,surprise
C:\Users\mainh\OneDrive\Attachments\Máy tính\facial-emotion-viz\data\raw\repression\reg_img134 (5).jpg,repression
C:\Users\mainh\OneDrive\Attachments\Máy tính\facial-emotion-viz\data\raw\repression\reg_img57 (14).jpg,repression
C:\Users\mainh\OneDrive\Attachments\Máy tính\facial-emotion-viz\data\raw\surprise\reg_img60 (14).jpg,surprise
C:\Users\mainh\OneDrive\Attachments\Máy tính\facial-emotion-viz\data\raw\surprise\reg_img77 (2).jpg,surprise
C:\Users\mainh\OneDrive\Attachments\Máy tính\facial-emotion-viz\data\raw\disgust\reg_img88 (27).jpg,disgust
C:\Users\mainh\OneDrive\Attachments\Máy tính\facial-emotion-viz\data\raw\repression\reg_img123 (12).jpg,repression
C:\Users\mainh\OneDrive\Attachments\Máy tính\facial-emotion-viz\data\raw\happiness\reg_img95 (5).jpg,happiness
C:\Users\mainh\OneDrive\Attachments\Máy tính\facial-emotion-viz\data\raw\surprise\reg_img63 (13).jpg,surprise
C:\Users\mainh\OneDrive\Attachments\Máy tính\facial-emotion-viz\data\raw\disgust\reg_img66 (28).jpg,disgust
C:\Users\mainh\OneDrive\Attachments\Máy tính\facial-emotion-viz\data\raw\disgust\reg_img76 (17).jpg,disgust
C:\Users\mainh\OneDrive\Attachments\Máy tính\facial-emotion-viz\data\raw\happiness\reg_img97 (16).jpg,happiness
C:\Users\mainh\OneDrive\Attachments\Máy tính\facial-emotion-viz\data\raw\repression\reg_img85 (14).jpg,repression
C:\Users\mainh\OneDrive\Attachments\Máy tính\facial-emotion-viz\data\raw\surprise\reg_img131 (4).jpg,surprise
C:\Users\mainh\OneDrive\Attachments\Máy tính\facial-emotion-viz\data\raw\disgust\reg_img84 (24).jpg,disgust
C:\Users\mainh\OneDrive\Attachments\Máy tính\facial-emotion-viz\data\raw\happiness\reg_img69 (3).jpg,happiness
C:\Users\mainh\OneDrive\Attachments\Máy tính\facial-emotion-viz\data\raw\surprise\reg_img166 (3).jpg,surprise
C:\Users\mainh\OneDrive\Attachments\Máy tính\facial-emotion-viz\data\raw\disgust\reg_img121 (25).jpg,disgust
C:\Users\mainh\OneDrive\Attachments\Máy tính\facial-emotion-viz\data\raw\repression\reg_img82 (14).jpg,repression
C:\Users\mainh\OneDrive\Attachments\Máy tính\facial-emotion-viz\data\raw\fear\reg_img104.jpg,fear
C:\Users\mainh\OneDrive\Attachments\Máy tính\facial-emotion-viz\data\raw\disgust\reg_img151 (9).jpg,disgust
C:\Users\mainh\OneDrive\Attachments\Máy tính\facial-emotion-viz\data\raw\happiness\reg_img69 (9).jpg,happiness
C:\Users\mainh\OneDrive\Attachments\Máy tính\facial-emotion-viz\data\raw\happiness\reg_img7.jpg,happiness
C:\Users\mainh\OneDrive\Attachments\Máy tính\facial-emotion-viz\data\raw\disgust\reg_img106 (8).jpg,disgust
C:\Users\mainh\OneDrive\Attachments\Máy tính\facial-emotion-viz\data\raw\disgust\reg_img79 (34).jpg,disgust
C:\Users\mainh\OneDrive\Attachments\Máy tính\facial-emotion-viz\data\raw\disgust\reg_img81 (29).jpg,disgust
C:\Users\mainh\OneDrive\Attachments\Máy tính\facial-emotion-viz\data\raw\repression\reg_img207 (2).jpg,repression
C:\Users\mainh\OneDrive\Attachments\Máy tính\facial-emotion-viz\data\raw\happiness\reg_img69 (8).jpg,happiness
C:\Users\mainh\OneDrive\Attachments\Máy tính\facial-emotion-viz\data\raw\repression\reg_img37 (7).jpg,repression
C:\Users\mainh\OneDrive\Attachments\Máy tính\facial-emotion-viz\data\raw\disgust\reg_img52 (7).jpg,disgust
C:\Users\mainh\OneDrive\Attachments\Máy tính\facial-emotion-viz\data\raw\happiness\reg_img119 (5).jpg,happiness
C:\Users\mainh\OneDrive\Attachments\Máy tính\facial-emotion-viz\data\raw\disgust\reg_img37.jpg,disgust
C:\Users\mainh\OneDrive\Attachments\Máy tính\facial-emotion-viz\data\raw\repression\reg_img202.jpg,repression
C:\Users\mainh\OneDrive\Attachments\Máy tính\facial-emotion-viz\data\raw\happiness\reg_img50 (2).jpg,happiness
C:\Users\mainh\OneDrive\Attachments\Máy tính\facial-emotion-viz\data\raw\disgust\reg_img70 (4).jpg,disgust
C:\Users\mainh\OneDrive\Attachments\Máy tính\facial-emotion-viz\data\raw\disgust\reg_img16 (4).jpg,disgust
C:\Users\mainh\OneDrive\Attachments\Máy tính\facial-emotion-viz\data\raw\repression\reg_img115 (6).jpg,repression
C:\Users\mainh\OneDrive\Attachments\Máy tính\facial-emotion-viz\data\raw\surprise\reg_img55 (12).jpg,surprise
C:\Users\mainh\OneDrive\Attachments\Máy tính\facial-emotion-viz\data\raw\repression\reg_img57 (7).jpg,repression
C:\Users\mainh\OneDrive\Attachments\Máy tính\facial-emotion-viz\data\raw\repression\reg_img95 (6).jpg,repression
C:\Users\mainh\OneDrive\Attachments\Máy tính\facial-emotion-viz\data\raw\repression\reg_img26 (2).jpg,repression
C:\Users\mainh\OneDrive\Attachments\Máy tính\facial-emotion-viz\data\raw\surprise\reg_img26 (6).jpg,surprise
C:\Users\mainh\OneDrive\Attachments\Máy tính\facial-emotion-viz\data\raw\happiness\reg_img67 (13).jpg,happiness
C:\Users\mainh\OneDrive\Attachments\Máy tính\facial-emotion-viz\data\raw\disgust\reg_img61 (13).jpg,disgust
C:\Users\mainh\OneDrive\Attachments\Máy tính\facial-emotion-viz\data\raw\disgust\reg_img101 (25).jpg,disgust
C:\Users\mainh\OneDrive\Attachments\Máy tính\facial-emotion-viz\data\raw\happiness\reg_img95 (14).jpg,happiness
C:\Users\mainh\OneDrive\Attachments\Máy tính\facial-emotion-viz\data\raw\happiness\reg_img50 (13).jpg,happiness
C:\Users\mainh\OneDrive\Attachments\Máy tính\facial-emotion-viz\data\raw\surprise\reg_img94 (10).jpg,surprise
C:\Users\mainh\OneDrive\Attachments\Máy tính\facial-emotion-viz\data\raw\repression\reg_img144 (6).jpg,repression
C:\Users\mainh\OneDrive\Attachments\Máy tính\facial-emotion-viz\data\raw\repression\reg_img67 (16).jpg,repression
C:\Users\mainh\OneDrive\Attachments\Máy tính\facial-emotion-viz\data\raw\disgust\reg_img150 (6).jpg,disgust
C:\Users\mainh\OneDrive\Attachments\Máy tính\facial-emotion-viz\data\raw\sadness\reg_img354 (2).jpg,sadness
C:\Users\mainh\OneDrive\Attachments\Máy tính\facial-emotion-viz\data\raw\happiness\reg_img92 (6).jpg,happiness
C:\Users\mainh\OneDrive\Attachments\Máy tính\facial-emotion-viz\data\raw\disgust\reg_img160.jpg,disgust
C:\Users\mainh\OneDrive\Attachments\Máy tính\facial-emotion-viz\data\raw\repression\reg_img51 (6).jpg,repression
C:\Users\mainh\OneDrive\Attachments\Máy tính\facial-emotion-viz\data\raw\repression\reg_img11.jpg,repression
C:\Users\mainh\OneDrive\Attachments\Máy tính\facial-emotion-viz\data\raw\disgust\reg_img59 (13).jpg,disgust
C:\Users\mainh\OneDrive\Attachments\Máy tính\facial-emotion-viz\data\raw\disgust\reg_img21 (2).jpg,disgust
C:\Users\mainh\OneDrive\Attachments\Máy tính\facial-emotion-viz\data\raw\repression\reg_img184 (7).jpg,repression
C:\Users\mainh\OneDrive\Attachments\Máy tính\facial-emotion-viz\data\raw\disgust\reg_img128 (5).jpg,disgust
C:\Users\mainh\OneDrive\Attachments\Máy tính\facial-emotion-viz\data\raw\disgust\reg_img88 (20).jpg,disgust
C:\Users\mainh\OneDrive\Attachments\Máy tính\facial-emotion-viz\data\raw\repression\reg_img132 (4).jpg,repression
C:\Users\mainh\OneDrive\Attachments\Máy tính\facial-emotion-viz\data\raw\surprise\reg_img41 (7).jpg,surprise
C:\Users\mainh\OneDrive\Attachments\Máy tính\facial-emotion-viz\data\raw\repression\reg_img180 (5).jpg,repression
C:\Users\mainh\OneDrive\Attachments\Máy tính\facial-emotion-viz\data\raw\surprise\reg_img68 (14).jpg,surprise
C:\Users\mainh\OneDrive\Attachments\Máy tính\facial-emotion-viz\data\raw\surprise\reg_img84 (2).jpg,surprise
C:\Users\mainh\OneDrive\Attachments\Máy tính\facial-emotion-viz\data\raw\happiness\reg_img45 (12).jpg,happiness
C:\Users\mainh\OneDrive\Attachments\Máy tính\facial-emotion-viz\data\raw\happiness\reg_img150 (5).jpg,happiness
C:\Users\mainh\OneDrive\Attachments\Máy tính\facial-emotion-viz\data\raw\disgust\reg_img90 (21).jpg,disgust
C:\Users\mainh\OneDrive\Attachments\Máy tính\facial-emotion-viz\data\raw\disgust\reg_img54.jpg,disgust
C:\Users\mainh\OneDrive\Attachments\Máy tính\facial-emotion-viz\data\raw\repression\reg_img114 (8).jpg,repression
C:\Users\mainh\OneDrive\Attachments\Máy tính\facial-emotion-viz\data\raw\happiness\reg_img76 (7).jpg,happiness
C:\Users\mainh\OneDrive\Attachments\Máy tính\facial-emotion-viz\data\raw\disgust\reg_img50 (20).jpg,disgust
C:\Users\mainh\OneDrive\Attachments\Máy tính\facial-emotion-viz\data\raw\disgust\reg_img125.jpg,disgust
C:\Users\mainh\OneDrive\Attachments\Máy tính\facial-emotion-viz\data\raw\disgust\reg_img13 (2).jpg,disgust
C:\Users\mainh\OneDrive\Attachments\Máy tính\facial-emotion-viz\data\raw\disgust\reg_img107 (6).jpg,disgust
C:\Users\mainh\OneDrive\Attachments\Máy tính\facial-emotion-viz\data\raw\repression\reg_img76 (14).jpg,repression
C:\Users\mainh\OneDrive\Attachments\Máy tính\facial-emotion-viz\data\raw\happiness\reg_img117 (6).jpg,happiness
C:\Users\mainh\OneDrive\Attachments\Máy tính\facial-emotion-viz\data\raw\disgust\reg_img76 (20).jpg,disgust
C:\Users\mainh\OneDrive\Attachments\Máy tính\facial-emotion-viz\data\raw\repression\reg_img193 (2).jpg,repression
C:\Users\mainh\OneDrive\Attachments\Máy tính\facial-emotion-viz\data\raw\disgust\reg_img109 (22).jpg,disgust
C:\Users\mainh\OneDrive\Attachments\Máy tính\facial-emotion-viz\data\raw\repression\reg_img111 (12).jpg,repression
C:\Users\mainh\OneDrive\Attachments\Máy tính\facial-emotion-viz\data\raw\disgust\reg_img76 (16).jpg,disgust
C:\Users\mainh\OneDrive\Attachments\Máy tính\facial-emotion-viz\data\raw\surprise\reg_img24 (4).jpg,surprise
C:\Users\mainh\OneDrive\Attachments\Máy tính\facial-emotion-viz\data\raw\happiness\reg_img174 (3).jpg,happiness
C:\Users\mainh\OneDrive\Attachments\Máy tính\facial-emotion-viz\data\raw\disgust\reg_img39 (26).jpg,disgust
C:\Users\mainh\OneDrive\Attachments\Máy tính\facial-emotion-viz\data\raw\disgust\reg_img16 (7).jpg,disgust
C:\Users\mainh\OneDrive\Attachments\Máy tính\facial-emotion-viz\data\raw\disgust\reg_img91 (38).jpg,disgust
C:\Users\mainh\OneDrive\Attachments\Máy tính\facial-emotion-viz\data\raw\surprise\reg_img154 (3).jpg,surprise
C:\Users\mainh\OneDrive\Attachments\Máy tính\facial-emotion-viz\data\raw\happiness\reg_img115.jpg,happiness
C:\Users\mainh\OneDrive\Attachments\Máy tính\facial-emotion-viz\data\raw\disgust\reg_img71 (4).jpg,disgust
C:\Users\mainh\OneDrive\Attachments\Máy tính\facial-emotion-viz\data\raw\surprise\reg_img62 (15).jpg,surprise
C:\Users\mainh\OneDrive\Attachments\Máy tính\facial-emotion-viz\data\raw\disgust\reg_img173 (3).jpg,disgust
C:\Users\mainh\OneDrive\Attachments\Máy tính\facial-emotion-viz\data\raw\disgust\reg_img79 (12).jpg,disgust
C:\Users\mainh\OneDrive\Attachments\Máy tính\facial-emotion-viz\data\raw\disgust\reg_img132 (16).jpg,disgust
C:\Users\mainh\OneDrive\Attachments\Máy tính\facial-emotion-viz\data\raw\happiness\reg_img69 (14).jpg,happiness
C:\Users\mainh\OneDrive\Attachments\Máy tính\facial-emotion-viz\data\raw\surprise\reg_img104 (6).jpg,surprise
C:\Users\mainh\OneDrive\Attachments\Máy tính\facial-emotion-viz\data\raw\disgust\reg_img99 (13).jpg,disgust
C:\Users\mainh\OneDrive\Attachments\Máy tính\facial-emotion-viz\data\raw\repression\reg_img183 (4).jpg,repression
C:\Users\mainh\OneDrive\Attachments\Máy tính\facial-emotion-viz\data\raw\happiness\reg_img183 (2).jpg,happiness
C:\Users\mainh\OneDrive\Attachments\Máy tính\facial-emotion-viz\data\raw\disgust\reg_img103 (25).jpg,disgust
C:\Users\mainh\OneDrive\Attachments\Máy tính\facial-emotion-viz\data\raw\happiness\reg_img139 (7).jpg,happiness
C:\Users\mainh\OneDrive\Attachments\Máy tính\facial-emotion-viz\data\raw\sadness\reg_img68 (2).jpg,sadness
C:\Users\mainh\OneDrive\Attachments\Máy tính\facial-emotion-viz\data\raw\happiness\reg_img74 (13).jpg,happiness
C:\Users\mainh\OneDrive\Attachments\Máy tính\facial-emotion-viz\data\raw\disgust\reg_img48 (2).jpg,disgust
C:\Users\mainh\OneDrive\Attachments\Máy tính\facial-emotion-viz\data\raw\repression\reg_img138 (5).jpg,repression
C:\Users\mainh\OneDrive\Attachments\Máy tính\facial-emotion-viz\data\raw\repression\reg_img45 (6).jpg,repression
C:\Users\mainh\OneDrive\Attachments\Máy tính\facial-emotion-viz\data\raw\repression\reg_img60 (13).jpg,repression
C:\Users\mainh\OneDrive\Attachments\Máy tính\facial-emotion-viz\data\raw\happiness\reg_img29 (4).jpg,happiness
C:\Users\mainh\OneDrive\Attachments\Máy tính\facial-emotion-viz\data\raw\disgust\reg_img121.jpg,disgust
C:\Users\mainh\OneDrive\Attachments\Máy tính\facial-emotion-viz\data\raw\disgust\reg_img140 (3).jpg,disgust
C:\Users\mainh\OneDrive\Attachments\Máy tính\facial-emotion-viz\data\raw\disgust\reg_img159 (3).jpg,disgust
C:\Users\mainh\OneDrive\Attachments\Máy tính\facial-emotion-viz\data\raw\happiness\reg_img125 (2).jpg,happiness
C:\Users\mainh\OneDrive\Attachments\Máy tính\facial-emotion-viz\data\raw\repression\reg_img77 (3).jpg,repression
C:\Users\mainh\OneDrive\Attachments\Máy tính\facial-emotion-viz\data\raw\surprise\reg_img80 (4).jpg,surprise
C:\Users\mainh\OneDrive\Attachments\Máy tính\facial-emotion-viz\data\raw\disgust\reg_img45 (10).jpg,disgust
C:\Users\mainh\OneDrive\Attachments\Máy tính\facial-emotion-viz\data\raw\repression\reg_img66 (4).jpg,repression
C:\Users\mainh\OneDrive\Attachments\Máy tính\facial-emotion-viz\data\raw\happiness\reg_img109 (10).jpg,happiness
C:\Users\mainh\OneDrive\Attachments\Máy tính\facial-emotion-viz\data\raw\happiness\reg_img112 (12).jpg,happiness
C:\Users\mainh\OneDrive\Attachments\Máy tính\facial-emotion-viz\data\raw\disgust\reg_img133 (3).jpg,disgust
C:\Users\mainh\OneDrive\Attachments\Máy tính\facial-emotion-viz\data\raw\surprise\reg_img138 (5).jpg,surprise
C:\Users\mainh\OneDrive\Attachments\Máy tính\facial-emotion-viz\data\raw\happiness\reg_img69 (12).jpg,happiness
C:\Users\mainh\OneDrive\Attachments\Máy tính\facial-emotion-viz\data\raw\repression\reg_img86 (11).jpg,repression
C:\Users\mainh\OneDrive\Attachments\Máy tính\facial-emotion-viz\data\raw\repression\reg_img112 (13).jpg,repression
C:\Users\mainh\OneDrive\Attachments\Máy tính\facial-emotion-viz\data\raw\disgust\reg_img41 (24).jpg,disgust
C:\Users\mainh\OneDrive\Attachments\Máy tính\facial-emotion-viz\data\raw\disgust\reg_img58 (21).jpg,disgust
C:\Users\mainh\OneDrive\Attachments\Máy tính\facial-emotion-viz\data\raw\disgust\reg_img429.jpg,disgust
C:\Users\mainh\OneDrive\Attachments\Máy tính\facial-emotion-viz\data\raw\repression\reg_img117 (2).jpg,repression
C:\Users\mainh\OneDrive\Attachments\Máy tính\facial-emotion-viz\data\raw\repression\reg_img101.jpg,repression
C:\Users\mainh\OneDrive\Attachments\Máy tính\facial-emotion-viz\data\raw\happiness\reg_img73 (16).jpg,happiness
C:\Users\mainh\OneDrive\Attachments\Máy tính\facial-emotion-viz\data\raw\surprise\reg_img41 (4).jpg,surprise
C:\Users\mainh\OneDrive\Attachments\Máy tính\facial-emotion-viz\data\raw\disgust\reg_img86 (10).jpg,disgust
C:\Users\mainh\OneDrive\Attachments\Máy tính\facial-emotion-viz\data\raw\disgust\reg_img40 (7).jpg,disgust
C:\Users\mainh\OneDrive\Attachments\Máy tính\facial-emotion-viz\data\raw\happiness\reg_img96 (11).jpg,happiness
C:\Users\mainh\OneDrive\Attachments\Máy tính\facial-emotion-viz\data\raw\disgust\reg_img84 (13).jpg,disgust
C:\Users\mainh\OneDrive\Attachments\Máy tính\facial-emotion-viz\data\raw\disgust\reg_img110 (32).jpg,disgust
C:\Users\mainh\OneDrive\Attachments\Máy tính\facial-emotion-viz\data\raw\happiness\reg_img33 (5).jpg,happiness
C:\Users\mainh\OneDrive\Attachments\Máy tính\facial-emotion-viz\data\raw\repression\reg_img113 (6).jpg,repression
C:\Users\mainh\OneDrive\Attachments\Máy tính\facial-emotion-viz\data\raw\disgust\reg_img131 (3).jpg,disgust
C:\Users\mainh\OneDrive\Attachments\Máy tính\facial-emotion-viz\data\raw\repression\reg_img143 (4).jpg,repression
C:\Users\mainh\OneDrive\Attachments\Máy tính\facial-emotion-viz\data\raw\disgust\reg_img102 (13).jpg,disgust
C:\Users\mainh\OneDrive\Attachments\Máy tính\facial-emotion-viz\data\raw\surprise\reg_img71 (6).jpg,surprise
C:\Users\mainh\OneDrive\Attachments\Máy tính\facial-emotion-viz\data\raw\surprise\reg_img74 (13).jpg,surprise
C:\Users\mainh\OneDrive\Attachments\Máy tính\facial-emotion-viz\data\raw\surprise\reg_img40 (8).jpg,surprise
C:\Users\mainh\OneDrive\Attachments\Máy tính\facial-emotion-viz\data\raw\disgust\reg_img94 (32).jpg,disgust
C:\Users\mainh\OneDrive\Attachments\Máy tính\facial-emotion-viz\data\raw\disgust\reg_img49 (24).jpg,disgust
C:\Users\mainh\OneDrive\Attachments\Máy tính\facial-emotion-viz\data\raw\happiness\reg_img53 (18).jpg,happiness
C:\Users\mainh\OneDrive\Attachments\Máy tính\facial-emotion-viz\data\raw\surprise\reg_img77 (10).jpg,surprise
C:\Users\mainh\OneDrive\Attachments\Máy tính\facial-emotion-viz\data\raw\surprise\reg_img63 (11).jpg,surprise
C:\Users\mainh\OneDrive\Attachments\Máy tính\facial-emotion-viz\data\raw\disgust\reg_img86 (3).jpg,disgust
C:\Users\mainh\OneDrive\Attachments\Máy tính\facial-emotion-viz\data\raw\disgust\reg_img110 (14).jpg,disgust
C:\Users\mainh\OneDrive\Attachments\Máy tính\facial-emotion-viz\data\raw\repression\reg_img89 (6).jpg,repression
C:\Users\mainh\OneDrive\Attachments\Máy tính\facial-emotion-viz\data\raw\repression\reg_img109 (7).jpg,repression
C:\Users\mainh\OneDrive\Attachments\Máy tính\facial-emotion-viz\data\raw\happiness\reg_img69 (5).jpg,happiness
C:\Users\mainh\OneDrive\Attachments\Máy tính\facial-emotion-viz\data\raw\happiness\reg_img110 (4).jpg,happiness
C:\Users\mainh\OneDrive\Attachments\Máy tính\facial-emotion-viz\data\raw\repression\reg_img165 (6).jpg,repression
C:\Users\mainh\OneDrive\Attachments\Máy tính\facial-emotion-viz\data\raw\repression\reg_img88 (4).jpg,repression
C:\Users\mainh\OneDrive\Attachments\Máy tính\facial-emotion-viz\data\raw\repression\reg_img193 (4).jpg,repression
C:\Users\mainh\OneDrive\Attachments\Máy tính\facial-emotion-viz\data\raw\disgust\reg_img115 (22).jpg,disgust
C:\Users\mainh\OneDrive\Attachments\Máy tính\facial-emotion-viz\data\raw\happiness\reg_img73 (19).jpg,happiness
C:\Users\mainh\OneDrive\Attachments\Máy tính\facial-emotion-viz\data\raw\happiness\reg_img179.jpg,happiness
C:\Users\mainh\OneDrive\Attachments\Máy tính\facial-emotion-viz\data\raw\surprise\reg_img70 (11).jpg,surprise
C:\Users\mainh\OneDrive\Attachments\Máy tính\facial-emotion-viz\data\raw\repression\reg_img108 (10).jpg,repression
C:\Users\mainh\OneDrive\Attachments\Máy tính\facial-emotion-viz\data\raw\repression\reg_img88 (2).jpg,repression
C:\Users\mainh\OneDrive\Attachments\Máy tính\facial-emotion-viz\data\raw\disgust\reg_img129 (7).jpg,disgust
C:\Users\mainh\OneDrive\Attachments\Máy tính\facial-emotion-viz\data\raw\happiness\reg_img71 (21).jpg,happiness
C:\Users\mainh\OneDrive\Attachments\Máy tính\facial-emotion-viz\data\raw\surprise\reg_img90.jpg,surprise
C:\Users\mainh\OneDrive\Attachments\Máy tính\facial-emotion-viz\data\raw\disgust\reg_img117 (18).jpg,disgust
C:\Users\mainh\OneDrive\Attachments\Máy tính\facial-emotion-viz\data\raw\surprise\reg_img92 (2).jpg,surprise
C:\Users\mainh\OneDrive\Attachments\Máy tính\facial-emotion-viz\data\raw\repression\reg_img62 (11).jpg,repression
C:\Users\mainh\OneDrive\Attachments\Máy tính\facial-emotion-viz\data\raw\happiness\reg_img134 (8).jpg,happiness
C:\Users\mainh\OneDrive\Attachments\Máy tính\facial-emotion-viz\data\raw\repression\reg_img102 (9).jpg,repression
C:\Users\mainh\OneDrive\Attachments\Máy tính\facial-emotion-viz\data\raw\repression\reg_img161 (5).jpg,repression
C:\Users\mainh\OneDrive\Attachments\Máy tính\facial-emotion-viz\data\raw\surprise\reg_img60 (11).jpg,surprise
C:\Users\mainh\OneDrive\Attachments\Máy tính\facial-emotion-viz\data\raw\surprise\reg_img141 (3).jpg,surprise
C:\Users\mainh\OneDrive\Attachments\Máy tính\facial-emotion-viz\data\raw\happiness\reg_img60 (19).jpg,happiness
C:\Users\mainh\OneDrive\Attachments\Máy tính\facial-emotion-viz\data\raw\repression\reg_img58 (12).jpg,repression
C:\Users\mainh\OneDrive\Attachments\Máy tính\facial-emotion-viz\data\raw\disgust\reg_img73 (36).jpg,disgust
C:\Users\mainh\OneDrive\Attachments\Máy tính\facial-emotion-viz\data\raw\surprise\reg_img140 (5).jpg,surprise
C:\Users\mainh\OneDrive\Attachments\Máy tính\facial-emotion-viz\data\raw\disgust\reg_img67 (12).jpg,disgust
C:\Users\mainh\OneDrive\Attachments\Máy tính\facial-emotion-viz\data\raw\repression\reg_img102 (7).jpg,repression
C:\Users\mainh\OneDrive\Attachments\Máy tính\facial-emotion-viz\data\raw\happiness\reg_img106 (5).jpg,happiness
C:\Users\mainh\OneDrive\Attachments\Máy tính\facial-emotion-viz\data\raw\repression\reg_img180 (4).jpg,repression
C:\Users\mainh\OneDrive\Attachments\Máy tính\facial-emotion-viz\data\raw\disgust\reg_img84 (27).jpg,disgust
C:\Users\mainh\OneDrive\Attachments\Máy tính\facial-emotion-viz\data\raw\surprise\reg_img44 (8).jpg,surprise
C:\Users\mainh\OneDrive\Attachments\Máy tính\facial-emotion-viz\data\raw\repression\reg_img34 (9).jpg,repression
C:\Users\mainh\OneDrive\Attachments\Máy tính\facial-emotion-viz\data\raw\repression\reg_img168 (2).jpg,repression
C:\Users\mainh\OneDrive\Attachments\Máy tính\facial-emotion-viz\data\raw\disgust\reg_img130.jpg,disgust
C:\Users\mainh\OneDrive\Attachments\Máy tính\facial-emotion-viz\data\raw\disgust\reg_img295.jpg,disgust
C:\Users\mainh\OneDrive\Attachments\Máy tính\facial-emotion-viz\data\raw\repression\reg_img67 (9).jpg,repression
C:\Users\mainh\OneDrive\Attachments\Máy tính\facial-emotion-viz\data\raw\repression\reg_img212.jpg,repression
C:\Users\mainh\OneDrive\Attachments\Máy tính\facial-emotion-viz\data\raw\happiness\reg_img86 (19).jpg,happiness
C:\Users\mainh\OneDrive\Attachments\Máy tính\facial-emotion-viz\data\raw\happiness\reg_img27.jpg,happiness
C:\Users\mainh\OneDrive\Attachments\Máy tính\facial-emotion-viz\data\raw\disgust\reg_img102 (14).jpg,disgust
C:\Users\mainh\OneDrive\Attachments\Máy tính\facial-emotion-viz\data\raw\disgust\reg_img88 (6).jpg,disgust
C:\Users\mainh\OneDrive\Attachments\Máy tính\facial-emotion-viz\data\raw\disgust\reg_img81 (9).jpg,disgust
C:\Users\mainh\OneDrive\Attachments\Máy tính\facial-emotion-viz\data\raw\repression\reg_img178 (8).jpg,repression
C:\Users\mainh\OneDrive\Attachments\Máy tính\facial-emotion-viz\data\raw\surprise\reg_img54.jpg,surprise
C:\Users\mainh\OneDrive\Attachments\Máy tính\facial-emotion-viz\data\raw\happiness\reg_img83 (14).jpg,happiness
C:\Users\mainh\OneDrive\Attachments\Máy tính\facial-emotion-viz\data\raw\disgust\reg_img117 (2).jpg,disgust
C:\Users\mainh\OneDrive\Attachments\Máy tính\facial-emotion-viz\data\raw\happiness\reg_img23.jpg,happiness
C:\Users\mainh\OneDrive\Attachments\Máy tính\facial-emotion-viz\data\raw\repression\reg_img116 (6).jpg,repression
C:\Users\mainh\OneDrive\Attachments\Máy tính\facial-emotion-viz\data\raw\disgust\reg_img117 (7).jpg,disgust
C:\Users\mainh\OneDrive\Attachments\Máy tính\facial-emotion-viz\data\raw\repression\reg_img94 (2).jpg,repression
C:\Users\mainh\OneDrive\Attachments\Máy tính\facial-emotion-viz\data\raw\disgust\reg_img83 (7).jpg,disgust
C:\Users\mainh\OneDrive\Attachments\Máy tính\facial-emotion-viz\data\raw\surprise\reg_img32 (2).jpg,surprise
C:\Users\mainh\OneDrive\Attachments\Máy tính\facial-emotion-viz\data\raw\surprise\reg_img104.jpg,surprise
C:\Users\mainh\OneDrive\Attachments\Máy tính\facial-emotion-viz\data\raw\repression\reg_img58 (13).jpg,repression
C:\Users\mainh\OneDrive\Attachments\Máy tính\facial-emotion-viz\data\raw\disgust\reg_img108 (20).jpg,disgust
C:\Users\mainh\OneDrive\Attachments\Máy tính\facial-emotion-viz\data\raw\disgust\reg_img54 (8).jpg,disgust
C:\Users\mainh\OneDrive\Attachments\Máy tính\facial-emotion-viz\data\raw\disgust\reg_img45 (14).jpg,disgust
C:\Users\mainh\OneDrive\Attachments\Máy tính\facial-emotion-viz\data\raw\disgust\reg_img86 (30).jpg,disgust
C:\Users\mainh\OneDrive\Attachments\Máy tính\facial-emotion-viz\data\raw\happiness\reg_img110 (7).jpg,happiness
C:\Users\mainh\OneDrive\Attachments\Máy tính\facial-emotion-viz\data\raw\happiness\reg_img39 (11).jpg,happiness
C:\Users\mainh\OneDrive\Attachments\Máy tính\facial-emotion-viz\data\raw\surprise\reg_img61 (15).jpg,surprise
C:\Users\mainh\OneDrive\Attachments\Máy tính\facial-emotion-viz\data\raw\surprise\reg_img142.jpg,surprise
C:\Users\mainh\OneDrive\Attachments\Máy tính\facial-emotion-viz\data\raw\disgust\reg_img379.jpg,disgust
C:\Users\mainh\OneDrive\Attachments\Máy tính\facial-emotion-viz\data\raw\disgust\reg_img69 (23).jpg,disgust
C:\Users\mainh\OneDrive\Attachments\Máy tính\facial-emotion-viz\data\raw\happiness\reg_img58 (6).jpg,happiness
C:\Users\mainh\OneDrive\Attachments\Máy tính\facial-emotion-viz\data\raw\happiness\reg_img77 (13).jpg,happiness
C:\Users\mainh\OneDrive\Attachments\Máy tính\facial-emotion-viz\data\raw\disgust\reg_img132 (12).jpg,disgust
C:\Users\mainh\OneDrive\Attachments\Máy tính\facial-emotion-viz\data\raw\disgust\reg_img102 (35).jpg,disgust
C:\Users\mainh\OneDrive\Attachments\Máy tính\facial-emotion-viz\data\raw\disgust\reg_img138.jpg,disgust
C:\Users\mainh\OneDrive\Attachments\Máy tính\facial-emotion-viz\data\raw\repression\reg_img123 (7).jpg,repression
C:\Users\mainh\OneDrive\Attachments\Máy tính\facial-emotion-viz\data\raw\happiness\reg_img104 (9).jpg,happiness
C:\Users\mainh\OneDrive\Attachments\Máy tính\facial-emotion-viz\data\raw\surprise\reg_img82 (4).jpg,surprise
C:\Users\mainh\OneDrive\Attachments\Máy tính\facial-emotion-viz\data\raw\repression\reg_img63 (13).jpg,repression
C:\Users\mainh\OneDrive\Attachments\Máy tính\facial-emotion-viz\data\raw\disgust\reg_img22 (13).jpg,disgust
C:\Users\mainh\OneDrive\Attachments\Máy tính\facial-emotion-viz\data\raw\repression\reg_img108.jpg,repression
C:\Users\mainh\OneDrive\Attachments\Máy tính\facial-emotion-viz\data\raw\repression\reg_img66 (16).jpg,repression
C:\Users\mainh\OneDrive\Attachments\Máy tính\facial-emotion-viz\data\raw\disgust\reg_img77 (23).jpg,disgust
C:\Users\mainh\OneDrive\Attachments\Máy tính\facial-emotion-viz\data\raw\happiness\reg_img200 (3).jpg,happiness
C:\Users\mainh\OneDrive\Attachments\Máy tính\facial-emotion-viz\data\raw\repression\reg_img36 (11).jpg,repression
C:\Users\mainh\OneDrive\Attachments\Máy tính\facial-emotion-viz\data\raw\repression\reg_img68 (5).jpg,repression
C:\Users\mainh\OneDrive\Attachments\Máy tính\facial-emotion-viz\data\raw\disgust\reg_img87 (12).jpg,disgust
C:\Users\mainh\OneDrive\Attachments\Máy tính\facial-emotion-viz\data\raw\disgust\reg_img40 (12).jpg,disgust
C:\Users\mainh\OneDrive\Attachments\Máy tính\facial-emotion-viz\data\raw\repression\reg_img120 (9).jpg,repression
C:\Users\mainh\OneDrive\Attachments\Máy tính\facial-emotion-viz\data\raw\happiness\reg_img60 (12).jpg,happiness
C:\Users\mainh\OneDrive\Attachments\Máy tính\facial-emotion-viz\data\raw\disgust\reg_img52 (27).jpg,disgust
C:\Users\mainh\OneDrive\Attachments\Máy tính\facial-emotion-viz\data\raw\disgust\reg_img79 (32).jpg,disgust
C:\Users\mainh\OneDrive\Attachments\Máy tính\facial-emotion-viz\data\raw\disgust\reg_img75 (24).jpg,disgust
C:\Users\mainh\OneDrive\Attachments\Máy tính\facial-emotion-viz\data\raw\repression\reg_img113 (11).jpg,repression
C:\Users\mainh\OneDrive\Attachments\Máy tính\facial-emotion-viz\data\raw\repression\reg_img54 (8).jpg,repression
C:\Users\mainh\OneDrive\Attachments\Máy tính\facial-emotion-viz\data\raw\disgust\reg_img14 (2).jpg,disgust
C:\Users\mainh\OneDrive\Attachments\Máy tính\facial-emotion-viz\data\raw\disgust\reg_img84 (6).jpg,disgust
C:\Users\mainh\OneDrive\Attachments\Máy tính\facial-emotion-viz\data\raw\happiness\reg_img118 (14).jpg,happiness
C:\Users\mainh\OneDrive\Attachments\Máy tính\facial-emotion-viz\data\raw\disgust\reg_img94 (35).jpg,disgust
C:\Users\mainh\OneDrive\Attachments\Máy tính\facial-emotion-viz\data\raw\repression\reg_img110 (3).jpg,repression
C:\Users\mainh\OneDrive\Attachments\Máy tính\facial-emotion-viz\data\raw\happiness\reg_img122 (8).jpg,happiness
C:\Users\mainh\OneDrive\Attachments\Máy tính\facial-emotion-viz\data\raw\happiness\reg_img30 (4).jpg,happiness
C:\Users\mainh\OneDrive\Attachments\Máy tính\facial-emotion-viz\data\raw\disgust\reg_img356.jpg,disgust
C:\Users\mainh\OneDrive\Attachments\Máy tính\facial-emotion-viz\data\raw\repression\reg_img53 (4).jpg,repression
C:\Users\mainh\OneDrive\Attachments\Máy tính\facial-emotion-viz\data\raw\fear\reg_img69.jpg,fear
C:\Users\mainh\OneDrive\Attachments\Máy tính\facial-emotion-viz\data\raw\surprise\reg_img45 (5).jpg,surprise
C:\Users\mainh\OneDrive\Attachments\Máy tính\facial-emotion-viz\data\raw\happiness\reg_img130 (7).jpg,happiness
C:\Users\mainh\OneDrive\Attachments\Máy tính\facial-emotion-viz\data\raw\happiness\reg_img49 (6).jpg,happiness
C:\Users\mainh\OneDrive\Attachments\Máy tính\facial-emotion-viz\data\raw\happiness\reg_img115 (8).jpg,happiness
C:\Users\mainh\OneDrive\Attachments\Máy tính\facial-emotion-viz\data\raw\repression\reg_img179 (5).jpg,repression
C:\Users\mainh\OneDrive\Attachments\Máy tính\facial-emotion-viz\data\raw\happiness\reg_img86 (2).jpg,happiness
C:\Users\mainh\OneDrive\Attachments\Máy tính\facial-emotion-viz\data\raw\repression\reg_img102 (4).jpg,repression
C:\Users\mainh\OneDrive\Attachments\Máy tính\facial-emotion-viz\data\raw\disgust\reg_img37 (20).jpg,disgust
C:\Users\mainh\OneDrive\Attachments\Máy tính\facial-emotion-viz\data\raw\repression\reg_img95 (5).jpg,repression
C:\Users\mainh\OneDrive\Attachments\Máy tính\facial-emotion-viz\data\raw\disgust\reg_img72 (33).jpg,disgust
C:\Users\mainh\OneDrive\Attachments\Máy tính\facial-emotion-viz\data\raw\surprise\reg_img97 (10).jpg,surprise
C:\Users\mainh\OneDrive\Attachments\Máy tính\facial-emotion-viz\data\raw\happiness\reg_img46 (8).jpg,happiness
C:\Users\mainh\OneDrive\Attachments\Máy tính\facial-emotion-viz\data\raw\disgust\reg_img86 (24).jpg,disgust
C:\Users\mainh\OneDrive\Attachments\Máy tính\facial-emotion-viz\data\raw\disgust\reg_img59 (18).jpg,disgust
C:\Users\mainh\OneDrive\Attachments\Máy tính\facial-emotion-viz\data\raw\repression\reg_img105 (13).jpg,repression
C:\Users\mainh\OneDrive\Attachments\Máy tính\facial-emotion-viz\data\raw\surprise\reg_img53 (12).jpg,surprise
C:\Users\mainh\OneDrive\Attachments\Máy tính\facial-emotion-viz\data\raw\disgust\reg_img106 (19).jpg,disgust
C:\Users\mainh\OneDrive\Attachments\Máy tính\facial-emotion-viz\data\raw\happiness\reg_img82 (13).jpg,happiness
C:\Users\mainh\OneDrive\Attachments\Máy tính\facial-emotion-viz\data\raw\disgust\reg_img125 (10).jpg,disgust
C:\Users\mainh\OneDrive\Attachments\Máy tính\facial-emotion-viz\data\raw\disgust\reg_img90 (9).jpg,disgust
C:\Users\mainh\OneDrive\Attachments\Máy tính\facial-emotion-viz\data\raw\disgust\reg_img118 (28).jpg,disgust
C:\Users\mainh\OneDrive\Attachments\Máy tính\facial-emotion-viz\data\raw\happiness\reg_img115 (15).jpg,happiness
C:\Users\mainh\OneDrive\Attachments\Máy tính\facial-emotion-viz\data\raw\disgust\reg_img52 (18).jpg,disgust
C:\Users\mainh\OneDrive\Attachments\Máy tính\facial-emotion-viz\data\raw\happiness\reg_img119 (8).jpg,happiness
C:\Users\mainh\OneDrive\Attachments\Máy tính\facial-emotion-viz\data\raw\repression\reg_img148 (2).jpg,repression
C:\Users\mainh\OneDrive\Attachments\Máy tính\facial-emotion-viz\data\raw\disgust\reg_img57 (27).jpg,disgust
C:\Users\mainh\OneDrive\Attachments\Máy tính\facial-emotion-viz\data\raw\happiness\reg_img29 (9).jpg,happiness
C:\Users\mainh\OneDrive\Attachments\Máy tính\facial-emotion-viz\data\raw\surprise\reg_img80 (2).jpg,surprise
C:\Users\mainh\OneDrive\Attachments\Máy tính\facial-emotion-viz\data\raw\surprise\reg_img61 (9).jpg,surprise
C:\Users\mainh\OneDrive\Attachments\Máy tính\facial-emotion-viz\data\raw\disgust\reg_img43 (22).jpg,disgust
C:\Users\mainh\OneDrive\Attachments\Máy tính\facial-emotion-viz\data\raw\surprise\reg_img61 (13).jpg,surprise
C:\Users\mainh\OneDrive\Attachments\Máy tính\facial-emotion-viz\data\raw\disgust\reg_img31 (16).jpg,disgust
C:\Users\mainh\OneDrive\Attachments\Máy tính\facial-emotion-viz\data\raw\disgust\reg_img27 (5).jpg,disgust
C:\Users\mainh\OneDrive\Attachments\Máy tính\facial-emotion-viz\data\raw\disgust\reg_img27 (16).jpg,disgust
C:\Users\mainh\OneDrive\Attachments\Máy tính\facial-emotion-viz\data\raw\repression\reg_img98 (12).jpg,repression
C:\Users\mainh\OneDrive\Attachments\Máy tính\facial-emotion-viz\data\raw\happiness\reg_img102 (12).jpg,happiness
C:\Users\mainh\OneDrive\Attachments\Máy tính\facial-emotion-viz\data\raw\disgust\reg_img92 (12).jpg,disgust
C:\Users\mainh\OneDrive\Attachments\Máy tính\facial-emotion-viz\data\raw\repression\reg_img55 (2).jpg,repression
C:\Users\mainh\OneDrive\Attachments\Máy tính\facial-emotion-viz\data\raw\disgust\reg_img10 (4).jpg,disgust
C:\Users\mainh\OneDrive\Attachments\Máy tính\facial-emotion-viz\data\raw\surprise\reg_img151 (2).jpg,surprise
C:\Users\mainh\OneDrive\Attachments\Máy tính\facial-emotion-viz\data\raw\surprise\reg_img81 (5).jpg,surprise
C:\Users\mainh\OneDrive\Attachments\Máy tính\facial-emotion-viz\data\raw\disgust\reg_img111 (32).jpg,disgust
C:\Users\mainh\OneDrive\Attachments\Máy tính\facial-emotion-viz\data\raw\happiness\reg_img63 (2).jpg,happiness
C:\Users\mainh\OneDrive\Attachments\Máy tính\facial-emotion-viz\data\raw\repression\reg_img37 (6).jpg,repression
C:\Users\mainh\OneDrive\Attachments\Máy tính\facial-emotion-viz\data\raw\disgust\reg_img130 (18).jpg,disgust
C:\Users\mainh\OneDrive\Attachments\Máy tính\facial-emotion-viz\data\raw\disgust\reg_img38 (25).jpg,disgust
C:\Users\mainh\OneDrive\Attachments\Máy tính\facial-emotion-viz\data\raw\happiness\reg_img129 (9).jpg,happiness
C:\Users\mainh\OneDrive\Attachments\Máy tính\facial-emotion-viz\data\raw\repression\reg_img124 (4).jpg,repression
C:\Users\mainh\OneDrive\Attachments\Máy tính\facial-emotion-viz\data\raw\repression\reg_img117 (4).jpg,repression
C:\Users\mainh\OneDrive\Attachments\Máy tính\facial-emotion-viz\data\raw\disgust\reg_img166 (4).jpg,disgust
C:\Users\mainh\OneDrive\Attachments\Máy tính\facial-emotion-viz\data\raw\repression\reg_img125 (8).jpg,repression
C:\Users\mainh\OneDrive\Attachments\Máy tính\facial-emotion-viz\data\raw\surprise\reg_img95 (3).jpg,surprise
C:\Users\mainh\OneDrive\Attachments\Máy tính\facial-emotion-viz\data\raw\repression\reg_img121.jpg,repression
C:\Users\mainh\OneDrive\Attachments\Máy tính\facial-emotion-viz\data\raw\disgust\reg_img55 (29).jpg,disgust
C:\Users\mainh\OneDrive\Attachments\Máy tính\facial-emotion-viz\data\raw\disgust\reg_img12 (5).jpg,disgust
C:\Users\mainh\OneDrive\Attachments\Máy tính\facial-emotion-viz\data\raw\disgust\reg_img53 (7).jpg,disgust
C:\Users\mainh\OneDrive\Attachments\Máy tính\facial-emotion-viz\data\raw\sadness\reg_img42.jpg,sadness
C:\Users\mainh\OneDrive\Attachments\Máy tính\facial-emotion-viz\data\raw\disgust\reg_img57 (8).jpg,disgust
C:\Users\mainh\OneDrive\Attachments\Máy tính\facial-emotion-viz\data\raw\disgust\reg_img45 (7).jpg,disgust
C:\Users\mainh\OneDrive\Attachments\Máy tính\facial-emotion-viz\data\raw\happiness\reg_img75 (7).jpg,happiness
C:\Users\mainh\OneDrive\Attachments\Máy tính\facial-emotion-viz\data\raw\disgust\reg_img41 (12).jpg,disgust
C:\Users\mainh\OneDrive\Attachments\Máy tính\facial-emotion-viz\data\raw\disgust\reg_img94 (33).jpg,disgust
C:\Users\mainh\OneDrive\Attachments\Máy tính\facial-emotion-viz\data\raw\happiness\reg_img48 (8).jpg,happiness
C:\Users\mainh\OneDrive\Attachments\Máy tính\facial-emotion-viz\data\raw\happiness\reg_img90 (13).jpg,happiness
C:\Users\mainh\OneDrive\Attachments\Máy tính\facial-emotion-viz\data\raw\surprise\reg_img139 (2).jpg,surprise
C:\Users\mainh\OneDrive\Attachments\Máy tính\facial-emotion-viz\data\raw\repression\reg_img71 (8).jpg,repression
C:\Users\mainh\OneDrive\Attachments\Máy tính\facial-emotion-viz\data\raw\surprise\reg_img78 (14).jpg,surprise
C:\Users\mainh\OneDrive\Attachments\Máy tính\facial-emotion-viz\data\raw\happiness\reg_img57.jpg,happiness
C:\Users\mainh\OneDrive\Attachments\Máy tính\facial-emotion-viz\data\raw\disgust\reg_img130 (10).jpg,disgust
C:\Users\mainh\OneDrive\Attachments\Máy tính\facial-emotion-viz\data\raw\disgust\reg_img107 (3).jpg,disgust
C:\Users\mainh\OneDrive\Attachments\Máy tính\facial-emotion-viz\data\raw\surprise\reg_img59 (12).jpg,surprise
C:\Users\mainh\OneDrive\Attachments\Máy tính\facial-emotion-viz\data\raw\disgust\reg_img49 (28).jpg,disgust
C:\Users\mainh\OneDrive\Attachments\Máy tính\facial-emotion-viz\data\raw\happiness\reg_img73 (18).jpg,happiness
C:\Users\mainh\OneDrive\Attachments\Máy tính\facial-emotion-viz\data\raw\repression\reg_img64.jpg,repression
C:\Users\mainh\OneDrive\Attachments\Máy tính\facial-emotion-viz\data\raw\disgust\reg_img30 (2).jpg,disgust
C:\Users\mainh\OneDrive\Attachments\Máy tính\facial-emotion-viz\data\raw\happiness\reg_img71 (5).jpg,happiness
C:\Users\mainh\OneDrive\Attachments\Máy tính\facial-emotion-viz\data\raw\happiness\reg_img153.jpg,happiness
C:\Users\mainh\OneDrive\Attachments\Máy tính\facial-emotion-viz\data\raw\repression\reg_img93 (12).jpg,repression
C:\Users\mainh\OneDrive\Attachments\Máy tính\facial-emotion-viz\data\raw\surprise\reg_img41 (6).jpg,surprise
C:\Users\mainh\OneDrive\Attachments\Máy tính\facial-emotion-viz\data\raw\repression\reg_img48 (4).jpg,repression
C:\Users\mainh\OneDrive\Attachments\Máy tính\facial-emotion-viz\data\raw\repression\reg_img95 (4).jpg,repression
C:\Users\mainh\OneDrive\Attachments\Máy tính\facial-emotion-viz\data\raw\disgust\reg_img165 (3).jpg,disgust
C:\Users\mainh\OneDrive\Attachments\Máy tính\facial-emotion-viz\data\raw\repression\reg_img149 (7).jpg,repression
C:\Users\mainh\OneDrive\Attachments\Máy tính\facial-emotion-viz\data\raw\surprise\reg_img103 (7).jpg,surprise
C:\Users\mainh\OneDrive\Attachments\Máy tính\facial-emotion-viz\data\raw\disgust\reg_img108 (10).jpg,disgust
C:\Users\mainh\OneDrive\Attachments\Máy tính\facial-emotion-viz\data\raw\fear\reg_img53.jpg,fear
C:\Users\mainh\OneDrive\Attachments\Máy tính\facial-emotion-viz\data\raw\disgust\reg_img48 (6).jpg,disgust
C:\Users\mainh\OneDrive\Attachments\Máy tính\facial-emotion-viz\data\raw\disgust\reg_img102 (15).jpg,disgust
C:\Users\mainh\OneDrive\Attachments\Máy tính\facial-emotion-viz\data\raw\happiness\reg_img103 (16).jpg,happiness
C:\Users\mainh\OneDrive\Attachments\Máy tính\facial-emotion-viz\data\raw\repression\reg_img98 (2).jpg,repression
C:\Users\mainh\OneDrive\Attachments\Máy tính\facial-emotion-viz\data\raw\repression\reg_img83 (6).jpg,repression
C:\Users\mainh\OneDrive\Attachments\Máy tính\facial-emotion-viz\data\raw\happiness\reg_img61 (9).jpg,happiness
C:\Users\mainh\OneDrive\Attachments\Máy tính\facial-emotion-viz\data\raw\disgust\reg_img44 (14).jpg,disgust
C:\Users\mainh\OneDrive\Attachments\Máy tính\facial-emotion-viz\data\raw\surprise\reg_img86 (2).jpg,surprise
C:\Users\mainh\OneDrive\Attachments\Máy tính\facial-emotion-viz\data\raw\disgust\reg_img125 (21).jpg,disgust
C:\Users\mainh\OneDrive\Attachments\Máy tính\facial-emotion-viz\data\raw\repression\reg_img39 (6).jpg,repression
C:\Users\mainh\OneDrive\Attachments\Máy tính\facial-emotion-viz\data\raw\disgust\reg_img117 (17).jpg,disgust
C:\Users\mainh\OneDrive\Attachments\Máy tính\facial-emotion-viz\data\raw\disgust\reg_img89 (17).jpg,disgust
C:\Users\mainh\OneDrive\Attachments\Máy tính\facial-emotion-viz\data\raw\repression\reg_img139 (11).jpg,repression
C:\Users\mainh\OneDrive\Attachments\Máy tính\facial-emotion-viz\data\raw\happiness\reg_img102 (16).jpg,happiness
C:\Users\mainh\OneDrive\Attachments\Máy tính\facial-emotion-viz\data\raw\surprise\reg_img66 (5).jpg,surprise
C:\Users\mainh\OneDrive\Attachments\Máy tính\facial-emotion-viz\data\raw\disgust\reg_img80 (18).jpg,disgust
C:\Users\mainh\OneDrive\Attachments\Máy tính\facial-emotion-viz\data\raw\disgust\reg_img116 (11).jpg,disgust
C:\Users\mainh\OneDrive\Attachments\Máy tính\facial-emotion-viz\data\raw\surprise\reg_img59 (7).jpg,surprise
C:\Users\mainh\OneDrive\Attachments\Máy tính\facial-emotion-viz\data\raw\repression\reg_img231 (2).jpg,repression
C:\Users\mainh\OneDrive\Attachments\Máy tính\facial-emotion-viz\data\raw\surprise\reg_img79 (16).jpg,surprise
C:\Users\mainh\OneDrive\Attachments\Máy tính\facial-emotion-viz\data\raw\surprise\reg_img79 (12).jpg,surprise
C:\Users\mainh\OneDrive\Attachments\Máy tính\facial-emotion-viz\data\raw\repression\reg_img21 (4).jpg,repression
C:\Users\mainh\OneDrive\Attachments\Máy tính\facial-emotion-viz\data\raw\disgust\reg_img66 (14).jpg,disgust
C:\Users\mainh\OneDrive\Attachments\Máy tính\facial-emotion-viz\data\raw\happiness\reg_img109 (14).jpg,happiness
C:\Users\mainh\OneDrive\Attachments\Máy tính\facial-emotion-viz\data\raw\surprise\reg_img129 (4).jpg,surprise
C:\Users\mainh\OneDrive\Attachments\Máy tính\facial-emotion-viz\data\raw\disgust\reg_img88 (33).jpg,disgust
C:\Users\mainh\OneDrive\Attachments\Máy tính\facial-emotion-viz\data\raw\fear\reg_img108.jpg,fear
C:\Users\mainh\OneDrive\Attachments\Máy tính\facial-emotion-viz\data\raw\disgust\reg_img51 (27).jpg,disgust
C:\Users\mainh\OneDrive\Attachments\Máy tính\facial-emotion-viz\data\raw\disgust\reg_img106 (2).jpg,disgust
C:\Users\mainh\OneDrive\Attachments\Máy tính\facial-emotion-viz\data\raw\surprise\reg_img149 (2).jpg,surprise
C:\Users\mainh\OneDrive\Attachments\Máy tính\facial-emotion-viz\data\raw\disgust\reg_img32 (5).jpg,disgust
C:\Users\mainh\OneDrive\Attachments\Máy tính\facial-emotion-viz\data\raw\disgust\reg_img161 (4).jpg,disgust
C:\Users\mainh\OneDrive\Attachments\Máy tính\facial-emotion-viz\data\raw\disgust\reg_img99 (8).jpg,disgust
C:\Users\mainh\OneDrive\Attachments\Máy tính\facial-emotion-viz\data\raw\disgust\reg_img123 (21).jpg,disgust
C:\Users\mainh\OneDrive\Attachments\Máy tính\facial-emotion-viz\data\raw\happiness\reg_img108 (6).jpg,happiness
C:\Users\mainh\OneDrive\Attachments\Máy tính\facial-emotion-viz\data\raw\disgust\reg_img148 (4).jpg,disgust
C:\Users\mainh\OneDrive\Attachments\Máy tính\facial-emotion-viz\data\raw\surprise\reg_img114 (5).jpg,surprise
C:\Users\mainh\OneDrive\Attachments\Máy tính\facial-emotion-viz\data\raw\disgust\reg_img48.jpg,disgust
C:\Users\mainh\OneDrive\Attachments\Máy tính\facial-emotion-viz\data\raw\happiness\reg_img81 (7).jpg,happiness
C:\Users\mainh\OneDrive\Attachments\Máy tính\facial-emotion-viz\data\raw\disgust\reg_img130 (14).jpg,disgust
C:\Users\mainh\OneDrive\Attachments\Máy tính\facial-emotion-viz\data\raw\happiness\reg_img102 (3).jpg,happiness
C:\Users\mainh\OneDrive\Attachments\Máy tính\facial-emotion-viz\data\raw\disgust\reg_img91 (20).jpg,disgust
C:\Users\mainh\OneDrive\Attachments\Máy tính\facial-emotion-viz\data\raw\happiness\reg_img129.jpg,happiness
C:\Users\mainh\OneDrive\Attachments\Máy tính\facial-emotion-viz\data\raw\disgust\reg_img131 (6).jpg,disgust
C:\Users\mainh\OneDrive\Attachments\Máy tính\facial-emotion-viz\data\raw\happiness\reg_img118 (4).jpg,happiness
C:\Users\mainh\OneDrive\Attachments\Máy tính\facial-emotion-viz\data\raw\disgust\reg_img166 (5).jpg,disgust
C:\Users\mainh\OneDrive\Attachments\Máy tính\facial-emotion-viz\data\raw\happiness\reg_img83 (11).jpg,happiness
C:\Users\mainh\OneDrive\Attachments\Máy tính\facial-emotion-viz\data\raw\happiness\reg_img30.jpg,happiness
C:\Users\mainh\OneDrive\Attachments\Máy tính\facial-emotion-viz\data\raw\disgust\reg_img161 (11).jpg,disgust
C:\Users\mainh\OneDrive\Attachments\Máy tính\facial-emotion-viz\data\raw\repression\reg_img46 (5).jpg,repression
C:\Users\mainh\OneDrive\Attachments\Máy tính\facial-emotion-viz\data\raw\disgust\reg_img58 (30).jpg,disgust
C:\Users\mainh\OneDrive\Attachments\Máy tính\facial-emotion-viz\data\raw\disgust\reg_img115 (14).jpg,disgust
C:\Users\mainh\OneDrive\Attachments\Máy tính\facial-emotion-viz\data\raw\disgust\reg_img41 (4).jpg,disgust
C:\Users\mainh\OneDrive\Attachments\Máy tính\facial-emotion-viz\data\raw\disgust\reg_img88 (14).jpg,disgust
C:\Users\mainh\OneDrive\Attachments\Máy tính\facial-emotion-viz\data\raw\disgust\reg_img91 (22).jpg,disgust
C:\Users\mainh\OneDrive\Attachments\Máy tính\facial-emotion-viz\data\raw\repression\reg_img236.jpg,repression
C:\Users\mainh\OneDrive\Attachments\Máy tính\facial-emotion-viz\data\raw\repression\reg_img57 (12).jpg,repression
C:\Users\mainh\OneDrive\Attachments\Máy tính\facial-emotion-viz\data\raw\repression\reg_img223.jpg,repression
C:\Users\mainh\OneDrive\Attachments\Máy tính\facial-emotion-viz\data\raw\disgust\reg_img68 (14).jpg,disgust
C:\Users\mainh\OneDrive\Attachments\Máy tính\facial-emotion-viz\data\raw\happiness\reg_img99 (7).jpg,happiness
C:\Users\mainh\OneDrive\Attachments\Máy tính\facial-emotion-viz\data\raw\disgust\reg_img42 (22).jpg,disgust
C:\Users\mainh\OneDrive\Attachments\Máy tính\facial-emotion-viz\data\raw\repression\reg_img250.jpg,repression
C:\Users\mainh\OneDrive\Attachments\Máy tính\facial-emotion-viz\data\raw\happiness\reg_img63 (5).jpg,happiness
C:\Users\mainh\OneDrive\Attachments\Máy tính\facial-emotion-viz\data\raw\surprise\reg_img83 (11).jpg,surprise
C:\Users\mainh\OneDrive\Attachments\Máy tính\facial-emotion-viz\data\raw\repression\reg_img23 (4).jpg,repression
C:\Users\mainh\OneDrive\Attachments\Máy tính\facial-emotion-viz\data\raw\disgust\reg_img70 (32).jpg,disgust
C:\Users\mainh\OneDrive\Attachments\Máy tính\facial-emotion-viz\data\raw\happiness\reg_img79 (20).jpg,happiness
C:\Users\mainh\OneDrive\Attachments\Máy tính\facial-emotion-viz\data\raw\disgust\reg_img147 (9).jpg,disgust
C:\Users\mainh\OneDrive\Attachments\Máy tính\facial-emotion-viz\data\raw\disgust\reg_img93 (27).jpg,disgust
C:\Users\mainh\OneDrive\Attachments\Máy tính\facial-emotion-viz\data\raw\repression\reg_img227.jpg,repression
C:\Users\mainh\OneDrive\Attachments\Máy tính\facial-emotion-viz\data\raw\repression\reg_img92 (4).jpg,repression
C:\Users\mainh\OneDrive\Attachments\Máy tính\facial-emotion-viz\data\raw\repression\reg_img169 (8).jpg,repression
C:\Users\mainh\OneDrive\Attachments\Máy tính\facial-emotion-viz\data\raw\disgust\reg_img36 (19).jpg,disgust
C:\Users\mainh\OneDrive\Attachments\Máy tính\facial-emotion-viz\data\raw\surprise\reg_img131 (7).jpg,surprise
C:\Users\mainh\OneDrive\Attachments\Máy tính\facial-emotion-viz\data\raw\repression\reg_img51.jpg,repression
C:\Users\mainh\OneDrive\Attachments\Máy tính\facial-emotion-viz\data\raw\disgust\reg_img41 (23).jpg,disgust
C:\Users\mainh\OneDrive\Attachments\Máy tính\facial-emotion-viz\data\raw\disgust\reg_img93 (31).jpg,disgust
C:\Users\mainh\OneDrive\Attachments\Máy tính\facial-emotion-viz\data\raw\sadness\reg_img32 (2).jpg,sadness
C:\Users\mainh\OneDrive\Attachments\Máy tính\facial-emotion-viz\data\raw\fear\reg_img95.jpg,fear
C:\Users\mainh\OneDrive\Attachments\Máy tính\facial-emotion-viz\data\raw\happiness\reg_img52 (8).jpg,happiness
C:\Users\mainh\OneDrive\Attachments\Máy tính\facial-emotion-viz\data\raw\repression\reg_img121 (15).jpg,repression
C:\Users\mainh\OneDrive\Attachments\Máy tính\facial-emotion-viz\data\raw\surprise\reg_img198.jpg,surprise
C:\Users\mainh\OneDrive\Attachments\Máy tính\facial-emotion-viz\data\raw\surprise\reg_img44 (3).jpg,surprise
C:\Users\mainh\OneDrive\Attachments\Máy tính\facial-emotion-viz\data\raw\repression\reg_img19 (3).jpg,repression
C:\Users\mainh\OneDrive\Attachments\Máy tính\facial-emotion-viz\data\raw\disgust\reg_img95 (37).jpg,disgust
C:\Users\mainh\OneDrive\Attachments\Máy tính\facial-emotion-viz\data\raw\disgust\reg_img77 (27).jpg,disgust
C:\Users\mainh\OneDrive\Attachments\Máy tính\facial-emotion-viz\data\raw\happiness\reg_img48 (9).jpg,happiness
C:\Users\mainh\OneDrive\Attachments\Máy tính\facial-emotion-viz\data\raw\disgust\reg_img65 (3).jpg,disgust
C:\Users\mainh\OneDrive\Attachments\Máy tính\facial-emotion-viz\data\raw\disgust\reg_img62 (12).jpg,disgust
C:\Users\mainh\OneDrive\Attachments\Máy tính\facial-emotion-viz\data\raw\happiness\reg_img103.jpg,happiness
C:\Users\mainh\OneDrive\Attachments\Máy tính\facial-emotion-viz\data\raw\surprise\reg_img57 (10).jpg,surprise
C:\Users\mainh\OneDrive\Attachments\Máy tính\facial-emotion-viz\data\raw\disgust\reg_img96 (21).jpg,disgust
C:\Users\mainh\OneDrive\Attachments\Máy tính\facial-emotion-viz\data\raw\disgust\reg_img126 (17).jpg,disgust
C:\Users\mainh\OneDrive\Attachments\Máy tính\facial-emotion-viz\data\raw\repression\reg_img12 (3).jpg,repression
C:\Users\mainh\OneDrive\Attachments\Máy tính\facial-emotion-viz\data\raw\happiness\reg_img55 (6).jpg,happiness
C:\Users\mainh\OneDrive\Attachments\Máy tính\facial-emotion-viz\data\raw\disgust\reg_img65.jpg,disgust
C:\Users\mainh\OneDrive\Attachments\Máy tính\facial-emotion-viz\data\raw\happiness\reg_img254.jpg,happiness
C:\Users\mainh\OneDrive\Attachments\Máy tính\facial-emotion-viz\data\raw\happiness\reg_img82 (15).jpg,happiness
C:\Users\mainh\OneDrive\Attachments\Máy tính\facial-emotion-viz\data\raw\disgust\reg_img76 (8).jpg,disgust
C:\Users\mainh\OneDrive\Attachments\Máy tính\facial-emotion-viz\data\raw\surprise\reg_img132 (8).jpg,surprise
C:\Users\mainh\OneDrive\Attachments\Máy tính\facial-emotion-viz\data\raw\disgust\reg_img73 (22).jpg,disgust
C:\Users\mainh\OneDrive\Attachments\Máy tính\facial-emotion-viz\data\raw\happiness\reg_img24.jpg,happiness
C:\Users\mainh\OneDrive\Attachments\Máy tính\facial-emotion-viz\data\raw\surprise\reg_img111 (6).jpg,surprise
C:\Users\mainh\OneDrive\Attachments\Máy tính\facial-emotion-viz\data\raw\happiness\reg_img44 (9).jpg,happiness
C:\Users\mainh\OneDrive\Attachments\Máy tính\facial-emotion-viz\data\raw\disgust\reg_img80 (19).jpg,disgust
C:\Users\mainh\OneDrive\Attachments\Máy tính\facial-emotion-viz\data\raw\repression\reg_img49 (4).jpg,repression
C:\Users\mainh\OneDrive\Attachments\Máy tính\facial-emotion-viz\data\raw\happiness\reg_img184 (4).jpg,happiness
C:\Users\mainh\OneDrive\Attachments\Máy tính\facial-emotion-viz\data\raw\disgust\reg_img40 (10).jpg,disgust
C:\Users\mainh\OneDrive\Attachments\Máy tính\facial-emotion-viz\data\raw\repression\reg_img59 (11).jpg,repression
C:\Users\mainh\OneDrive\Attachments\Máy tính\facial-emotion-viz\data\raw\repression\reg_img98 (3).jpg,repression
C:\Users\mainh\OneDrive\Attachments\Máy tính\facial-emotion-viz\data\raw\surprise\reg_img30 (6).jpg,surprise
C:\Users\mainh\OneDrive\Attachments\Máy tính\facial-emotion-viz\data\raw\surprise\reg_img173 (2).jpg,surprise
C:\Users\mainh\OneDrive\Attachments\Máy tính\facial-emotion-viz\data\raw\disgust\reg_img77 (12).jpg,disgust
C:\Users\mainh\OneDrive\Attachments\Máy tính\facial-emotion-viz\data\raw\happiness\reg_img83 (3).jpg,happiness
C:\Users\mainh\OneDrive\Attachments\Máy tính\facial-emotion-viz\data\raw\repression\reg_img133 (6).jpg,repression
C:\Users\mainh\OneDrive\Attachments\Máy tính\facial-emotion-viz\data\raw\surprise\reg_img156 (5).jpg,surprise
C:\Users\mainh\OneDrive\Attachments\Máy tính\facial-emotion-viz\data\raw\repression\reg_img57 (10).jpg,repression
C:\Users\mainh\OneDrive\Attachments\Máy tính\facial-emotion-viz\data\raw\repression\reg_img159 (4).jpg,repression
C:\Users\mainh\OneDrive\Attachments\Máy tính\facial-emotion-viz\data\raw\happiness\reg_img55 (14).jpg,happiness
C:\Users\mainh\OneDrive\Attachments\Máy tính\facial-emotion-viz\data\raw\disgust\reg_img57 (11).jpg,disgust
C:\Users\mainh\OneDrive\Attachments\Máy tính\facial-emotion-viz\data\raw\happiness\reg_img121 (6).jpg,happiness
C:\Users\mainh\OneDrive\Attachments\Máy tính\facial-emotion-viz\data\raw\surprise\reg_img114 (3).jpg,surprise
C:\Users\mainh\OneDrive\Attachments\Máy tính\facial-emotion-viz\data\raw\happiness\reg_img220 (2).jpg,happiness
C:\Users\mainh\OneDrive\Attachments\Máy tính\facial-emotion-viz\data\raw\disgust\reg_img89 (10).jpg,disgust
C:\Users\mainh\OneDrive\Attachments\Máy tính\facial-emotion-viz\data\raw\disgust\reg_img95 (25).jpg,disgust
C:\Users\mainh\OneDrive\Attachments\Máy tính\facial-emotion-viz\data\raw\disgust\reg_img70 (31).jpg,disgust
C:\Users\mainh\OneDrive\Attachments\Máy tính\facial-emotion-viz\data\raw\happiness\reg_img78 (8).jpg,happiness
C:\Users\mainh\OneDrive\Attachments\Máy tính\facial-emotion-viz\data\raw\repression\reg_img51 (14).jpg,repression
C:\Users\mainh\OneDrive\Attachments\Máy tính\facial-emotion-viz\data\raw\disgust\reg_img79 (27).jpg,disgust
C:\Users\mainh\OneDrive\Attachments\Máy tính\facial-emotion-viz\data\raw\disgust\reg_img123 (18).jpg,disgust
C:\Users\mainh\OneDrive\Attachments\Máy tính\facial-emotion-viz\data\raw\happiness\reg_img78 (3).jpg,happiness
C:\Users\mainh\OneDrive\Attachments\Máy tính\facial-emotion-viz\data\raw\disgust\reg_img66 (13).jpg,disgust
C:\Users\mainh\OneDrive\Attachments\Máy tính\facial-emotion-viz\data\raw\disgust\reg_img105 (26).jpg,disgust
C:\Users\mainh\OneDrive\Attachments\Máy tính\facial-emotion-viz\data\raw\surprise\reg_img105 (7).jpg,surprise
C:\Users\mainh\OneDrive\Attachments\Máy tính\facial-emotion-viz\data\raw\repression\reg_img94 (7).jpg,repression
C:\Users\mainh\OneDrive\Attachments\Máy tính\facial-emotion-viz\data\raw\disgust\reg_img144 (5).jpg,disgust
C:\Users\mainh\OneDrive\Attachments\Máy tính\facial-emotion-viz\data\raw\disgust\reg_img60 (16).jpg,disgust
C:\Users\mainh\OneDrive\Attachments\Máy tính\facial-emotion-viz\data\raw\disgust\reg_img182 (4).jpg,disgust
C:\Users\mainh\OneDrive\Attachments\Máy tính\facial-emotion-viz\data\raw\disgust\reg_img83.jpg,disgust
C:\Users\mainh\OneDrive\Attachments\Máy tính\facial-emotion-viz\data\raw\happiness\reg_img189.jpg,happiness
C:\Users\mainh\OneDrive\Attachments\Máy tính\facial-emotion-viz\data\raw\disgust\reg_img51 (23).jpg,disgust
C:\Users\mainh\OneDrive\Attachments\Máy tính\facial-emotion-viz\data\raw\happiness\reg_img156 (6).jpg,happiness
C:\Users\mainh\OneDrive\Attachments\Máy tính\facial-emotion-viz\data\raw\repression\reg_img62 (5).jpg,repression
C:\Users\mainh\OneDrive\Attachments\Máy tính\facial-emotion-viz\data\raw\surprise\reg_img110 (7).jpg,surprise
C:\Users\mainh\OneDrive\Attachments\Máy tính\facial-emotion-viz\data\raw\happiness\reg_img96 (5).jpg,happiness
C:\Users\mainh\OneDrive\Attachments\Máy tính\facial-emotion-viz\data\raw\disgust\reg_img19 (2).jpg,disgust
C:\Users\mainh\OneDrive\Attachments\Máy tính\facial-emotion-viz\data\raw\disgust\reg_img34 (20).jpg,disgust
C:\Users\mainh\OneDrive\Attachments\Máy tính\facial-emotion-viz\data\raw\repression\reg_img99 (12).jpg,repression
C:\Users\mainh\OneDrive\Attachments\Máy tính\facial-emotion-viz\data\raw\surprise\reg_img107 (3).jpg,surprise
C:\Users\mainh\OneDrive\Attachments\Máy tính\facial-emotion-viz\data\raw\happiness\reg_img59 (10).jpg,happiness
C:\Users\mainh\OneDrive\Attachments\Máy tính\facial-emotion-viz\data\raw\disgust\reg_img61 (10).jpg,disgust
C:\Users\mainh\OneDrive\Attachments\Máy tính\facial-emotion-viz\data\raw\surprise\reg_img91 (2).jpg,surprise
C:\Users\mainh\OneDrive\Attachments\Máy tính\facial-emotion-viz\data\raw\disgust\reg_img381.jpg,disgust
C:\Users\mainh\OneDrive\Attachments\Máy tính\facial-emotion-viz\data\raw\surprise\reg_img48 (5).jpg,surprise
C:\Users\mainh\OneDrive\Attachments\Máy tính\facial-emotion-viz\data\raw\happiness\reg_img76 (19).jpg,happiness
C:\Users\mainh\OneDrive\Attachments\Máy tính\facial-emotion-viz\data\raw\surprise\reg_img105 (6).jpg,surprise
C:\Users\mainh\OneDrive\Attachments\Máy tính\facial-emotion-viz\data\raw\disgust\reg_img91 (26).jpg,disgust
C:\Users\mainh\OneDrive\Attachments\Máy tính\facial-emotion-viz\data\raw\disgust\reg_img66 (32).jpg,disgust
C:\Users\mainh\OneDrive\Attachments\Máy tính\facial-emotion-viz\data\raw\repression\reg_img145 (5).jpg,repression
C:\Users\mainh\OneDrive\Attachments\Máy tính\facial-emotion-viz\data\raw\repression\reg_img82 (13).jpg,repression
C:\Users\mainh\OneDrive\Attachments\Máy tính\facial-emotion-viz\data\raw\repression\reg_img39 (10).jpg,repression
C:\Users\mainh\OneDrive\Attachments\Máy tính\facial-emotion-viz\data\raw\disgust\reg_img53 (15).jpg,disgust
C:\Users\mainh\OneDrive\Attachments\Máy tính\facial-emotion-viz\data\raw\disgust\reg_img120 (16).jpg,disgust
C:\Users\mainh\OneDrive\Attachments\Máy tính\facial-emotion-viz\data\raw\happiness\reg_img144 (2).jpg,happiness
C:\Users\mainh\OneDrive\Attachments\Máy tính\facial-emotion-viz\data\raw\repression\reg_img73.jpg,repression
C:\Users\mainh\OneDrive\Attachments\Máy tính\facial-emotion-viz\data\raw\disgust\reg_img46 (23).jpg,disgust
C:\Users\mainh\OneDrive\Attachments\Máy tính\facial-emotion-viz\data\raw\repression\reg_img92 (8).jpg,repression
C:\Users\mainh\OneDrive\Attachments\Máy tính\facial-emotion-viz\data\raw\disgust\reg_img51 (28).jpg,disgust
C:\Users\mainh\OneDrive\Attachments\Máy tính\facial-emotion-viz\data\raw\repression\reg_img34.jpg,repression
C:\Users\mainh\OneDrive\Attachments\Máy tính\facial-emotion-viz\data\raw\happiness\reg_img136 (8).jpg,happiness
C:\Users\mainh\OneDrive\Attachments\Máy tính\facial-emotion-viz\data\raw\repression\reg_img92 (9).jpg,repression
C:\Users\mainh\OneDrive\Attachments\Máy tính\facial-emotion-viz\data\raw\disgust\reg_img159 (6).jpg,disgust
C:\Users\mainh\OneDrive\Attachments\Máy tính\facial-emotion-viz\data\raw\repression\reg_img60 (11).jpg,repression
C:\Users\mainh\OneDrive\Attachments\Máy tính\facial-emotion-viz\data\raw\disgust\reg_img126 (19).jpg,disgust
C:\Users\mainh\OneDrive\Attachments\Máy tính\facial-emotion-viz\data\raw\fear\reg_img56.jpg,fear
C:\Users\mainh\OneDrive\Attachments\Máy tính\facial-emotion-viz\data\raw\surprise\reg_img94 (14).jpg,surprise
C:\Users\mainh\OneDrive\Attachments\Máy tính\facial-emotion-viz\data\raw\disgust\reg_img87 (7).jpg,disgust
C:\Users\mainh\OneDrive\Attachments\Máy tính\facial-emotion-viz\data\raw\repression\reg_img256.jpg,repression
C:\Users\mainh\OneDrive\Attachments\Máy tính\facial-emotion-viz\data\raw\repression\reg_img75 (10).jpg,repression
C:\Users\mainh\OneDrive\Attachments\Máy tính\facial-emotion-viz\data\raw\disgust\reg_img121 (19).jpg,disgust
C:\Users\mainh\OneDrive\Attachments\Máy tính\facial-emotion-viz\data\raw\disgust\reg_img100 (27).jpg,disgust
C:\Users\mainh\OneDrive\Attachments\Máy tính\facial-emotion-viz\data\raw\happiness\reg_img75.jpg,happiness
C:\Users\mainh\OneDrive\Attachments\Máy tính\facial-emotion-viz\data\raw\happiness\reg_img38 (14).jpg,happiness
C:\Users\mainh\OneDrive\Attachments\Máy tính\facial-emotion-viz\data\raw\surprise\reg_img143 (3).jpg,surprise
C:\Users\mainh\OneDrive\Attachments\Máy tính\facial-emotion-viz\data\raw\surprise\reg_img111 (5).jpg,surprise
C:\Users\mainh\OneDrive\Attachments\Máy tính\facial-emotion-viz\data\raw\repression\reg_img67 (11).jpg,repression
C:\Users\mainh\OneDrive\Attachments\Máy tính\facial-emotion-viz\data\raw\disgust\reg_img100 (6).jpg,disgust
C:\Users\mainh\OneDrive\Attachments\Máy tính\facial-emotion-viz\data\raw\disgust\reg_img41 (22).jpg,disgust
C:\Users\mainh\OneDrive\Attachments\Máy tính\facial-emotion-viz\data\raw\disgust\reg_img86 (26).jpg,disgust
C:\Users\mainh\OneDrive\Attachments\Máy tính\facial-emotion-viz\data\raw\happiness\reg_img91 (3).jpg,happiness
C:\Users\mainh\OneDrive\Attachments\Máy tính\facial-emotion-viz\data\raw\happiness\reg_img161.jpg,happiness
C:\Users\mainh\OneDrive\Attachments\Máy tính\facial-emotion-viz\data\raw\sadness\reg_img64 (2).jpg,sadness
C:\Users\mainh\OneDrive\Attachments\Máy tính\facial-emotion-viz\data\raw\repression\reg_img78 (6).jpg,repression
C:\Users\mainh\OneDrive\Attachments\Máy tính\facial-emotion-viz\data\raw\surprise\reg_img27 (5).jpg,surprise
C:\Users\mainh\OneDrive\Attachments\Máy tính\facial-emotion-viz\data\raw\repression\reg_img124 (12).jpg,repression
C:\Users\mainh\OneDrive\Attachments\Máy tính\facial-emotion-viz\data\raw\happiness\reg_img150 (3).jpg,happiness
C:\Users\mainh\OneDrive\Attachments\Máy tính\facial-emotion-viz\data\raw\disgust\reg_img49 (25).jpg,disgust
C:\Users\mainh\OneDrive\Attachments\Máy tính\facial-emotion-viz\data\raw\surprise\reg_img119 (6).jpg,surprise
C:\Users\mainh\OneDrive\Attachments\Máy tính\facial-emotion-viz\data\raw\disgust\reg_img74 (2).jpg,disgust
C:\Users\mainh\OneDrive\Attachments\Máy tính\facial-emotion-viz\data\raw\surprise\reg_img135 (7).jpg,surprise
C:\Users\mainh\OneDrive\Attachments\Máy tính\facial-emotion-viz\data\raw\disgust\reg_img58.jpg,disgust
C:\Users\mainh\OneDrive\Attachments\Máy tính\facial-emotion-viz\data\raw\surprise\reg_img40 (3).jpg,surprise
C:\Users\mainh\OneDrive\Attachments\Máy tính\facial-emotion-viz\data\raw\surprise\reg_img144 (5).jpg,surprise
C:\Users\mainh\OneDrive\Attachments\Máy tính\facial-emotion-viz\data\raw\repression\reg_img142.jpg,repression
C:\Users\mainh\OneDrive\Attachments\Máy tính\facial-emotion-viz\data\raw\surprise\reg_img95 (11).jpg,surprise
C:\Users\mainh\OneDrive\Attachments\Máy tính\facial-emotion-viz\data\raw\sadness\reg_img54 (3).jpg,sadness
C:\Users\mainh\OneDrive\Attachments\Máy tính\facial-emotion-viz\data\raw\disgust\reg_img75 (25).jpg,disgust
C:\Users\mainh\OneDrive\Attachments\Máy tính\facial-emotion-viz\data\raw\disgust\reg_img57 (2).jpg,disgust
C:\Users\mainh\OneDrive\Attachments\Máy tính\facial-emotion-viz\data\raw\repression\reg_img94 (5).jpg,repression
C:\Users\mainh\OneDrive\Attachments\Máy tính\facial-emotion-viz\data\raw\happiness\reg_img52 (6).jpg,happiness
C:\Users\mainh\OneDrive\Attachments\Máy tính\facial-emotion-viz\data\raw\disgust\reg_img148 (2).jpg,disgust
C:\Users\mainh\OneDrive\Attachments\Máy tính\facial-emotion-viz\data\raw\happiness\reg_img143 (5).jpg,happiness
C:\Users\mainh\OneDrive\Attachments\Máy tính\facial-emotion-viz\data\raw\disgust\reg_img44 (3).jpg,disgust
C:\Users\mainh\OneDrive\Attachments\Máy tính\facial-emotion-viz\data\raw\fear\reg_img128.jpg,fear
C:\Users\mainh\OneDrive\Attachments\Máy tính\facial-emotion-viz\data\raw\happiness\reg_img25 (6).jpg,happiness
C:\Users\mainh\OneDrive\Attachments\Máy tính\facial-emotion-viz\data\raw\happiness\reg_img105 (11).jpg,happiness
C:\Users\mainh\OneDrive\Attachments\Máy tính\facial-emotion-viz\data\raw\disgust\reg_img124 (18).jpg,disgust
C:\Users\mainh\OneDrive\Attachments\Máy tính\facial-emotion-viz\data\raw\disgust\reg_img71 (27).jpg,disgust
C:\Users\mainh\OneDrive\Attachments\Máy tính\facial-emotion-viz\data\raw\surprise\reg_img79 (5).jpg,surprise
C:\Users\mainh\OneDrive\Attachments\Máy tính\facial-emotion-viz\data\raw\disgust\reg_img117 (12).jpg,disgust
C:\Users\mainh\OneDrive\Attachments\Máy tính\facial-emotion-viz\data\raw\disgust\reg_img58 (17).jpg,disgust
C:\Users\mainh\OneDrive\Attachments\Máy tính\facial-emotion-viz\data\raw\happiness\reg_img77 (18).jpg,happiness
C:\Users\mainh\OneDrive\Attachments\Máy tính\facial-emotion-viz\data\raw\disgust\reg_img112 (9).jpg,disgust
C:\Users\mainh\OneDrive\Attachments\Máy tính\facial-emotion-viz\data\raw\repression\reg_img144 (2).jpg,repression
C:\Users\mainh\OneDrive\Attachments\Máy tính\facial-emotion-viz\data\raw\happiness\reg_img129 (4).jpg,happiness
C:\Users\mainh\OneDrive\Attachments\Máy tính\facial-emotion-viz\data\raw\surprise\reg_img66 (10).jpg,surprise
C:\Users\mainh\OneDrive\Attachments\Máy tính\facial-emotion-viz\data\raw\disgust\reg_img80 (31).jpg,disgust
C:\Users\mainh\OneDrive\Attachments\Máy tính\facial-emotion-viz\data\raw\repression\reg_img57 (6).jpg,repression
C:\Users\mainh\OneDrive\Attachments\Máy tính\facial-emotion-viz\data\raw\repression\reg_img38 (6).jpg,repression
C:\Users\mainh\OneDrive\Attachments\Máy tính\facial-emotion-viz\data\raw\happiness\reg_img111 (14).jpg,happiness
C:\Users\mainh\OneDrive\Attachments\Máy tính\facial-emotion-viz\data\raw\repression\reg_img138 (10).jpg,repression
C:\Users\mainh\OneDrive\Attachments\Máy tính\facial-emotion-viz\data\raw\happiness\reg_img60 (15).jpg,happiness
C:\Users\mainh\OneDrive\Attachments\Máy tính\facial-emotion-viz\data\raw\repression\reg_img110 (2).jpg,repression
C:\Users\mainh\OneDrive\Attachments\Máy tính\facial-emotion-viz\data\raw\happiness\reg_img79 (12).jpg,happiness
C:\Users\mainh\OneDrive\Attachments\Máy tính\facial-emotion-viz\data\raw\happiness\reg_img87 (2).jpg,happiness
C:\Users\mainh\OneDrive\Attachments\Máy tính\facial-emotion-viz\data\raw\repression\reg_img61 (9).jpg,repression
C:\Users\mainh\OneDrive\Attachments\Máy tính\facial-emotion-viz\data\raw\disgust\reg_img41 (21).jpg,disgust
C:\Users\mainh\OneDrive\Attachments\Máy tính\facial-emotion-viz\data\raw\disgust\reg_img36 (20).jpg,disgust
C:\Users\mainh\OneDrive\Attachments\Máy tính\facial-emotion-viz\data\raw\disgust\reg_img72 (3).jpg,disgust
C:\Users\mainh\OneDrive\Attachments\Máy tính\facial-emotion-viz\data\raw\disgust\reg_img51.jpg,disgust
C:\Users\mainh\OneDrive\Attachments\Máy tính\facial-emotion-viz\data\raw\surprise\reg_img108 (5).jpg,surprise
C:\Users\mainh\OneDrive\Attachments\Máy tính\facial-emotion-viz\data\raw\repression\reg_img131 (6).jpg,repression
C:\Users\mainh\OneDrive\Attachments\Máy tính\facial-emotion-viz\data\raw\happiness\reg_img142 (7).jpg,happiness
C:\Users\mainh\OneDrive\Attachments\Máy tính\facial-emotion-viz\data\raw\disgust\reg_img99 (20).jpg,disgust
C:\Users\mainh\OneDrive\Attachments\Máy tính\facial-emotion-viz\data\raw\repression\reg_img49 (9).jpg,repression
C:\Users\mainh\OneDrive\Attachments\Máy tính\facial-emotion-viz\data\raw\disgust\reg_img31 (8).jpg,disgust
C:\Users\mainh\OneDrive\Attachments\Máy tính\facial-emotion-viz\data\raw\disgust\reg_img76 (9).jpg,disgust
C:\Users\mainh\OneDrive\Attachments\Máy tính\facial-emotion-viz\data\raw\happiness\reg_img210.jpg,happiness
C:\Users\mainh\OneDrive\Attachments\Máy tính\facial-emotion-viz\data\raw\fear\reg_img131.jpg,fear
C:\Users\mainh\OneDrive\Attachments\Máy tính\facial-emotion-viz\data\raw\disgust\reg_img46 (24).jpg,disgust
C:\Users\mainh\OneDrive\Attachments\Máy tính\facial-emotion-viz\data\raw\surprise\reg_img68 (3).jpg,surprise
C:\Users\mainh\OneDrive\Attachments\Máy tính\facial-emotion-viz\data\raw\disgust\reg_img69 (9).jpg,disgust
C:\Users\mainh\OneDrive\Attachments\Máy tính\facial-emotion-viz\data\raw\sadness\reg_img33.jpg,sadness
C:\Users\mainh\OneDrive\Attachments\Máy tính\facial-emotion-viz\data\raw\happiness\reg_img213 (2).jpg,happiness
C:\Users\mainh\OneDrive\Attachments\Máy tính\facial-emotion-viz\data\raw\surprise\reg_img29 (2).jpg,surprise
C:\Users\mainh\OneDrive\Attachments\Máy tính\facial-emotion-viz\data\raw\surprise\reg_img64.jpg,surprise
C:\Users\mainh\OneDrive\Attachments\Máy tính\facial-emotion-viz\data\raw\happiness\reg_img103 (10).jpg,happiness
C:\Users\mainh\OneDrive\Attachments\Máy tính\facial-emotion-viz\data\raw\disgust\reg_img102 (31).jpg,disgust
C:\Users\mainh\OneDrive\Attachments\Máy tính\facial-emotion-viz\data\raw\disgust\reg_img101 (23).jpg,disgust
C:\Users\mainh\OneDrive\Attachments\Máy tính\facial-emotion-viz\data\raw\disgust\reg_img125 (19).jpg,disgust
C:\Users\mainh\OneDrive\Attachments\Máy tính\facial-emotion-viz\data\raw\disgust\reg_img59 (16).jpg,disgust
C:\Users\mainh\OneDrive\Attachments\Máy tính\facial-emotion-viz\data\raw\disgust\reg_img79 (3).jpg,disgust
C:\Users\mainh\OneDrive\Attachments\Máy tính\facial-emotion-viz\data\raw\disgust\reg_img38 (20).jpg,disgust
C:\Users\mainh\OneDrive\Attachments\Máy tính\facial-emotion-viz\data\raw\happiness\reg_img84 (7).jpg,happiness
C:\Users\mainh\OneDrive\Attachments\Máy tính\facial-emotion-viz\data\raw\fear\reg_img72.jpg,fear
C:\Users\mainh\OneDrive\Attachments\Máy tính\facial-emotion-viz\data\raw\disgust\reg_img186 (3).jpg,disgust
C:\Users\mainh\OneDrive\Attachments\Máy tính\facial-emotion-viz\data\raw\disgust\reg_img137 (3).jpg,disgust
C:\Users\mainh\OneDrive\Attachments\Máy tính\facial-emotion-viz\data\raw\disgust\reg_img77 (32).jpg,disgust
C:\Users\mainh\OneDrive\Attachments\Máy tính\facial-emotion-viz\data\raw\happiness\reg_img34 (3).jpg,happiness
C:\Users\mainh\OneDrive\Attachments\Máy tính\facial-emotion-viz\data\raw\surprise\reg_img20.jpg,surprise
C:\Users\mainh\OneDrive\Attachments\Máy tính\facial-emotion-viz\data\raw\disgust\reg_img61 (23).jpg,disgust
C:\Users\mainh\OneDrive\Attachments\Máy tính\facial-emotion-viz\data\raw\happiness\reg_img89 (17).jpg,happiness
C:\Users\mainh\OneDrive\Attachments\Máy tính\facial-emotion-viz\data\raw\disgust\reg_img60 (31).jpg,disgust
C:\Users\mainh\OneDrive\Attachments\Máy tính\facial-emotion-viz\data\raw\surprise\reg_img99 (9).jpg,surprise
C:\Users\mainh\OneDrive\Attachments\Máy tính\facial-emotion-viz\data\raw\surprise\reg_img74 (10).jpg,surprise
C:\Users\mainh\OneDrive\Attachments\Máy tính\facial-emotion-viz\data\raw\happiness\reg_img27 (6).jpg,happiness
C:\Users\mainh\OneDrive\Attachments\Máy tính\facial-emotion-viz\data\raw\surprise\reg_img57 (14).jpg,surprise
C:\Users\mainh\OneDrive\Attachments\Máy tính\facial-emotion-viz\data\raw\surprise\reg_img52 (4).jpg,surprise
C:\Users\mainh\OneDrive\Attachments\Máy tính\facial-emotion-viz\data\raw\disgust\reg_img127 (9).jpg,disgust
C:\Users\mainh\OneDrive\Attachments\Máy tính\facial-emotion-viz\data\raw\happiness\reg_img67 (5).jpg,happiness
C:\Users\mainh\OneDrive\Attachments\Máy tính\facial-emotion-viz\data\raw\disgust\reg_img109 (5).jpg,disgust
C:\Users\mainh\OneDrive\Attachments\Máy tính\facial-emotion-viz\data\raw\happiness\reg_img209 (2).jpg,happiness
C:\Users\mainh\OneDrive\Attachments\Máy tính\facial-emotion-viz\data\raw\disgust\reg_img384.jpg,disgust
C:\Users\mainh\OneDrive\Attachments\Máy tính\facial-emotion-viz\data\raw\disgust\reg_img138 (6).jpg,disgust
C:\Users\mainh\OneDrive\Attachments\Máy tính\facial-emotion-viz\data\raw\happiness\reg_img126 (2).jpg,happiness
C:\Users\mainh\OneDrive\Attachments\Máy tính\facial-emotion-viz\data\raw\happiness\reg_img166.jpg,happiness
C:\Users\mainh\OneDrive\Attachments\Máy tính\facial-emotion-viz\data\raw\happiness\reg_img110 (15).jpg,happiness
C:\Users\mainh\OneDrive\Attachments\Máy tính\facial-emotion-viz\data\raw\surprise\reg_img32.jpg,surprise
C:\Users\mainh\OneDrive\Attachments\Máy tính\facial-emotion-viz\data\raw\happiness\reg_img101 (4).jpg,happiness
C:\Users\mainh\OneDrive\Attachments\Máy tính\facial-emotion-viz\data\raw\happiness\reg_img78 (18).jpg,happiness
C:\Users\mainh\OneDrive\Attachments\Máy tính\facial-emotion-viz\data\raw\disgust\reg_img65 (20).jpg,disgust
C:\Users\mainh\OneDrive\Attachments\Máy tính\facial-emotion-viz\data\raw\disgust\reg_img21 (9).jpg,disgust
C:\Users\mainh\OneDrive\Attachments\Máy tính\facial-emotion-viz\data\raw\happiness\reg_img66 (13).jpg,happiness
C:\Users\mainh\OneDrive\Attachments\Máy tính\facial-emotion-viz\data\raw\disgust\reg_img39.jpg,disgust
C:\Users\mainh\OneDrive\Attachments\Máy tính\facial-emotion-viz\data\raw\surprise\reg_img139 (6).jpg,surprise
C:\Users\mainh\OneDrive\Attachments\Máy tính\facial-emotion-viz\data\raw\repression\reg_img79 (8).jpg,repression
C:\Users\mainh\OneDrive\Attachments\Máy tính\facial-emotion-viz\data\raw\happiness\reg_img30 (7).jpg,happiness
C:\Users\mainh\OneDrive\Attachments\Máy tính\facial-emotion-viz\data\raw\disgust\reg_img62 (29).jpg,disgust
C:\Users\mainh\OneDrive\Attachments\Máy tính\facial-emotion-viz\data\raw\happiness\reg_img26 (4).jpg,happiness
C:\Users\mainh\OneDrive\Attachments\Máy tính\facial-emotion-viz\data\raw\repression\reg_img73 (10).jpg,repression
C:\Users\mainh\OneDrive\Attachments\Máy tính\facial-emotion-viz\data\raw\repression\reg_img140 (8).jpg,repression
C:\Users\mainh\OneDrive\Attachments\Máy tính\facial-emotion-viz\data\raw\disgust\reg_img24 (14).jpg,disgust
C:\Users\mainh\OneDrive\Attachments\Máy tính\facial-emotion-viz\data\raw\disgust\reg_img70 (26).jpg,disgust
C:\Users\mainh\OneDrive\Attachments\Máy tính\facial-emotion-viz\data\raw\surprise\reg_img58 (6).jpg,surprise
C:\Users\mainh\OneDrive\Attachments\Máy tính\facial-emotion-viz\data\raw\disgust\reg_img171 (2).jpg,disgust
C:\Users\mainh\OneDrive\Attachments\Máy tính\facial-emotion-viz\data\raw\disgust\reg_img61 (29).jpg,disgust
C:\Users\mainh\OneDrive\Attachments\Máy tính\facial-emotion-viz\data\raw\repression\reg_img156 (6).jpg,repression
C:\Users\mainh\OneDrive\Attachments\Máy tính\facial-emotion-viz\data\raw\surprise\reg_img151 (3).jpg,surprise
C:\Users\mainh\OneDrive\Attachments\Máy tính\facial-emotion-viz\data\raw\happiness\reg_img29 (8).jpg,happiness
C:\Users\mainh\OneDrive\Attachments\Máy tính\facial-emotion-viz\data\raw\happiness\reg_img76 (13).jpg,happiness
C:\Users\mainh\OneDrive\Attachments\Máy tính\facial-emotion-viz\data\raw\sadness\reg_img345 (2).jpg,sadness
C:\Users\mainh\OneDrive\Attachments\Máy tính\facial-emotion-viz\data\raw\disgust\reg_img91 (29).jpg,disgust
C:\Users\mainh\OneDrive\Attachments\Máy tính\facial-emotion-viz\data\raw\surprise\reg_img71 (13).jpg,surprise
C:\Users\mainh\OneDrive\Attachments\Máy tính\facial-emotion-viz\data\raw\surprise\reg_img118 (3).jpg,surprise
C:\Users\mainh\OneDrive\Attachments\Máy tính\facial-emotion-viz\data\raw\repression\reg_img18.jpg,repression
C:\Users\mainh\OneDrive\Attachments\Máy tính\facial-emotion-viz\data\raw\disgust\reg_img29 (4).jpg,disgust
C:\Users\mainh\OneDrive\Attachments\Máy tính\facial-emotion-viz\data\raw\repression\reg_img137 (5).jpg,repression
C:\Users\mainh\OneDrive\Attachments\Máy tính\facial-emotion-viz\data\raw\surprise\reg_img51 (12).jpg,surprise
C:\Users\mainh\OneDrive\Attachments\Máy tính\facial-emotion-viz\data\raw\surprise\reg_img82 (13).jpg,surprise
C:\Users\mainh\OneDrive\Attachments\Máy tính\facial-emotion-viz\data\raw\disgust\reg_img58 (6).jpg,disgust
C:\Users\mainh\OneDrive\Attachments\Máy tính\facial-emotion-viz\data\raw\disgust\reg_img64 (24).jpg,disgust
C:\Users\mainh\OneDrive\Attachments\Máy tính\facial-emotion-viz\data\raw\happiness\reg_img125 (12).jpg,happiness
C:\Users\mainh\OneDrive\Attachments\Máy tính\facial-emotion-viz\data\raw\disgust\reg_img13 (4).jpg,disgust
C:\Users\mainh\OneDrive\Attachments\Máy tính\facial-emotion-viz\data\raw\repression\reg_img111 (6).jpg,repression
C:\Users\mainh\OneDrive\Attachments\Máy tính\facial-emotion-viz\data\raw\disgust\reg_img65 (24).jpg,disgust
C:\Users\mainh\OneDrive\Attachments\Máy tính\facial-emotion-viz\data\raw\disgust\reg_img117 (4).jpg,disgust
C:\Users\mainh\OneDrive\Attachments\Máy tính\facial-emotion-viz\data\raw\disgust\reg_img99 (18).jpg,disgust
C:\Users\mainh\OneDrive\Attachments\Máy tính\facial-emotion-viz\data\raw\repression\reg_img38 (10).jpg,repression
C:\Users\mainh\OneDrive\Attachments\Máy tính\facial-emotion-viz\data\raw\sadness\reg_img82 (2).jpg,sadness
C:\Users\mainh\OneDrive\Attachments\Máy tính\facial-emotion-viz\data\raw\disgust\reg_img190.jpg,disgust
C:\Users\mainh\OneDrive\Attachments\Máy tính\facial-emotion-viz\data\raw\repression\reg_img213.jpg,repression
C:\Users\mainh\OneDrive\Attachments\Máy tính\facial-emotion-viz\data\raw\repression\reg_img16 (3).jpg,repression
C:\Users\mainh\OneDrive\Attachments\Máy tính\facial-emotion-viz\data\raw\happiness\reg_img152 (3).jpg,happiness
C:\Users\mainh\OneDrive\Attachments\Máy tính\facial-emotion-viz\data\raw\disgust\reg_img22 (3).jpg,disgust
C:\Users\mainh\OneDrive\Attachments\Máy tính\facial-emotion-viz\data\raw\surprise\reg_img94 (9).jpg,surprise
C:\Users\mainh\OneDrive\Attachments\Máy tính\facial-emotion-viz\data\raw\disgust\reg_img36 (9).jpg,disgust
C:\Users\mainh\OneDrive\Attachments\Máy tính\facial-emotion-viz\data\raw\disgust\reg_img97 (28).jpg,disgust
C:\Users\mainh\OneDrive\Attachments\Máy tính\facial-emotion-viz\data\raw\surprise\reg_img107 (5).jpg,surprise
C:\Users\mainh\OneDrive\Attachments\Máy tính\facial-emotion-viz\data\raw\surprise\reg_img144 (4).jpg,surprise
C:\Users\mainh\OneDrive\Attachments\Máy tính\facial-emotion-viz\data\raw\disgust\reg_img113 (26).jpg,disgust
C:\Users\mainh\OneDrive\Attachments\Máy tính\facial-emotion-viz\data\raw\happiness\reg_img186.jpg,happiness
C:\Users\mainh\OneDrive\Attachments\Máy tính\facial-emotion-viz\data\raw\disgust\reg_img146 (9).jpg,disgust
C:\Users\mainh\OneDrive\Attachments\Máy tính\facial-emotion-viz\data\raw\happiness\reg_img95 (20).jpg,happiness
C:\Users\mainh\OneDrive\Attachments\Máy tính\facial-emotion-viz\data\raw\happiness\reg_img31 (11).jpg,happiness
C:\Users\mainh\OneDrive\Attachments\Máy tính\facial-emotion-viz\data\raw\sadness\reg_img40.jpg,sadness
C:\Users\mainh\OneDrive\Attachments\Máy tính\facial-emotion-viz\data\raw\happiness\reg_img157 (3).jpg,happiness
C:\Users\mainh\OneDrive\Attachments\Máy tính\facial-emotion-viz\data\raw\disgust\reg_img104 (36).jpg,disgust
C:\Users\mainh\OneDrive\Attachments\Máy tính\facial-emotion-viz\data\raw\disgust\reg_img413.jpg,disgust
C:\Users\mainh\OneDrive\Attachments\Máy tính\facial-emotion-viz\data\raw\surprise\reg_img73 (8).jpg,surprise
C:\Users\mainh\OneDrive\Attachments\Máy tính\facial-emotion-viz\data\raw\happiness\reg_img121 (14).jpg,happiness
C:\Users\mainh\OneDrive\Attachments\Máy tính\facial-emotion-viz\data\raw\surprise\reg_img63 (5).jpg,surprise
C:\Users\mainh\OneDrive\Attachments\Máy tính\facial-emotion-viz\data\raw\sadness\reg_img73 (2).jpg,sadness
C:\Users\mainh\OneDrive\Attachments\Máy tính\facial-emotion-viz\data\raw\repression\reg_img55 (11).jpg,repression
C:\Users\mainh\OneDrive\Attachments\Máy tính\facial-emotion-viz\data\raw\disgust\reg_img100 (32).jpg,disgust
C:\Users\mainh\OneDrive\Attachments\Máy tính\facial-emotion-viz\data\raw\surprise\reg_img95 (8).jpg,surprise
C:\Users\mainh\OneDrive\Attachments\Máy tính\facial-emotion-viz\data\raw\repression\reg_img66 (12).jpg,repression
C:\Users\mainh\OneDrive\Attachments\Máy tính\facial-emotion-viz\data\raw\disgust\reg_img67 (16).jpg,disgust
C:\Users\mainh\OneDrive\Attachments\Máy tính\facial-emotion-viz\data\raw\surprise\reg_img45 (6).jpg,surprise
C:\Users\mainh\OneDrive\Attachments\Máy tính\facial-emotion-viz\data\raw\disgust\reg_img59 (14).jpg,disgust
C:\Users\mainh\OneDrive\Attachments\Máy tính\facial-emotion-viz\data\raw\disgust\reg_img66 (30).jpg,disgust
C:\Users\mainh\OneDrive\Attachments\Máy tính\facial-emotion-viz\data\raw\happiness\reg_img100 (20).jpg,happiness
C:\Users\mainh\OneDrive\Attachments\Máy tính\facial-emotion-viz\data\raw\disgust\reg_img35 (20).jpg,disgust
C:\Users\mainh\OneDrive\Attachments\Máy tính\facial-emotion-viz\data\raw\repression\reg_img133 (7).jpg,repression
C:\Users\mainh\OneDrive\Attachments\Máy tính\facial-emotion-viz\data\raw\disgust\reg_img56 (12).jpg,disgust
C:\Users\mainh\OneDrive\Attachments\Máy tính\facial-emotion-viz\data\raw\disgust\reg_img80 (34).jpg,disgust
C:\Users\mainh\OneDrive\Attachments\Máy tính\facial-emotion-viz\data\raw\disgust\reg_img67 (15).jpg,disgust
C:\Users\mainh\OneDrive\Attachments\Máy tính\facial-emotion-viz\data\raw\disgust\reg_img34 (17).jpg,disgust
C:\Users\mainh\OneDrive\Attachments\Máy tính\facial-emotion-viz\data\raw\happiness\reg_img62 (17).jpg,happiness
C:\Users\mainh\OneDrive\Attachments\Máy tính\facial-emotion-viz\data\raw\happiness\reg_img52 (12).jpg,happiness
C:\Users\mainh\OneDrive\Attachments\Máy tính\facial-emotion-viz\data\raw\disgust\reg_img111 (31).jpg,disgust
C:\Users\mainh\OneDrive\Attachments\Máy tính\facial-emotion-viz\data\raw\disgust\reg_img99 (34).jpg,disgust
C:\Users\mainh\OneDrive\Attachments\Máy tính\facial-emotion-viz\data\raw\repression\reg_img84 (7).jpg,repression
C:\Users\mainh\OneDrive\Attachments\Máy tính\facial-emotion-viz\data\raw\disgust\reg_img56 (2).jpg,disgust
C:\Users\mainh\OneDrive\Attachments\Máy tính\facial-emotion-viz\data\raw\repression\reg_img172 (8).jpg,repression
C:\Users\mainh\OneDrive\Attachments\Máy tính\facial-emotion-viz\data\raw\disgust\reg_img15 (4).jpg,disgust
C:\Users\mainh\OneDrive\Attachments\Máy tính\facial-emotion-viz\data\raw\disgust\reg_img90 (13).jpg,disgust
C:\Users\mainh\OneDrive\Attachments\Máy tính\facial-emotion-viz\data\raw\repression\reg_img143 (5).jpg,repression
C:\Users\mainh\OneDrive\Attachments\Máy tính\facial-emotion-viz\data\raw\disgust\reg_img428.jpg,disgust
C:\Users\mainh\OneDrive\Attachments\Máy tính\facial-emotion-viz\data\raw\happiness\reg_img113 (4).jpg,happiness
C:\Users\mainh\OneDrive\Attachments\Máy tính\facial-emotion-viz\data\raw\disgust\reg_img121 (16).jpg,disgust
C:\Users\mainh\OneDrive\Attachments\Máy tính\facial-emotion-viz\data\raw\disgust\reg_img269.jpg,disgust
C:\Users\mainh\OneDrive\Attachments\Máy tính\facial-emotion-viz\data\raw\disgust\reg_img46 (15).jpg,disgust
C:\Users\mainh\OneDrive\Attachments\Máy tính\facial-emotion-viz\data\raw\disgust\reg_img62 (2).jpg,disgust
C:\Users\mainh\OneDrive\Attachments\Máy tính\facial-emotion-viz\data\raw\surprise\reg_img60 (4).jpg,surprise
C:\Users\mainh\OneDrive\Attachments\Máy tính\facial-emotion-viz\data\raw\happiness\reg_img114 (9).jpg,happiness
C:\Users\mainh\OneDrive\Attachments\Máy tính\facial-emotion-viz\data\raw\disgust\reg_img43 (14).jpg,disgust
C:\Users\mainh\OneDrive\Attachments\Máy tính\facial-emotion-viz\data\raw\repression\reg_img104 (8).jpg,repression
C:\Users\mainh\OneDrive\Attachments\Máy tính\facial-emotion-viz\data\raw\happiness\reg_img52 (17).jpg,happiness
C:\Users\mainh\OneDrive\Attachments\Máy tính\facial-emotion-viz\data\raw\repression\reg_img113 (2).jpg,repression
C:\Users\mainh\OneDrive\Attachments\Máy tính\facial-emotion-viz\data\raw\disgust\reg_img73 (21).jpg,disgust
C:\Users\mainh\OneDrive\Attachments\Máy tính\facial-emotion-viz\data\raw\disgust\reg_img118 (25).jpg,disgust
C:\Users\mainh\OneDrive\Attachments\Máy tính\facial-emotion-viz\data\raw\repression\reg_img103 (5).jpg,repression
C:\Users\mainh\OneDrive\Attachments\Máy tính\facial-emotion-viz\data\raw\surprise\reg_img106 (2).jpg,surprise
C:\Users\mainh\OneDrive\Attachments\Máy tính\facial-emotion-viz\data\raw\disgust\reg_img88 (9).jpg,disgust
C:\Users\mainh\OneDrive\Attachments\Máy tính\facial-emotion-viz\data\raw\disgust\reg_img19.jpg,disgust
C:\Users\mainh\OneDrive\Attachments\Máy tính\facial-emotion-viz\data\raw\repression\reg_img155 (6).jpg,repression
C:\Users\mainh\OneDrive\Attachments\Máy tính\facial-emotion-viz\data\raw\happiness\reg_img77 (2).jpg,happiness
C:\Users\mainh\OneDrive\Attachments\Máy tính\facial-emotion-viz\data\raw\happiness\reg_img130 (9).jpg,happiness
C:\Users\mainh\OneDrive\Attachments\Máy tính\facial-emotion-viz\data\raw\repression\reg_img129 (11).jpg,repression
C:\Users\mainh\OneDrive\Attachments\Máy tính\facial-emotion-viz\data\raw\disgust\reg_img44 (10).jpg,disgust
C:\Users\mainh\OneDrive\Attachments\Máy tính\facial-emotion-viz\data\raw\disgust\reg_img104 (35).jpg,disgust
C:\Users\mainh\OneDrive\Attachments\Máy tính\facial-emotion-viz\data\raw\surprise\reg_img121 (5).jpg,surprise
C:\Users\mainh\OneDrive\Attachments\Máy tính\facial-emotion-viz\data\raw\disgust\reg_img82 (31).jpg,disgust
C:\Users\mainh\OneDrive\Attachments\Máy tính\facial-emotion-viz\data\raw\disgust\reg_img48 (26).jpg,disgust
C:\Users\mainh\OneDrive\Attachments\Máy tính\facial-emotion-viz\data\raw\disgust\reg_img44 (12).jpg,disgust
C:\Users\mainh\OneDrive\Attachments\Máy tính\facial-emotion-viz\data\raw\happiness\reg_img97 (4).jpg,happiness
C:\Users\mainh\OneDrive\Attachments\Máy tính\facial-emotion-viz\data\raw\sadness\reg_img57 (2).jpg,sadness
C:\Users\mainh\OneDrive\Attachments\Máy tính\facial-emotion-viz\data\raw\happiness\reg_img42 (4).jpg,happiness
C:\Users\mainh\OneDrive\Attachments\Máy tính\facial-emotion-viz\data\raw\disgust\reg_img91 (8).jpg,disgust
C:\Users\mainh\OneDrive\Attachments\Máy tính\facial-emotion-viz\data\raw\disgust\reg_img271.jpg,disgust
C:\Users\mainh\OneDrive\Attachments\Máy tính\facial-emotion-viz\data\raw\sadness\reg_img18.jpg,sadness
C:\Users\mainh\OneDrive\Attachments\Máy tính\facial-emotion-viz\data\raw\repression\reg_img82 (8).jpg,repression
C:\Users\mainh\OneDrive\Attachments\Máy tính\facial-emotion-viz\data\raw\disgust\reg_img83 (29).jpg,disgust
C:\Users\mainh\OneDrive\Attachments\Máy tính\facial-emotion-viz\data\raw\surprise\reg_img138.jpg,surprise
C:\Users\mainh\OneDrive\Attachments\Máy tính\facial-emotion-viz\data\raw\disgust\reg_img60 (26).jpg,disgust
C:\Users\mainh\OneDrive\Attachments\Máy tính\facial-emotion-viz\data\raw\disgust\reg_img97 (22).jpg,disgust
C:\Users\mainh\OneDrive\Attachments\Máy tính\facial-emotion-viz\data\raw\happiness\reg_img99 (2).jpg,happiness
C:\Users\mainh\OneDrive\Attachments\Máy tính\facial-emotion-viz\data\raw\repression\reg_img180 (6).jpg,repression
C:\Users\mainh\OneDrive\Attachments\Máy tính\facial-emotion-viz\data\raw\disgust\reg_img9 (3).jpg,disgust
C:\Users\mainh\OneDrive\Attachments\Máy tính\facial-emotion-viz\data\raw\surprise\reg_img121 (7).jpg,surprise
C:\Users\mainh\OneDrive\Attachments\Máy tính\facial-emotion-viz\data\raw\repression\reg_img25.jpg,repression
C:\Users\mainh\OneDrive\Attachments\Máy tính\facial-emotion-viz\data\raw\repression\reg_img114 (12).jpg,repression
C:\Users\mainh\OneDrive\Attachments\Máy tính\facial-emotion-viz\data\raw\happiness\reg_img47 (2).jpg,happiness
C:\Users\mainh\OneDrive\Attachments\Máy tính\facial-emotion-viz\data\raw\disgust\reg_img76 (14).jpg,disgust
C:\Users\mainh\OneDrive\Attachments\Máy tính\facial-emotion-viz\data\raw\surprise\reg_img78 (3).jpg,surprise
C:\Users\mainh\OneDrive\Attachments\Máy tính\facial-emotion-viz\data\raw\disgust\reg_img117 (14).jpg,disgust
C:\Users\mainh\OneDrive\Attachments\Máy tính\facial-emotion-viz\data\raw\disgust\reg_img139 (11).jpg,disgust
C:\Users\mainh\OneDrive\Attachments\Máy tính\facial-emotion-viz\data\raw\sadness\reg_img59.jpg,sadness
C:\Users\mainh\OneDrive\Attachments\Máy tính\facial-emotion-viz\data\raw\disgust\reg_img104 (34).jpg,disgust
C:\Users\mainh\OneDrive\Attachments\Máy tính\facial-emotion-viz\data\raw\happiness\reg_img134 (4).jpg,happiness
C:\Users\mainh\OneDrive\Attachments\Máy tính\facial-emotion-viz\data\raw\disgust\reg_img107 (18).jpg,disgust
C:\Users\mainh\OneDrive\Attachments\Máy tính\facial-emotion-viz\data\raw\happiness\reg_img116 (2).jpg,happiness
C:\Users\mainh\OneDrive\Attachments\Máy tính\facial-emotion-viz\data\raw\disgust\reg_img171 (3).jpg,disgust
C:\Users\mainh\OneDrive\Attachments\Máy tính\facial-emotion-viz\data\raw\disgust\reg_img123 (13).jpg,disgust
C:\Users\mainh\OneDrive\Attachments\Máy tính\facial-emotion-viz\data\raw\happiness\reg_img53 (15).jpg,happiness
C:\Users\mainh\OneDrive\Attachments\Máy tính\facial-emotion-viz\data\raw\repression\reg_img117 (10).jpg,repression
C:\Users\mainh\OneDrive\Attachments\Máy tính\facial-emotion-viz\data\raw\repression\reg_img113 (15).jpg,repression
C:\Users\mainh\OneDrive\Attachments\Máy tính\facial-emotion-viz\data\raw\repression\reg_img43 (10).jpg,repression
C:\Users\mainh\OneDrive\Attachments\Máy tính\facial-emotion-viz\data\raw\disgust\reg_img407.jpg,disgust
C:\Users\mainh\OneDrive\Attachments\Máy tính\facial-emotion-viz\data\raw\disgust\reg_img61 (14).jpg,disgust
C:\Users\mainh\OneDrive\Attachments\Máy tính\facial-emotion-viz\data\raw\disgust\reg_img120 (11).jpg,disgust
C:\Users\mainh\OneDrive\Attachments\Máy tính\facial-emotion-viz\data\raw\disgust\reg_img53 (24).jpg,disgust
C:\Users\mainh\OneDrive\Attachments\Máy tính\facial-emotion-viz\data\raw\repression\reg_img115 (13).jpg,repression
C:\Users\mainh\OneDrive\Attachments\Máy tính\facial-emotion-viz\data\raw\repression\reg_img160 (2).jpg,repression
C:\Users\mainh\OneDrive\Attachments\Máy tính\facial-emotion-viz\data\raw\happiness\reg_img68 (16).jpg,happiness
C:\Users\mainh\OneDrive\Attachments\Máy tính\facial-emotion-viz\data\raw\repression\reg_img130 (3).jpg,repression
C:\Users\mainh\OneDrive\Attachments\Máy tính\facial-emotion-viz\data\raw\disgust\reg_img127 (11).jpg,disgust
C:\Users\mainh\OneDrive\Attachments\Máy tính\facial-emotion-viz\data\raw\surprise\reg_img27.jpg,surprise
C:\Users\mainh\OneDrive\Attachments\Máy tính\facial-emotion-viz\data\raw\disgust\reg_img141 (13).jpg,disgust
C:\Users\mainh\OneDrive\Attachments\Máy tính\facial-emotion-viz\data\raw\repression\reg_img124 (9).jpg,repression
C:\Users\mainh\OneDrive\Attachments\Máy tính\facial-emotion-viz\data\raw\repression\reg_img118 (6).jpg,repression
C:\Users\mainh\OneDrive\Attachments\Máy tính\facial-emotion-viz\data\raw\repression\reg_img49 (11).jpg,repression
C:\Users\mainh\OneDrive\Attachments\Máy tính\facial-emotion-viz\data\raw\disgust\reg_img88 (37).jpg,disgust
C:\Users\mainh\OneDrive\Attachments\Máy tính\facial-emotion-viz\data\raw\surprise\reg_img137 (6).jpg,surprise
C:\Users\mainh\OneDrive\Attachments\Máy tính\facial-emotion-viz\data\raw\surprise\reg_img58 (7).jpg,surprise
C:\Users\mainh\OneDrive\Attachments\Máy tính\facial-emotion-viz\data\raw\disgust\reg_img78 (26).jpg,disgust
C:\Users\mainh\OneDrive\Attachments\Máy tính\facial-emotion-viz\data\raw\happiness\reg_img50 (15).jpg,happiness
C:\Users\mainh\OneDrive\Attachments\Máy tính\facial-emotion-viz\data\raw\repression\reg_img42 (2).jpg,repression
C:\Users\mainh\OneDrive\Attachments\Máy tính\facial-emotion-viz\data\raw\repression\reg_img159 (9).jpg,repression
C:\Users\mainh\OneDrive\Attachments\Máy tính\facial-emotion-viz\data\raw\surprise\reg_img64 (5).jpg,surprise
C:\Users\mainh\OneDrive\Attachments\Máy tính\facial-emotion-viz\data\raw\surprise\reg_img140 (8).jpg,surprise
C:\Users\mainh\OneDrive\Attachments\Máy tính\facial-emotion-viz\data\raw\happiness\reg_img53 (10).jpg,happiness
C:\Users\mainh\OneDrive\Attachments\Máy tính\facial-emotion-viz\data\raw\happiness\reg_img28 (6).jpg,happiness
C:\Users\mainh\OneDrive\Attachments\Máy tính\facial-emotion-viz\data\raw\repression\reg_img184.jpg,repression
C:\Users\mainh\OneDrive\Attachments\Máy tính\facial-emotion-viz\data\raw\happiness\reg_img118 (3).jpg,happiness
C:\Users\mainh\OneDrive\Attachments\Máy tính\facial-emotion-viz\data\raw\disgust\reg_img15 (3).jpg,disgust
C:\Users\mainh\OneDrive\Attachments\Máy tính\facial-emotion-viz\data\raw\disgust\reg_img111 (9).jpg,disgust
C:\Users\mainh\OneDrive\Attachments\Máy tính\facial-emotion-viz\data\raw\happiness\reg_img253.jpg,happiness
C:\Users\mainh\OneDrive\Attachments\Máy tính\facial-emotion-viz\data\raw\repression\reg_img104 (6).jpg,repression
C:\Users\mainh\OneDrive\Attachments\Máy tính\facial-emotion-viz\data\raw\repression\reg_img15 (3).jpg,repression
C:\Users\mainh\OneDrive\Attachments\Máy tính\facial-emotion-viz\data\raw\disgust\reg_img59 (9).jpg,disgust
C:\Users\mainh\OneDrive\Attachments\Máy tính\facial-emotion-viz\data\raw\surprise\reg_img99 (14).jpg,surprise
C:\Users\mainh\OneDrive\Attachments\Máy tính\facial-emotion-viz\data\raw\happiness\reg_img89 (16).jpg,happiness
C:\Users\mainh\OneDrive\Attachments\Máy tính\facial-emotion-viz\data\raw\happiness\reg_img84 (14).jpg,happiness
C:\Users\mainh\OneDrive\Attachments\Máy tính\facial-emotion-viz\data\raw\happiness\reg_img50 (3).jpg,happiness
C:\Users\mainh\OneDrive\Attachments\Máy tính\facial-emotion-viz\data\raw\disgust\reg_img63 (17).jpg,disgust
C:\Users\mainh\OneDrive\Attachments\Máy tính\facial-emotion-viz\data\raw\happiness\reg_img81 (16).jpg,happiness
C:\Users\mainh\OneDrive\Attachments\Máy tính\facial-emotion-viz\data\raw\repression\reg_img170 (7).jpg,repression
C:\Users\mainh\OneDrive\Attachments\Máy tính\facial-emotion-viz\data\raw\happiness\reg_img91 (16).jpg,happiness
C:\Users\mainh\OneDrive\Attachments\Máy tính\facial-emotion-viz\data\raw\repression\reg_img54 (2).jpg,repression
C:\Users\mainh\OneDrive\Attachments\Máy tính\facial-emotion-viz\data\raw\disgust\reg_img113 (19).jpg,disgust
C:\Users\mainh\OneDrive\Attachments\Máy tính\facial-emotion-viz\data\raw\happiness\reg_img75 (21).jpg,happiness
C:\Users\mainh\OneDrive\Attachments\Máy tính\facial-emotion-viz\data\raw\happiness\reg_img56 (10).jpg,happiness
C:\Users\mainh\OneDrive\Attachments\Máy tính\facial-emotion-viz\data\raw\surprise\reg_img83 (12).jpg,surprise
C:\Users\mainh\OneDrive\Attachments\Máy tính\facial-emotion-viz\data\raw\disgust\reg_img57 (31).jpg,disgust
C:\Users\mainh\OneDrive\Attachments\Máy tính\facial-emotion-viz\data\raw\happiness\reg_img128 (8).jpg,happiness
C:\Users\mainh\OneDrive\Attachments\Máy tính\facial-emotion-viz\data\raw\disgust\reg_img156 (11).jpg,disgust
C:\Users\mainh\OneDrive\Attachments\Máy tính\facial-emotion-viz\data\raw\disgust\reg_img366.jpg,disgust
C:\Users\mainh\OneDrive\Attachments\Máy tính\facial-emotion-viz\data\raw\surprise\reg_img62 (12).jpg,surprise
C:\Users\mainh\OneDrive\Attachments\Máy tính\facial-emotion-viz\data\raw\repression\reg_img60 (4).jpg,repression
C:\Users\mainh\OneDrive\Attachments\Máy tính\facial-emotion-viz\data\raw\happiness\reg_img76 (21).jpg,happiness
C:\Users\mainh\OneDrive\Attachments\Máy tính\facial-emotion-viz\data\raw\happiness\reg_img43 (4).jpg,happiness
C:\Users\mainh\OneDrive\Attachments\Máy tính\facial-emotion-viz\data\raw\disgust\reg_img41 (25).jpg,disgust
C:\Users\mainh\OneDrive\Attachments\Máy tính\facial-emotion-viz\data\raw\disgust\reg_img108 (18).jpg,disgust
C:\Users\mainh\OneDrive\Attachments\Máy tính\facial-emotion-viz\data\raw\fear\reg_img58.jpg,fear
C:\Users\mainh\OneDrive\Attachments\Máy tính\facial-emotion-viz\data\raw\happiness\reg_img49 (15).jpg,happiness
C:\Users\mainh\OneDrive\Attachments\Máy tính\facial-emotion-viz\data\raw\repression\reg_img121 (4).jpg,repression
C:\Users\mainh\OneDrive\Attachments\Máy tính\facial-emotion-viz\data\raw\repression\reg_img179 (8).jpg,repression
C:\Users\mainh\OneDrive\Attachments\Máy tính\facial-emotion-viz\data\raw\disgust\reg_img139 (6).jpg,disgust
C:\Users\mainh\OneDrive\Attachments\Máy tính\facial-emotion-viz\data\raw\disgust\reg_img289.jpg,disgust
C:\Users\mainh\OneDrive\Attachments\Máy tính\facial-emotion-viz\data\raw\repression\reg_img70 (17).jpg,repression
C:\Users\mainh\OneDrive\Attachments\Máy tính\facial-emotion-viz\data\raw\happiness\reg_img50.jpg,happiness
C:\Users\mainh\OneDrive\Attachments\Máy tính\facial-emotion-viz\data\raw\disgust\reg_img149 (2).jpg,disgust
C:\Users\mainh\OneDrive\Attachments\Máy tính\facial-emotion-viz\data\raw\repression\reg_img31 (5).jpg,repression
C:\Users\mainh\OneDrive\Attachments\Máy tính\facial-emotion-viz\data\raw\disgust\reg_img36 (12).jpg,disgust
C:\Users\mainh\OneDrive\Attachments\Máy tính\facial-emotion-viz\data\raw\disgust\reg_img159 (5).jpg,disgust
C:\Users\mainh\OneDrive\Attachments\Máy tính\facial-emotion-viz\data\raw\repression\reg_img97 (10).jpg,repression
C:\Users\mainh\OneDrive\Attachments\Máy tính\facial-emotion-viz\data\raw\disgust\reg_img197.jpg,disgust
C:\Users\mainh\OneDrive\Attachments\Máy tính\facial-emotion-viz\data\raw\disgust\reg_img71 (16).jpg,disgust
C:\Users\mainh\OneDrive\Attachments\Máy tính\facial-emotion-viz\data\raw\disgust\reg_img61 (18).jpg,disgust
C:\Users\mainh\OneDrive\Attachments\Máy tính\facial-emotion-viz\data\raw\sadness\reg_img333.jpg,sadness
C:\Users\mainh\OneDrive\Attachments\Máy tính\facial-emotion-viz\data\raw\surprise\reg_img168.jpg,surprise
C:\Users\mainh\OneDrive\Attachments\Máy tính\facial-emotion-viz\data\raw\surprise\reg_img142 (2).jpg,surprise
C:\Users\mainh\OneDrive\Attachments\Máy tính\facial-emotion-viz\data\raw\happiness\reg_img18 (3).jpg,happiness
C:\Users\mainh\OneDrive\Attachments\Máy tính\facial-emotion-viz\data\raw\happiness\reg_img62.jpg,happiness
C:\Users\mainh\OneDrive\Attachments\Máy tính\facial-emotion-viz\data\raw\disgust\reg_img86 (22).jpg,disgust
C:\Users\mainh\OneDrive\Attachments\Máy tính\facial-emotion-viz\data\raw\disgust\reg_img50 (15).jpg,disgust
C:\Users\mainh\OneDrive\Attachments\Máy tính\facial-emotion-viz\data\raw\disgust\reg_img76 (37).jpg,disgust
C:\Users\mainh\OneDrive\Attachments\Máy tính\facial-emotion-viz\data\raw\repression\reg_img57 (15).jpg,repression
C:\Users\mainh\OneDrive\Attachments\Máy tính\facial-emotion-viz\data\raw\repression\reg_img72 (14).jpg,repression
C:\Users\mainh\OneDrive\Attachments\Máy tính\facial-emotion-viz\data\raw\surprise\reg_img60 (9).jpg,surprise
C:\Users\mainh\OneDrive\Attachments\Máy tính\facial-emotion-viz\data\raw\repression\reg_img159 (6).jpg,repression
C:\Users\mainh\OneDrive\Attachments\Máy tính\facial-emotion-viz\data\raw\disgust\reg_img75 (9).jpg,disgust
C:\Users\mainh\OneDrive\Attachments\Máy tính\facial-emotion-viz\data\raw\sadness\reg_img86 (2).jpg,sadness
C:\Users\mainh\OneDrive\Attachments\Máy tính\facial-emotion-viz\data\raw\disgust\reg_img40 (19).jpg,disgust
C:\Users\mainh\OneDrive\Attachments\Máy tính\facial-emotion-viz\data\raw\disgust\reg_img55 (28).jpg,disgust
C:\Users\mainh\OneDrive\Attachments\Máy tính\facial-emotion-viz\data\raw\happiness\reg_img173.jpg,happiness
C:\Users\mainh\OneDrive\Attachments\Máy tính\facial-emotion-viz\data\raw\repression\reg_img92 (2).jpg,repression
C:\Users\mainh\OneDrive\Attachments\Máy tính\facial-emotion-viz\data\raw\sadness\reg_img28 (2).jpg,sadness
C:\Users\mainh\OneDrive\Attachments\Máy tính\facial-emotion-viz\data\raw\repression\reg_img140.jpg,repression
C:\Users\mainh\OneDrive\Attachments\Máy tính\facial-emotion-viz\data\raw\repression\reg_img68 (12).jpg,repression
C:\Users\mainh\OneDrive\Attachments\Máy tính\facial-emotion-viz\data\raw\disgust\reg_img101 (17).jpg,disgust
C:\Users\mainh\OneDrive\Attachments\Máy tính\facial-emotion-viz\data\raw\disgust\reg_img12 (6).jpg,disgust
C:\Users\mainh\OneDrive\Attachments\Máy tính\facial-emotion-viz\data\raw\repression\reg_img37 (8).jpg,repression
C:\Users\mainh\OneDrive\Attachments\Máy tính\facial-emotion-viz\data\raw\happiness\reg_img59 (15).jpg,happiness
C:\Users\mainh\OneDrive\Attachments\Máy tính\facial-emotion-viz\data\raw\disgust\reg_img96 (36).jpg,disgust
C:\Users\mainh\OneDrive\Attachments\Máy tính\facial-emotion-viz\data\raw\surprise\reg_img157 (2).jpg,surprise
C:\Users\mainh\OneDrive\Attachments\Máy tính\facial-emotion-viz\data\raw\repression\reg_img207.jpg,repression
C:\Users\mainh\OneDrive\Attachments\Máy tính\facial-emotion-viz\data\raw\repression\reg_img56 (12).jpg,repression
C:\Users\mainh\OneDrive\Attachments\Máy tính\facial-emotion-viz\data\raw\repression\reg_img118 (5).jpg,repression
C:\Users\mainh\OneDrive\Attachments\Máy tính\facial-emotion-viz\data\raw\happiness\reg_img237 (2).jpg,happiness
C:\Users\mainh\OneDrive\Attachments\Máy tính\facial-emotion-viz\data\raw\happiness\reg_img46 (3).jpg,happiness
C:\Users\mainh\OneDrive\Attachments\Máy tính\facial-emotion-viz\data\raw\disgust\reg_img157 (5).jpg,disgust
C:\Users\mainh\OneDrive\Attachments\Máy tính\facial-emotion-viz\data\raw\disgust\reg_img115 (27).jpg,disgust
C:\Users\mainh\OneDrive\Attachments\Máy tính\facial-emotion-viz\data\raw\happiness\reg_img131 (9).jpg,happiness
C:\Users\mainh\OneDrive\Attachments\Máy tính\facial-emotion-viz\data\raw\surprise\reg_img137.jpg,surprise
C:\Users\mainh\OneDrive\Attachments\Máy tính\facial-emotion-viz\data\raw\repression\reg_img94 (12).jpg,repression
C:\Users\mainh\OneDrive\Attachments\Máy tính\facial-emotion-viz\data\raw\disgust\reg_img97 (17).jpg,disgust
C:\Users\mainh\OneDrive\Attachments\Máy tính\facial-emotion-viz\data\raw\surprise\reg_img78 (9).jpg,surprise
C:\Users\mainh\OneDrive\Attachments\Máy tính\facial-emotion-viz\data\raw\repression\reg_img96 (4).jpg,repression
C:\Users\mainh\OneDrive\Attachments\Máy tính\facial-emotion-viz\data\raw\happiness\reg_img102 (14).jpg,happiness
C:\Users\mainh\OneDrive\Attachments\Máy tính\facial-emotion-viz\data\raw\repression\reg_img102 (11).jpg,repression
C:\Users\mainh\OneDrive\Attachments\Máy tính\facial-emotion-viz\data\raw\repression\reg_img45 (4).jpg,repression
C:\Users\mainh\OneDrive\Attachments\Máy tính\facial-emotion-viz\data\raw\disgust\reg_img47 (23).jpg,disgust
C:\Users\mainh\OneDrive\Attachments\Máy tính\facial-emotion-viz\data\raw\surprise\reg_img146 (3).jpg,surprise
C:\Users\mainh\OneDrive\Attachments\Máy tính\facial-emotion-viz\data\raw\surprise\reg_img80.jpg,surprise
C:\Users\mainh\OneDrive\Attachments\Máy tính\facial-emotion-viz\data\raw\happiness\reg_img90 (16).jpg,happiness
C:\Users\mainh\OneDrive\Attachments\Máy tính\facial-emotion-viz\data\raw\disgust\reg_img128 (21).jpg,disgust
C:\Users\mainh\OneDrive\Attachments\Máy tính\facial-emotion-viz\data\raw\disgust\reg_img105 (30).jpg,disgust
C:\Users\mainh\OneDrive\Attachments\Máy tính\facial-emotion-viz\data\raw\surprise\reg_img151 (6).jpg,surprise
C:\Users\mainh\OneDrive\Attachments\Máy tính\facial-emotion-viz\data\raw\happiness\reg_img133 (2).jpg,happiness
C:\Users\mainh\OneDrive\Attachments\Máy tính\facial-emotion-viz\data\raw\disgust\reg_img21 (7).jpg,disgust
C:\Users\mainh\OneDrive\Attachments\Máy tính\facial-emotion-viz\data\raw\disgust\reg_img298.jpg,disgust
C:\Users\mainh\OneDrive\Attachments\Máy tính\facial-emotion-viz\data\raw\surprise\reg_img71 (9).jpg,surprise
C:\Users\mainh\OneDrive\Attachments\Máy tính\facial-emotion-viz\data\raw\surprise\reg_img147 (2).jpg,surprise
C:\Users\mainh\OneDrive\Attachments\Máy tính\facial-emotion-viz\data\raw\disgust\reg_img98 (2).jpg,disgust
C:\Users\mainh\OneDrive\Attachments\Máy tính\facial-emotion-viz\data\raw\sadness\reg_img54.jpg,sadness
C:\Users\mainh\OneDrive\Attachments\Máy tính\facial-emotion-viz\data\raw\disgust\reg_img84 (25).jpg,disgust
C:\Users\mainh\OneDrive\Attachments\Máy tính\facial-emotion-viz\data\raw\happiness\reg_img127 (2).jpg,happiness
C:\Users\mainh\OneDrive\Attachments\Máy tính\facial-emotion-viz\data\raw\disgust\reg_img80 (2).jpg,disgust
C:\Users\mainh\OneDrive\Attachments\Máy tính\facial-emotion-viz\data\raw\happiness\reg_img104 (6).jpg,happiness
C:\Users\mainh\OneDrive\Attachments\Máy tính\facial-emotion-viz\data\raw\disgust\reg_img127.jpg,disgust
C:\Users\mainh\OneDrive\Attachments\Máy tính\facial-emotion-viz\data\raw\disgust\reg_img143.jpg,disgust
C:\Users\mainh\OneDrive\Attachments\Máy tính\facial-emotion-viz\data\raw\repression\reg_img126 (10).jpg,repression
C:\Users\mainh\OneDrive\Attachments\Máy tính\facial-emotion-viz\data\raw\surprise\reg_img22 (3).jpg,surprise
C:\Users\mainh\OneDrive\Attachments\Máy tính\facial-emotion-viz\data\raw\disgust\reg_img24.jpg,disgust
C:\Users\mainh\OneDrive\Attachments\Máy tính\facial-emotion-viz\data\raw\disgust\reg_img97 (18).jpg,disgust
C:\Users\mainh\OneDrive\Attachments\Máy tính\facial-emotion-viz\data\raw\disgust\reg_img63 (24).jpg,disgust
C:\Users\mainh\OneDrive\Attachments\Máy tính\facial-emotion-viz\data\raw\disgust\reg_img156 (9).jpg,disgust
C:\Users\mainh\OneDrive\Attachments\Máy tính\facial-emotion-viz\data\raw\happiness\reg_img81 (9).jpg,happiness
C:\Users\mainh\OneDrive\Attachments\Máy tính\facial-emotion-viz\data\raw\repression\reg_img204 (3).jpg,repression
C:\Users\mainh\OneDrive\Attachments\Máy tính\facial-emotion-viz\data\raw\happiness\reg_img74 (14).jpg,happiness
C:\Users\mainh\OneDrive\Attachments\Máy tính\facial-emotion-viz\data\raw\disgust\reg_img137 (13).jpg,disgust
C:\Users\mainh\OneDrive\Attachments\Máy tính\facial-emotion-viz\data\raw\repression\reg_img102 (5).jpg,repression
C:\Users\mainh\OneDrive\Attachments\Máy tính\facial-emotion-viz\data\raw\disgust\reg_img57 (6).jpg,disgust
C:\Users\mainh\OneDrive\Attachments\Máy tính\facial-emotion-viz\data\raw\surprise\reg_img75.jpg,surprise
C:\Users\mainh\OneDrive\Attachments\Máy tính\facial-emotion-viz\data\raw\disgust\reg_img134 (14).jpg,disgust
C:\Users\mainh\OneDrive\Attachments\Máy tính\facial-emotion-viz\data\raw\sadness\reg_img344.jpg,sadness
C:\Users\mainh\OneDrive\Attachments\Máy tính\facial-emotion-viz\data\raw\happiness\reg_img35 (9).jpg,happiness
C:\Users\mainh\OneDrive\Attachments\Máy tính\facial-emotion-viz\data\raw\surprise\reg_img84.jpg,surprise
C:\Users\mainh\OneDrive\Attachments\Máy tính\facial-emotion-viz\data\raw\surprise\reg_img84 (10).jpg,surprise
C:\Users\mainh\OneDrive\Attachments\Máy tính\facial-emotion-viz\data\raw\surprise\reg_img126 (6).jpg,surprise
C:\Users\mainh\OneDrive\Attachments\Máy tính\facial-emotion-viz\data\raw\surprise\reg_img47 (4).jpg,surprise
C:\Users\mainh\OneDrive\Attachments\Máy tính\facial-emotion-viz\data\raw\disgust\reg_img56 (6).jpg,disgust
C:\Users\mainh\OneDrive\Attachments\Máy tính\facial-emotion-viz\data\raw\disgust\reg_img158 (6).jpg,disgust
C:\Users\mainh\OneDrive\Attachments\Máy tính\facial-emotion-viz\data\raw\happiness\reg_img104 (13).jpg,happiness
C:\Users\mainh\OneDrive\Attachments\Máy tính\facial-emotion-viz\data\raw\disgust\reg_img103 (11).jpg,disgust
C:\Users\mainh\OneDrive\Attachments\Máy tính\facial-emotion-viz\data\raw\disgust\reg_img29 (15).jpg,disgust
C:\Users\mainh\OneDrive\Attachments\Máy tính\facial-emotion-viz\data\raw\disgust\reg_img88 (26).jpg,disgust
C:\Users\mainh\OneDrive\Attachments\Máy tính\facial-emotion-viz\data\raw\disgust\reg_img107 (7).jpg,disgust
C:\Users\mainh\OneDrive\Attachments\Máy tính\facial-emotion-viz\data\raw\surprise\reg_img72 (6).jpg,surprise
C:\Users\mainh\OneDrive\Attachments\Máy tính\facial-emotion-viz\data\raw\disgust\reg_img57 (24).jpg,disgust
C:\Users\mainh\OneDrive\Attachments\Máy tính\facial-emotion-viz\data\raw\disgust\reg_img29 (6).jpg,disgust
C:\Users\mainh\OneDrive\Attachments\Máy tính\facial-emotion-viz\data\raw\disgust\reg_img108 (17).jpg,disgust
C:\Users\mainh\OneDrive\Attachments\Máy tính\facial-emotion-viz\data\raw\surprise\reg_img62 (3).jpg,surprise
C:\Users\mainh\OneDrive\Attachments\Máy tính\facial-emotion-viz\data\raw\disgust\reg_img209.jpg,disgust
C:\Users\mainh\OneDrive\Attachments\Máy tính\facial-emotion-viz\data\raw\disgust\reg_img110 (18).jpg,disgust
C:\Users\mainh\OneDrive\Attachments\Máy tính\facial-emotion-viz\data\raw\disgust\reg_img145 (10).jpg,disgust
C:\Users\mainh\OneDrive\Attachments\Máy tính\facial-emotion-viz\data\raw\happiness\reg_img29 (3).jpg,happiness
C:\Users\mainh\OneDrive\Attachments\Máy tính\facial-emotion-viz\data\raw\disgust\reg_img151 (6).jpg,disgust
C:\Users\mainh\OneDrive\Attachments\Máy tính\facial-emotion-viz\data\raw\surprise\reg_img36 (7).jpg,surprise
C:\Users\mainh\OneDrive\Attachments\Máy tính\facial-emotion-viz\data\raw\surprise\reg_img166.jpg,surprise
C:\Users\mainh\OneDrive\Attachments\Máy tính\facial-emotion-viz\data\raw\surprise\reg_img185 (2).jpg,surprise
C:\Users\mainh\OneDrive\Attachments\Máy tính\facial-emotion-viz\data\raw\disgust\reg_img134 (8).jpg,disgust
C:\Users\mainh\OneDrive\Attachments\Máy tính\facial-emotion-viz\data\raw\disgust\reg_img118 (8).jpg,disgust
C:\Users\mainh\OneDrive\Attachments\Máy tính\facial-emotion-viz\data\raw\happiness\reg_img61 (11).jpg,happiness
C:\Users\mainh\OneDrive\Attachments\Máy tính\facial-emotion-viz\data\raw\disgust\reg_img78 (12).jpg,disgust
C:\Users\mainh\OneDrive\Attachments\Máy tính\facial-emotion-viz\data\raw\disgust\reg_img49 (18).jpg,disgust
C:\Users\mainh\OneDrive\Attachments\Máy tính\facial-emotion-viz\data\raw\happiness\reg_img115 (7).jpg,happiness
C:\Users\mainh\OneDrive\Attachments\Máy tính\facial-emotion-viz\data\raw\surprise\reg_img151.jpg,surprise
C:\Users\mainh\OneDrive\Attachments\Máy tính\facial-emotion-viz\data\raw\happiness\reg_img43 (5).jpg,happiness
C:\Users\mainh\OneDrive\Attachments\Máy tính\facial-emotion-viz\data\raw\repression\reg_img53 (13).jpg,repression
C:\Users\mainh\OneDrive\Attachments\Máy tính\facial-emotion-viz\data\raw\disgust\reg_img83 (15).jpg,disgust
C:\Users\mainh\OneDrive\Attachments\Máy tính\facial-emotion-viz\data\raw\repression\reg_img51 (11).jpg,repression
C:\Users\mainh\OneDrive\Attachments\Máy tính\facial-emotion-viz\data\raw\surprise\reg_img127 (4).jpg,surprise
C:\Users\mainh\OneDrive\Attachments\Máy tính\facial-emotion-viz\data\raw\surprise\reg_img79 (13).jpg,surprise
C:\Users\mainh\OneDrive\Attachments\Máy tính\facial-emotion-viz\data\raw\happiness\reg_img78 (10).jpg,happiness
C:\Users\mainh\OneDrive\Attachments\Máy tính\facial-emotion-viz\data\raw\repression\reg_img30 (8).jpg,repression
C:\Users\mainh\OneDrive\Attachments\Máy tính\facial-emotion-viz\data\raw\happiness\reg_img110 (3).jpg,happiness
C:\Users\mainh\OneDrive\Attachments\Máy tính\facial-emotion-viz\data\raw\disgust\reg_img70 (23).jpg,disgust
C:\Users\mainh\OneDrive\Attachments\Máy tính\facial-emotion-viz\data\raw\repression\reg_img67 (14).jpg,repression
C:\Users\mainh\OneDrive\Attachments\Máy tính\facial-emotion-viz\data\raw\happiness\reg_img153 (3).jpg,happiness
C:\Users\mainh\OneDrive\Attachments\Máy tính\facial-emotion-viz\data\raw\disgust\reg_img43 (19).jpg,disgust
C:\Users\mainh\OneDrive\Attachments\Máy tính\facial-emotion-viz\data\raw\happiness\reg_img51 (16).jpg,happiness
C:\Users\mainh\OneDrive\Attachments\Máy tính\facial-emotion-viz\data\raw\disgust\reg_img126 (23).jpg,disgust
C:\Users\mainh\OneDrive\Attachments\Máy tính\facial-emotion-viz\data\raw\happiness\reg_img227 (2).jpg,happiness
C:\Users\mainh\OneDrive\Attachments\Máy tính\facial-emotion-viz\data\raw\repression\reg_img130 (4).jpg,repression
C:\Users\mainh\OneDrive\Attachments\Máy tính\facial-emotion-viz\data\raw\repression\reg_img195 (4).jpg,repression
C:\Users\mainh\OneDrive\Attachments\Máy tính\facial-emotion-viz\data\raw\surprise\reg_img102 (6).jpg,surprise
C:\Users\mainh\OneDrive\Attachments\Máy tính\facial-emotion-viz\data\raw\disgust\reg_img23 (13).jpg,disgust
C:\Users\mainh\OneDrive\Attachments\Máy tính\facial-emotion-viz\data\raw\repression\reg_img105 (5).jpg,repression
C:\Users\mainh\OneDrive\Attachments\Máy tính\facial-emotion-viz\data\raw\happiness\reg_img101 (16).jpg,happiness
C:\Users\mainh\OneDrive\Attachments\Máy tính\facial-emotion-viz\data\raw\happiness\reg_img62 (3).jpg,happiness
C:\Users\mainh\OneDrive\Attachments\Máy tính\facial-emotion-viz\data\raw\disgust\reg_img421.jpg,disgust
C:\Users\mainh\OneDrive\Attachments\Máy tính\facial-emotion-viz\data\raw\disgust\reg_img75 (7).jpg,disgust
C:\Users\mainh\OneDrive\Attachments\Máy tính\facial-emotion-viz\data\raw\surprise\reg_img130 (5).jpg,surprise
C:\Users\mainh\OneDrive\Attachments\Máy tính\facial-emotion-viz\data\raw\fear\reg_img76.jpg,fear
C:\Users\mainh\OneDrive\Attachments\Máy tính\facial-emotion-viz\data\raw\surprise\reg_img124 (2).jpg,surprise
C:\Users\mainh\OneDrive\Attachments\Máy tính\facial-emotion-viz\data\raw\repression\reg_img121 (7).jpg,repression
C:\Users\mainh\OneDrive\Attachments\Máy tính\facial-emotion-viz\data\raw\disgust\reg_img63 (12).jpg,disgust
C:\Users\mainh\OneDrive\Attachments\Máy tính\facial-emotion-viz\data\raw\disgust\reg_img95 (23).jpg,disgust
C:\Users\mainh\OneDrive\Attachments\Máy tính\facial-emotion-viz\data\raw\sadness\reg_img76 (2).jpg,sadness
C:\Users\mainh\OneDrive\Attachments\Máy tính\facial-emotion-viz\data\raw\surprise\reg_img65 (15).jpg,surprise
C:\Users\mainh\OneDrive\Attachments\Máy tính\facial-emotion-viz\data\raw\repression\reg_img85 (4).jpg,repression
C:\Users\mainh\OneDrive\Attachments\Máy tính\facial-emotion-viz\data\raw\disgust\reg_img38 (6).jpg,disgust
C:\Users\mainh\OneDrive\Attachments\Máy tính\facial-emotion-viz\data\raw\disgust\reg_img74 (13).jpg,disgust
C:\Users\mainh\OneDrive\Attachments\Máy tính\facial-emotion-viz\data\raw\disgust\reg_img77 (11).jpg,disgust
C:\Users\mainh\OneDrive\Attachments\Máy tính\facial-emotion-viz\data\raw\surprise\reg_img57 (4).jpg,surprise
C:\Users\mainh\OneDrive\Attachments\Máy tính\facial-emotion-viz\data\raw\happiness\reg_img54 (10).jpg,happiness
C:\Users\mainh\OneDrive\Attachments\Máy tính\facial-emotion-viz\data\raw\happiness\reg_img180.jpg,happiness
C:\Users\mainh\OneDrive\Attachments\Máy tính\facial-emotion-viz\data\raw\repression\reg_img80 (10).jpg,repression
C:\Users\mainh\OneDrive\Attachments\Máy tính\facial-emotion-viz\data\raw\happiness\reg_img86 (6).jpg,happiness
C:\Users\mainh\OneDrive\Attachments\Máy tính\facial-emotion-viz\data\raw\happiness\reg_img49 (4).jpg,happiness
C:\Users\mainh\OneDrive\Attachments\Máy tính\facial-emotion-viz\data\raw\happiness\reg_img114 (3).jpg,happiness
C:\Users\mainh\OneDrive\Attachments\Máy tính\facial-emotion-viz\data\raw\disgust\reg_img110 (25).jpg,disgust
C:\Users\mainh\OneDrive\Attachments\Máy tính\facial-emotion-viz\data\raw\disgust\reg_img29 (2).jpg,disgust
C:\Users\mainh\OneDrive\Attachments\Máy tính\facial-emotion-viz\data\raw\disgust\reg_img148 (5).jpg,disgust
C:\Users\mainh\OneDrive\Attachments\Máy tính\facial-emotion-viz\data\raw\disgust\reg_img79 (20).jpg,disgust
C:\Users\mainh\OneDrive\Attachments\Máy tính\facial-emotion-viz\data\raw\disgust\reg_img124 (4).jpg,disgust
C:\Users\mainh\OneDrive\Attachments\Máy tính\facial-emotion-viz\data\raw\happiness\reg_img151.jpg,happiness
C:\Users\mainh\OneDrive\Attachments\Máy tính\facial-emotion-viz\data\raw\disgust\reg_img135 (16).jpg,disgust
C:\Users\mainh\OneDrive\Attachments\Máy tính\facial-emotion-viz\data\raw\disgust\reg_img96 (26).jpg,disgust
C:\Users\mainh\OneDrive\Attachments\Máy tính\facial-emotion-viz\data\raw\repression\reg_img252.jpg,repression
C:\Users\mainh\OneDrive\Attachments\Máy tính\facial-emotion-viz\data\raw\happiness\reg_img46 (6).jpg,happiness
C:\Users\mainh\OneDrive\Attachments\Máy tính\facial-emotion-viz\data\raw\surprise\reg_img152 (2).jpg,surprise
C:\Users\mainh\OneDrive\Attachments\Máy tính\facial-emotion-viz\data\raw\disgust\reg_img45 (3).jpg,disgust
C:\Users\mainh\OneDrive\Attachments\Máy tính\facial-emotion-viz\data\raw\disgust\reg_img70 (19).jpg,disgust
C:\Users\mainh\OneDrive\Attachments\Máy tính\facial-emotion-viz\data\raw\happiness\reg_img36 (10).jpg,happiness
C:\Users\mainh\OneDrive\Attachments\Máy tính\facial-emotion-viz\data\raw\repression\reg_img102 (3).jpg,repression
C:\Users\mainh\OneDrive\Attachments\Máy tính\facial-emotion-viz\data\raw\disgust\reg_img118 (11).jpg,disgust
C:\Users\mainh\OneDrive\Attachments\Máy tính\facial-emotion-viz\data\raw\repression\reg_img103.jpg,repression
C:\Users\mainh\OneDrive\Attachments\Máy tính\facial-emotion-viz\data\raw\happiness\reg_img108 (14).jpg,happiness
C:\Users\mainh\OneDrive\Attachments\Máy tính\facial-emotion-viz\data\raw\happiness\reg_img51 (13).jpg,happiness
C:\Users\mainh\OneDrive\Attachments\Máy tính\facial-emotion-viz\data\raw\repression\reg_img190.jpg,repression
C:\Users\mainh\OneDrive\Attachments\Máy tính\facial-emotion-viz\data\raw\repression\reg_img122 (6).jpg,repression
C:\Users\mainh\OneDrive\Attachments\Máy tính\facial-emotion-viz\data\raw\disgust\reg_img105 (28).jpg,disgust
C:\Users\mainh\OneDrive\Attachments\Máy tính\facial-emotion-viz\data\raw\disgust\reg_img79 (35).jpg,disgust
C:\Users\mainh\OneDrive\Attachments\Máy tính\facial-emotion-viz\data\raw\disgust\reg_img77 (21).jpg,disgust
C:\Users\mainh\OneDrive\Attachments\Máy tính\facial-emotion-viz\data\raw\disgust\reg_img34 (13).jpg,disgust
C:\Users\mainh\OneDrive\Attachments\Máy tính\facial-emotion-viz\data\raw\disgust\reg_img88 (30).jpg,disgust
C:\Users\mainh\OneDrive\Attachments\Máy tính\facial-emotion-viz\data\raw\disgust\reg_img69 (12).jpg,disgust
C:\Users\mainh\OneDrive\Attachments\Máy tính\facial-emotion-viz\data\raw\disgust\reg_img35 (19).jpg,disgust
C:\Users\mainh\OneDrive\Attachments\Máy tính\facial-emotion-viz\data\raw\disgust\reg_img70 (12).jpg,disgust
C:\Users\mainh\OneDrive\Attachments\Máy tính\facial-emotion-viz\data\raw\repression\reg_img109 (12).jpg,repression
C:\Users\mainh\OneDrive\Attachments\Máy tính\facial-emotion-viz\data\raw\disgust\reg_img68 (12).jpg,disgust
C:\Users\mainh\OneDrive\Attachments\Máy tính\facial-emotion-viz\data\raw\disgust\reg_img403.jpg,disgust
C:\Users\mainh\OneDrive\Attachments\Máy tính\facial-emotion-viz\data\raw\surprise\reg_img90 (2).jpg,surprise
C:\Users\mainh\OneDrive\Attachments\Máy tính\facial-emotion-viz\data\raw\disgust\reg_img75 (17).jpg,disgust
C:\Users\mainh\OneDrive\Attachments\Máy tính\facial-emotion-viz\data\raw\happiness\reg_img217 (3).jpg,happiness
C:\Users\mainh\OneDrive\Attachments\Máy tính\facial-emotion-viz\data\raw\surprise\reg_img69 (12).jpg,surprise
C:\Users\mainh\OneDrive\Attachments\Máy tính\facial-emotion-viz\data\raw\disgust\reg_img120 (19).jpg,disgust
C:\Users\mainh\OneDrive\Attachments\Máy tính\facial-emotion-viz\data\raw\happiness\reg_img97 (3).jpg,happiness
C:\Users\mainh\OneDrive\Attachments\Máy tính\facial-emotion-viz\data\raw\disgust\reg_img52 (30).jpg,disgust
C:\Users\mainh\OneDrive\Attachments\Máy tính\facial-emotion-viz\data\raw\surprise\reg_img22.jpg,surprise
C:\Users\mainh\OneDrive\Attachments\Máy tính\facial-emotion-viz\data\raw\disgust\reg_img107 (26).jpg,disgust
C:\Users\mainh\OneDrive\Attachments\Máy tính\facial-emotion-viz\data\raw\repression\reg_img27.jpg,repression
C:\Users\mainh\OneDrive\Attachments\Máy tính\facial-emotion-viz\data\raw\repression\reg_img57 (8).jpg,repression
C:\Users\mainh\OneDrive\Attachments\Máy tính\facial-emotion-viz\data\raw\happiness\reg_img118 (5).jpg,happiness
C:\Users\mainh\OneDrive\Attachments\Máy tính\facial-emotion-viz\data\raw\happiness\reg_img109 (2).jpg,happiness
C:\Users\mainh\OneDrive\Attachments\Máy tính\facial-emotion-viz\data\raw\disgust\reg_img40 (2).jpg,disgust
C:\Users\mainh\OneDrive\Attachments\Máy tính\facial-emotion-viz\data\raw\disgust\reg_img100 (29).jpg,disgust
C:\Users\mainh\OneDrive\Attachments\Máy tính\facial-emotion-viz\data\raw\happiness\reg_img38 (13).jpg,happiness
C:\Users\mainh\OneDrive\Attachments\Máy tính\facial-emotion-viz\data\raw\repression\reg_img219.jpg,repression
C:\Users\mainh\OneDrive\Attachments\Máy tính\facial-emotion-viz\data\raw\disgust\reg_img35 (6).jpg,disgust
C:\Users\mainh\OneDrive\Attachments\Máy tính\facial-emotion-viz\data\raw\happiness\reg_img110 (8).jpg,happiness
C:\Users\mainh\OneDrive\Attachments\Máy tính\facial-emotion-viz\data\raw\happiness\reg_img15.jpg,happiness
C:\Users\mainh\OneDrive\Attachments\Máy tính\facial-emotion-viz\data\raw\disgust\reg_img52 (10).jpg,disgust
C:\Users\mainh\OneDrive\Attachments\Máy tính\facial-emotion-viz\data\raw\disgust\reg_img62 (24).jpg,disgust
C:\Users\mainh\OneDrive\Attachments\Máy tính\facial-emotion-viz\data\raw\repression\reg_img101 (12).jpg,repression
C:\Users\mainh\OneDrive\Attachments\Máy tính\facial-emotion-viz\data\raw\repression\reg_img86 (6).jpg,repression
C:\Users\mainh\OneDrive\Attachments\Máy tính\facial-emotion-viz\data\raw\disgust\reg_img49 (22).jpg,disgust
C:\Users\mainh\OneDrive\Attachments\Máy tính\facial-emotion-viz\data\raw\disgust\reg_img102 (11).jpg,disgust
C:\Users\mainh\OneDrive\Attachments\Máy tính\facial-emotion-viz\data\raw\fear\reg_img129.jpg,fear
C:\Users\mainh\OneDrive\Attachments\Máy tính\facial-emotion-viz\data\raw\repression\reg_img52 (6).jpg,repression
C:\Users\mainh\OneDrive\Attachments\Máy tính\facial-emotion-viz\data\raw\disgust\reg_img51 (15).jpg,disgust
C:\Users\mainh\OneDrive\Attachments\Máy tính\facial-emotion-viz\data\raw\disgust\reg_img98 (14).jpg,disgust
C:\Users\mainh\OneDrive\Attachments\Máy tính\facial-emotion-viz\data\raw\repression\reg_img61 (8).jpg,repression
C:\Users\mainh\OneDrive\Attachments\Máy tính\facial-emotion-viz\data\raw\repression\reg_img226.jpg,repression
C:\Users\mainh\OneDrive\Attachments\Máy tính\facial-emotion-viz\data\raw\repression\reg_img74 (10).jpg,repression
C:\Users\mainh\OneDrive\Attachments\Máy tính\facial-emotion-viz\data\raw\surprise\reg_img148 (4).jpg,surprise
C:\Users\mainh\OneDrive\Attachments\Máy tính\facial-emotion-viz\data\raw\repression\reg_img87 (8).jpg,repression
C:\Users\mainh\OneDrive\Attachments\Máy tính\facial-emotion-viz\data\raw\repression\reg_img95 (11).jpg,repression
C:\Users\mainh\OneDrive\Attachments\Máy tính\facial-emotion-viz\data\raw\fear\reg_img118.jpg,fear
C:\Users\mainh\OneDrive\Attachments\Máy tính\facial-emotion-viz\data\raw\repression\reg_img202 (3).jpg,repression
C:\Users\mainh\OneDrive\Attachments\Máy tính\facial-emotion-viz\data\raw\repression\reg_img146.jpg,repression
C:\Users\mainh\OneDrive\Attachments\Máy tính\facial-emotion-viz\data\raw\repression\reg_img75 (8).jpg,repression
C:\Users\mainh\OneDrive\Attachments\Máy tính\facial-emotion-viz\data\raw\happiness\reg_img39 (3).jpg,happiness
C:\Users\mainh\OneDrive\Attachments\Máy tính\facial-emotion-viz\data\raw\disgust\reg_img90 (20).jpg,disgust
C:\Users\mainh\OneDrive\Attachments\Máy tính\facial-emotion-viz\data\raw\disgust\reg_img40 (16).jpg,disgust
C:\Users\mainh\OneDrive\Attachments\Máy tính\facial-emotion-viz\data\raw\repression\reg_img104 (13).jpg,repression
C:\Users\mainh\OneDrive\Attachments\Máy tính\facial-emotion-viz\data\raw\happiness\reg_img100 (11).jpg,happiness
C:\Users\mainh\OneDrive\Attachments\Máy tính\facial-emotion-viz\data\raw\happiness\reg_img120 (15).jpg,happiness
C:\Users\mainh\OneDrive\Attachments\Máy tính\facial-emotion-viz\data\raw\surprise\reg_img30 (5).jpg,surprise
C:\Users\mainh\OneDrive\Attachments\Máy tính\facial-emotion-viz\data\raw\disgust\reg_img28 (9).jpg,disgust
C:\Users\mainh\OneDrive\Attachments\Máy tính\facial-emotion-viz\data\raw\disgust\reg_img75 (8).jpg,disgust
C:\Users\mainh\OneDrive\Attachments\Máy tính\facial-emotion-viz\data\raw\disgust\reg_img122 (24).jpg,disgust
C:\Users\mainh\OneDrive\Attachments\Máy tính\facial-emotion-viz\data\raw\surprise\reg_img48 (7).jpg,surprise
C:\Users\mainh\OneDrive\Attachments\Máy tính\facial-emotion-viz\data\raw\happiness\reg_img60 (16).jpg,happiness
C:\Users\mainh\OneDrive\Attachments\Máy tính\facial-emotion-viz\data\raw\happiness\reg_img72 (14).jpg,happiness
C:\Users\mainh\OneDrive\Attachments\Máy tính\facial-emotion-viz\data\raw\happiness\reg_img70 (17).jpg,happiness
C:\Users\mainh\OneDrive\Attachments\Máy tính\facial-emotion-viz\data\raw\disgust\reg_img68 (32).jpg,disgust
C:\Users\mainh\OneDrive\Attachments\Máy tính\facial-emotion-viz\data\raw\disgust\reg_img124 (23).jpg,disgust
C:\Users\mainh\OneDrive\Attachments\Máy tính\facial-emotion-viz\data\raw\happiness\reg_img53.jpg,happiness
C:\Users\mainh\OneDrive\Attachments\Máy tính\facial-emotion-viz\data\raw\repression\reg_img99 (7).jpg,repression
C:\Users\mainh\OneDrive\Attachments\Máy tính\facial-emotion-viz\data\raw\happiness\reg_img88.jpg,happiness
C:\Users\mainh\OneDrive\Attachments\Máy tính\facial-emotion-viz\data\raw\repression\reg_img87 (5).jpg,repression
C:\Users\mainh\OneDrive\Attachments\Máy tính\facial-emotion-viz\data\raw\happiness\reg_img10.jpg,happiness
C:\Users\mainh\OneDrive\Attachments\Máy tính\facial-emotion-viz\data\raw\repression\reg_img89 (7).jpg,repression
C:\Users\mainh\OneDrive\Attachments\Máy tính\facial-emotion-viz\data\raw\surprise\reg_img93 (11).jpg,surprise
C:\Users\mainh\OneDrive\Attachments\Máy tính\facial-emotion-viz\data\raw\repression\reg_img87 (2).jpg,repression
C:\Users\mainh\OneDrive\Attachments\Máy tính\facial-emotion-viz\data\raw\repression\reg_img85 (6).jpg,repression
C:\Users\mainh\OneDrive\Attachments\Máy tính\facial-emotion-viz\data\raw\repression\reg_img20 (5).jpg,repression
C:\Users\mainh\OneDrive\Attachments\Máy tính\facial-emotion-viz\data\raw\disgust\reg_img63 (27).jpg,disgust
C:\Users\mainh\OneDrive\Attachments\Máy tính\facial-emotion-viz\data\raw\happiness\reg_img155 (6).jpg,happiness
C:\Users\mainh\OneDrive\Attachments\Máy tính\facial-emotion-viz\data\raw\disgust\reg_img174 (5).jpg,disgust
C:\Users\mainh\OneDrive\Attachments\Máy tính\facial-emotion-viz\data\raw\repression\reg_img11 (3).jpg,repression
C:\Users\mainh\OneDrive\Attachments\Máy tính\facial-emotion-viz\data\raw\happiness\reg_img32 (3).jpg,happiness
C:\Users\mainh\OneDrive\Attachments\Máy tính\facial-emotion-viz\data\raw\repression\reg_img34 (8).jpg,repression
C:\Users\mainh\OneDrive\Attachments\Máy tính\facial-emotion-viz\data\raw\disgust\reg_img120 (24).jpg,disgust
C:\Users\mainh\OneDrive\Attachments\Máy tính\facial-emotion-viz\data\raw\disgust\reg_img61 (15).jpg,disgust
C:\Users\mainh\OneDrive\Attachments\Máy tính\facial-emotion-viz\data\raw\fear\reg_img67.jpg,fear
C:\Users\mainh\OneDrive\Attachments\Máy tính\facial-emotion-viz\data\raw\happiness\reg_img73 (17).jpg,happiness
C:\Users\mainh\OneDrive\Attachments\Máy tính\facial-emotion-viz\data\raw\repression\reg_img106 (9).jpg,repression
C:\Users\mainh\OneDrive\Attachments\Máy tính\facial-emotion-viz\data\raw\disgust\reg_img135 (9).jpg,disgust
C:\Users\mainh\OneDrive\Attachments\Máy tính\facial-emotion-viz\data\raw\happiness\reg_img100 (17).jpg,happiness
C:\Users\mainh\OneDrive\Attachments\Máy tính\facial-emotion-viz\data\raw\disgust\reg_img94 (4).jpg,disgust
C:\Users\mainh\OneDrive\Attachments\Máy tính\facial-emotion-viz\data\raw\happiness\reg_img195 (3).jpg,happiness
C:\Users\mainh\OneDrive\Attachments\Máy tính\facial-emotion-viz\data\raw\repression\reg_img83 (14).jpg,repression
C:\Users\mainh\OneDrive\Attachments\Máy tính\facial-emotion-viz\data\raw\disgust\reg_img64 (10).jpg,disgust
C:\Users\mainh\OneDrive\Attachments\Máy tính\facial-emotion-viz\data\raw\disgust\reg_img44 (13).jpg,disgust
C:\Users\mainh\OneDrive\Attachments\Máy tính\facial-emotion-viz\data\raw\happiness\reg_img105 (5).jpg,happiness
C:\Users\mainh\OneDrive\Attachments\Máy tính\facial-emotion-viz\data\raw\repression\reg_img166.jpg,repression
C:\Users\mainh\OneDrive\Attachments\Máy tính\facial-emotion-viz\data\raw\surprise\reg_img136 (5).jpg,surprise
C:\Users\mainh\OneDrive\Attachments\Máy tính\facial-emotion-viz\data\raw\disgust\reg_img78 (33).jpg,disgust
C:\Users\mainh\OneDrive\Attachments\Máy tính\facial-emotion-viz\data\raw\disgust\reg_img104 (23).jpg,disgust
C:\Users\mainh\OneDrive\Attachments\Máy tính\facial-emotion-viz\data\raw\surprise\reg_img86 (5).jpg,surprise
C:\Users\mainh\OneDrive\Attachments\Máy tính\facial-emotion-viz\data\raw\happiness\reg_img235.jpg,happiness
C:\Users\mainh\OneDrive\Attachments\Máy tính\facial-emotion-viz\data\raw\surprise\reg_img74 (5).jpg,surprise
C:\Users\mainh\OneDrive\Attachments\Máy tính\facial-emotion-viz\data\raw\happiness\reg_img151 (5).jpg,happiness
C:\Users\mainh\OneDrive\Attachments\Máy tính\facial-emotion-viz\data\raw\repression\reg_img83 (11).jpg,repression
C:\Users\mainh\OneDrive\Attachments\Máy tính\facial-emotion-viz\data\raw\disgust\reg_img101 (35).jpg,disgust
C:\Users\mainh\OneDrive\Attachments\Máy tính\facial-emotion-viz\data\raw\repression\reg_img45 (3).jpg,repression
C:\Users\mainh\OneDrive\Attachments\Máy tính\facial-emotion-viz\data\raw\surprise\reg_img112 (2).jpg,surprise
C:\Users\mainh\OneDrive\Attachments\Máy tính\facial-emotion-viz\data\raw\disgust\reg_img199 (2).jpg,disgust
C:\Users\mainh\OneDrive\Attachments\Máy tính\facial-emotion-viz\data\raw\repression\reg_img65.jpg,repression
C:\Users\mainh\OneDrive\Attachments\Máy tính\facial-emotion-viz\data\raw\happiness\reg_img31.jpg,happiness
C:\Users\mainh\OneDrive\Attachments\Máy tính\facial-emotion-viz\data\raw\repression\reg_img112 (2).jpg,repression
C:\Users\mainh\OneDrive\Attachments\Máy tính\facial-emotion-viz\data\raw\surprise\reg_img38 (7).jpg,surprise
C:\Users\mainh\OneDrive\Attachments\Máy tính\facial-emotion-viz\data\raw\surprise\reg_img21 (2).jpg,surprise
C:\Users\mainh\OneDrive\Attachments\Máy tính\facial-emotion-viz\data\raw\disgust\reg_img112 (12).jpg,disgust
C:\Users\mainh\OneDrive\Attachments\Máy tính\facial-emotion-viz\data\raw\happiness\reg_img15 (2).jpg,happiness
C:\Users\mainh\OneDrive\Attachments\Máy tính\facial-emotion-viz\data\raw\happiness\reg_img39 (14).jpg,happiness
C:\Users\mainh\OneDrive\Attachments\Máy tính\facial-emotion-viz\data\raw\disgust\reg_img129 (8).jpg,disgust
C:\Users\mainh\OneDrive\Attachments\Máy tính\facial-emotion-viz\data\raw\surprise\reg_img83 (17).jpg,surprise
C:\Users\mainh\OneDrive\Attachments\Máy tính\facial-emotion-viz\data\raw\disgust\reg_img75 (13).jpg,disgust
C:\Users\mainh\OneDrive\Attachments\Máy tính\facial-emotion-viz\data\raw\happiness\reg_img88 (12).jpg,happiness
C:\Users\mainh\OneDrive\Attachments\Máy tính\facial-emotion-viz\data\raw\disgust\reg_img119 (8).jpg,disgust
C:\Users\mainh\OneDrive\Attachments\Máy tính\facial-emotion-viz\data\raw\disgust\reg_img76 (6).jpg,disgust
C:\Users\mainh\OneDrive\Attachments\Máy tính\facial-emotion-viz\data\raw\disgust\reg_img124 (12).jpg,disgust
C:\Users\mainh\OneDrive\Attachments\Máy tính\facial-emotion-viz\data\raw\disgust\reg_img75 (23).jpg,disgust
C:\Users\mainh\OneDrive\Attachments\Máy tính\facial-emotion-viz\data\raw\disgust\reg_img75 (28).jpg,disgust
C:\Users\mainh\OneDrive\Attachments\Máy tính\facial-emotion-viz\data\raw\repression\reg_img71 (16).jpg,repression
C:\Users\mainh\OneDrive\Attachments\Máy tính\facial-emotion-viz\data\raw\repression\reg_img69 (2).jpg,repression
C:\Users\mainh\OneDrive\Attachments\Máy tính\facial-emotion-viz\data\raw\disgust\reg_img193 (2).jpg,disgust
C:\Users\mainh\OneDrive\Attachments\Máy tính\facial-emotion-viz\data\raw\repression\reg_img119 (8).jpg,repression
C:\Users\mainh\OneDrive\Attachments\Máy tính\facial-emotion-viz\data\raw\fear\reg_img125.jpg,fear
C:\Users\mainh\OneDrive\Attachments\Máy tính\facial-emotion-viz\data\raw\happiness\reg_img60 (8).jpg,happiness
C:\Users\mainh\OneDrive\Attachments\Máy tính\facial-emotion-viz\data\raw\happiness\reg_img97 (2).jpg,happiness
C:\Users\mainh\OneDrive\Attachments\Máy tính\facial-emotion-viz\data\raw\disgust\reg_img108 (24).jpg,disgust
C:\Users\mainh\OneDrive\Attachments\Máy tính\facial-emotion-viz\data\raw\surprise\reg_img35 (3).jpg,surprise
C:\Users\mainh\OneDrive\Attachments\Máy tính\facial-emotion-viz\data\raw\repression\reg_img91 (11).jpg,repression
C:\Users\mainh\OneDrive\Attachments\Máy tính\facial-emotion-viz\data\raw\happiness\reg_img72 (5).jpg,happiness
C:\Users\mainh\OneDrive\Attachments\Máy tính\facial-emotion-viz\data\raw\disgust\reg_img93 (14).jpg,disgust
C:\Users\mainh\OneDrive\Attachments\Máy tính\facial-emotion-viz\data\raw\disgust\reg_img200.jpg,disgust
C:\Users\mainh\OneDrive\Attachments\Máy tính\facial-emotion-viz\data\raw\surprise\reg_img64 (2).jpg,surprise
C:\Users\mainh\OneDrive\Attachments\Máy tính\facial-emotion-viz\data\raw\happiness\reg_img71 (9).jpg,happiness
C:\Users\mainh\OneDrive\Attachments\Máy tính\facial-emotion-viz\data\raw\disgust\reg_img108 (9).jpg,disgust
C:\Users\mainh\OneDrive\Attachments\Máy tính\facial-emotion-viz\data\raw\happiness\reg_img122.jpg,happiness
C:\Users\mainh\OneDrive\Attachments\Máy tính\facial-emotion-viz\data\raw\disgust\reg_img31 (2).jpg,disgust
C:\Users\mainh\OneDrive\Attachments\Máy tính\facial-emotion-viz\data\raw\surprise\reg_img106 (13).jpg,surprise
C:\Users\mainh\OneDrive\Attachments\Máy tính\facial-emotion-viz\data\raw\repression\reg_img71 (14).jpg,repression
C:\Users\mainh\OneDrive\Attachments\Máy tính\facial-emotion-viz\data\raw\happiness\reg_img90 (10).jpg,happiness
C:\Users\mainh\OneDrive\Attachments\Máy tính\facial-emotion-viz\data\raw\sadness\reg_img349 (2).jpg,sadness
C:\Users\mainh\OneDrive\Attachments\Máy tính\facial-emotion-viz\data\raw\repression\reg_img91 (13).jpg,repression
C:\Users\mainh\OneDrive\Attachments\Máy tính\facial-emotion-viz\data\raw\repression\reg_img75 (6).jpg,repression
C:\Users\mainh\OneDrive\Attachments\Máy tính\facial-emotion-viz\data\raw\disgust\reg_img35 (10).jpg,disgust
C:\Users\mainh\OneDrive\Attachments\Máy tính\facial-emotion-viz\data\raw\happiness\reg_img42 (10).jpg,happiness
C:\Users\mainh\OneDrive\Attachments\Máy tính\facial-emotion-viz\data\raw\happiness\reg_img80 (11).jpg,happiness
C:\Users\mainh\OneDrive\Attachments\Máy tính\facial-emotion-viz\data\raw\disgust\reg_img139 (13).jpg,disgust
C:\Users\mainh\OneDrive\Attachments\Máy tính\facial-emotion-viz\data\raw\happiness\reg_img34 (2).jpg,happiness
C:\Users\mainh\OneDrive\Attachments\Máy tính\facial-emotion-viz\data\raw\repression\reg_img55 (5).jpg,repression
C:\Users\mainh\OneDrive\Attachments\Máy tính\facial-emotion-viz\data\raw\happiness\reg_img45 (5).jpg,happiness
C:\Users\mainh\OneDrive\Attachments\Máy tính\facial-emotion-viz\data\raw\disgust\reg_img118 (21).jpg,disgust
C:\Users\mainh\OneDrive\Attachments\Máy tính\facial-emotion-viz\data\raw\disgust\reg_img95 (26).jpg,disgust
C:\Users\mainh\OneDrive\Attachments\Máy tính\facial-emotion-viz\data\raw\happiness\reg_img44 (12).jpg,happiness
C:\Users\mainh\OneDrive\Attachments\Máy tính\facial-emotion-viz\data\raw\surprise\reg_img18 (4).jpg,surprise
C:\Users\mainh\OneDrive\Attachments\Máy tính\facial-emotion-viz\data\raw\disgust\reg_img107 (30).jpg,disgust
C:\Users\mainh\OneDrive\Attachments\Máy tính\facial-emotion-viz\data\raw\repression\reg_img105 (8).jpg,repression
C:\Users\mainh\OneDrive\Attachments\Máy tính\facial-emotion-viz\data\raw\repression\reg_img145 (2).jpg,repression
C:\Users\mainh\OneDrive\Attachments\Máy tính\facial-emotion-viz\data\raw\happiness\reg_img101 (11).jpg,happiness
C:\Users\mainh\OneDrive\Attachments\Máy tính\facial-emotion-viz\data\raw\repression\reg_img114 (4).jpg,repression
C:\Users\mainh\OneDrive\Attachments\Máy tính\facial-emotion-viz\data\raw\happiness\reg_img164 (3).jpg,happiness
C:\Users\mainh\OneDrive\Attachments\Máy tính\facial-emotion-viz\data\raw\surprise\reg_img117 (5).jpg,surprise
C:\Users\mainh\OneDrive\Attachments\Máy tính\facial-emotion-viz\data\raw\disgust\reg_img19 (3).jpg,disgust
C:\Users\mainh\OneDrive\Attachments\Máy tính\facial-emotion-viz\data\raw\happiness\reg_img76 (20).jpg,happiness
C:\Users\mainh\OneDrive\Attachments\Máy tính\facial-emotion-viz\data\raw\disgust\reg_img51 (14).jpg,disgust
C:\Users\mainh\OneDrive\Attachments\Máy tính\facial-emotion-viz\data\raw\repression\reg_img89 (12).jpg,repression
C:\Users\mainh\OneDrive\Attachments\Máy tính\facial-emotion-viz\data\raw\disgust\reg_img96 (38).jpg,disgust
C:\Users\mainh\OneDrive\Attachments\Máy tính\facial-emotion-viz\data\raw\disgust\reg_img169 (3).jpg,disgust
C:\Users\mainh\OneDrive\Attachments\Máy tính\facial-emotion-viz\data\raw\disgust\reg_img59 (2).jpg,disgust
C:\Users\mainh\OneDrive\Attachments\Máy tính\facial-emotion-viz\data\raw\disgust\reg_img68 (18).jpg,disgust
C:\Users\mainh\OneDrive\Attachments\Máy tính\facial-emotion-viz\data\raw\repression\reg_img77 (4).jpg,repression
C:\Users\mainh\OneDrive\Attachments\Máy tính\facial-emotion-viz\data\raw\disgust\reg_img165 (5).jpg,disgust
C:\Users\mainh\OneDrive\Attachments\Máy tính\facial-emotion-viz\data\raw\disgust\reg_img131 (14).jpg,disgust
C:\Users\mainh\OneDrive\Attachments\Máy tính\facial-emotion-viz\data\raw\disgust\reg_img109 (6).jpg,disgust
C:\Users\mainh\OneDrive\Attachments\Máy tính\facial-emotion-viz\data\raw\repression\reg_img162 (3).jpg,repression
C:\Users\mainh\OneDrive\Attachments\Máy tính\facial-emotion-viz\data\raw\happiness\reg_img54 (4).jpg,happiness
C:\Users\mainh\OneDrive\Attachments\Máy tính\facial-emotion-viz\data\raw\repression\reg_img155 (4).jpg,repression
C:\Users\mainh\OneDrive\Attachments\Máy tính\facial-emotion-viz\data\raw\disgust\reg_img122 (2).jpg,disgust
C:\Users\mainh\OneDrive\Attachments\Máy tính\facial-emotion-viz\data\raw\surprise\reg_img64 (9).jpg,surprise
C:\Users\mainh\OneDrive\Attachments\Máy tính\facial-emotion-viz\data\raw\surprise\reg_img107 (2).jpg,surprise
C:\Users\mainh\OneDrive\Attachments\Máy tính\facial-emotion-viz\data\raw\disgust\reg_img114 (15).jpg,disgust
C:\Users\mainh\OneDrive\Attachments\Máy tính\facial-emotion-viz\data\raw\surprise\reg_img125 (7).jpg,surprise
C:\Users\mainh\OneDrive\Attachments\Máy tính\facial-emotion-viz\data\raw\surprise\reg_img61 (7).jpg,surprise
C:\Users\mainh\OneDrive\Attachments\Máy tính\facial-emotion-viz\data\raw\disgust\reg_img155 (8).jpg,disgust
C:\Users\mainh\OneDrive\Attachments\Máy tính\facial-emotion-viz\data\raw\surprise\reg_img55 (10).jpg,surprise
C:\Users\mainh\OneDrive\Attachments\Máy tính\facial-emotion-viz\data\raw\happiness\reg_img56 (9).jpg,happiness
C:\Users\mainh\OneDrive\Attachments\Máy tính\facial-emotion-viz\data\raw\disgust\reg_img84 (16).jpg,disgust
C:\Users\mainh\OneDrive\Attachments\Máy tính\facial-emotion-viz\data\raw\repression\reg_img164 (5).jpg,repression
C:\Users\mainh\OneDrive\Attachments\Máy tính\facial-emotion-viz\data\raw\disgust\reg_img147 (2).jpg,disgust
C:\Users\mainh\OneDrive\Attachments\Máy tính\facial-emotion-viz\data\raw\repression\reg_img101 (11).jpg,repression
C:\Users\mainh\OneDrive\Attachments\Máy tính\facial-emotion-viz\data\raw\repression\reg_img159 (3).jpg,repression
C:\Users\mainh\OneDrive\Attachments\Máy tính\facial-emotion-viz\data\raw\happiness\reg_img63 (16).jpg,happiness
C:\Users\mainh\OneDrive\Attachments\Máy tính\facial-emotion-viz\data\raw\surprise\reg_img189.jpg,surprise
C:\Users\mainh\OneDrive\Attachments\Máy tính\facial-emotion-viz\data\raw\happiness\reg_img39.jpg,happiness
C:\Users\mainh\OneDrive\Attachments\Máy tính\facial-emotion-viz\data\raw\disgust\reg_img70 (13).jpg,disgust
C:\Users\mainh\OneDrive\Attachments\Máy tính\facial-emotion-viz\data\raw\happiness\reg_img45 (11).jpg,happiness
C:\Users\mainh\OneDrive\Attachments\Máy tính\facial-emotion-viz\data\raw\repression\reg_img169 (4).jpg,repression
C:\Users\mainh\OneDrive\Attachments\Máy tính\facial-emotion-viz\data\raw\happiness\reg_img59 (5).jpg,happiness
C:\Users\mainh\OneDrive\Attachments\Máy tính\facial-emotion-viz\data\raw\repression\reg_img51 (15).jpg,repression
C:\Users\mainh\OneDrive\Attachments\Máy tính\facial-emotion-viz\data\raw\happiness\reg_img63 (3).jpg,happiness
C:\Users\mainh\OneDrive\Attachments\Máy tính\facial-emotion-viz\data\raw\happiness\reg_img67 (7).jpg,happiness
C:\Users\mainh\OneDrive\Attachments\Máy tính\facial-emotion-viz\data\raw\happiness\reg_img70 (4).jpg,happiness
C:\Users\mainh\OneDrive\Attachments\Máy tính\facial-emotion-viz\data\raw\repression\reg_img122 (11).jpg,repression
C:\Users\mainh\OneDrive\Attachments\Máy tính\facial-emotion-viz\data\raw\repression\reg_img147 (8).jpg,repression
C:\Users\mainh\OneDrive\Attachments\Máy tính\facial-emotion-viz\data\raw\surprise\reg_img65 (14).jpg,surprise
C:\Users\mainh\OneDrive\Attachments\Máy tính\facial-emotion-viz\data\raw\happiness\reg_img71 (10).jpg,happiness
C:\Users\mainh\OneDrive\Attachments\Máy tính\facial-emotion-viz\data\raw\repression\reg_img140 (5).jpg,repression
C:\Users\mainh\OneDrive\Attachments\Máy tính\facial-emotion-viz\data\raw\happiness\reg_img84 (2).jpg,happiness
C:\Users\mainh\OneDrive\Attachments\Máy tính\facial-emotion-viz\data\raw\happiness\reg_img96 (13).jpg,happiness
C:\Users\mainh\OneDrive\Attachments\Máy tính\facial-emotion-viz\data\raw\repression\reg_img107 (10).jpg,repression
C:\Users\mainh\OneDrive\Attachments\Máy tính\facial-emotion-viz\data\raw\happiness\reg_img101 (6).jpg,happiness
C:\Users\mainh\OneDrive\Attachments\Máy tính\facial-emotion-viz\data\raw\surprise\reg_img33 (5).jpg,surprise
C:\Users\mainh\OneDrive\Attachments\Máy tính\facial-emotion-viz\data\raw\surprise\reg_img99 (8).jpg,surprise
C:\Users\mainh\OneDrive\Attachments\Máy tính\facial-emotion-viz\data\raw\disgust\reg_img304.jpg,disgust
C:\Users\mainh\OneDrive\Attachments\Máy tính\facial-emotion-viz\data\raw\disgust\reg_img84 (7).jpg,disgust
C:\Users\mainh\OneDrive\Attachments\Máy tính\facial-emotion-viz\data\raw\disgust\reg_img71 (33).jpg,disgust
C:\Users\mainh\OneDrive\Attachments\Máy tính\facial-emotion-viz\data\raw\happiness\reg_img85 (12).jpg,happiness
C:\Users\mainh\OneDrive\Attachments\Máy tính\facial-emotion-viz\data\raw\happiness\reg_img109 (6).jpg,happiness
C:\Users\mainh\OneDrive\Attachments\Máy tính\facial-emotion-viz\data\raw\happiness\reg_img58 (19).jpg,happiness
C:\Users\mainh\OneDrive\Attachments\Máy tính\facial-emotion-viz\data\raw\happiness\reg_img124 (13).jpg,happiness
C:\Users\mainh\OneDrive\Attachments\Máy tính\facial-emotion-viz\data\raw\repression\reg_img108 (2).jpg,repression
C:\Users\mainh\OneDrive\Attachments\Máy tính\facial-emotion-viz\data\raw\disgust\reg_img54 (7).jpg,disgust
C:\Users\mainh\OneDrive\Attachments\Máy tính\facial-emotion-viz\data\raw\happiness\reg_img60 (11).jpg,happiness
C:\Users\mainh\OneDrive\Attachments\Máy tính\facial-emotion-viz\data\raw\disgust\reg_img136 (13).jpg,disgust
C:\Users\mainh\OneDrive\Attachments\Máy tính\facial-emotion-viz\data\raw\happiness\reg_img62 (15).jpg,happiness
C:\Users\mainh\OneDrive\Attachments\Máy tính\facial-emotion-viz\data\raw\disgust\reg_img33 (4).jpg,disgust
C:\Users\mainh\OneDrive\Attachments\Máy tính\facial-emotion-viz\data\raw\disgust\reg_img77 (13).jpg,disgust
C:\Users\mainh\OneDrive\Attachments\Máy tính\facial-emotion-viz\data\raw\disgust\reg_img73 (13).jpg,disgust
C:\Users\mainh\OneDrive\Attachments\Máy tính\facial-emotion-viz\data\raw\disgust\reg_img37 (15).jpg,disgust
C:\Users\mainh\OneDrive\Attachments\Máy tính\facial-emotion-viz\data\raw\surprise\reg_img100 (10).jpg,surprise
C:\Users\mainh\OneDrive\Attachments\Máy tính\facial-emotion-viz\data\raw\repression\reg_img135 (11).jpg,repression
C:\Users\mainh\OneDrive\Attachments\Máy tính\facial-emotion-viz\data\raw\surprise\reg_img156 (4).jpg,surprise
C:\Users\mainh\OneDrive\Attachments\Máy tính\facial-emotion-viz\data\raw\happiness\reg_img154 (4).jpg,happiness
C:\Users\mainh\OneDrive\Attachments\Máy tính\facial-emotion-viz\data\raw\disgust\reg_img103 (33).jpg,disgust
C:\Users\mainh\OneDrive\Attachments\Máy tính\facial-emotion-viz\data\raw\disgust\reg_img43 (25).jpg,disgust
C:\Users\mainh\OneDrive\Attachments\Máy tính\facial-emotion-viz\data\raw\happiness\reg_img54 (14).jpg,happiness
C:\Users\mainh\OneDrive\Attachments\Máy tính\facial-emotion-viz\data\raw\surprise\reg_img94 (11).jpg,surprise
C:\Users\mainh\OneDrive\Attachments\Máy tính\facial-emotion-viz\data\raw\happiness\reg_img74 (12).jpg,happiness
C:\Users\mainh\OneDrive\Attachments\Máy tính\facial-emotion-viz\data\raw\repression\reg_img220.jpg,repression
C:\Users\mainh\OneDrive\Attachments\Máy tính\facial-emotion-viz\data\raw\disgust\reg_img99 (21).jpg,disgust
C:\Users\mainh\OneDrive\Attachments\Máy tính\facial-emotion-viz\data\raw\disgust\reg_img54 (6).jpg,disgust
C:\Users\mainh\OneDrive\Attachments\Máy tính\facial-emotion-viz\data\raw\disgust\reg_img63 (4).jpg,disgust
C:\Users\mainh\OneDrive\Attachments\Máy tính\facial-emotion-viz\data\raw\surprise\reg_img162 (3).jpg,surprise
C:\Users\mainh\OneDrive\Attachments\Máy tính\facial-emotion-viz\data\raw\surprise\reg_img116 (4).jpg,surprise
C:\Users\mainh\OneDrive\Attachments\Máy tính\facial-emotion-viz\data\raw\disgust\reg_img27.jpg,disgust
C:\Users\mainh\OneDrive\Attachments\Máy tính\facial-emotion-viz\data\raw\disgust\reg_img156 (8).jpg,disgust
C:\Users\mainh\OneDrive\Attachments\Máy tính\facial-emotion-viz\data\raw\happiness\reg_img25 (7).jpg,happiness
C:\Users\mainh\OneDrive\Attachments\Máy tính\facial-emotion-viz\data\raw\happiness\reg_img73 (15).jpg,happiness
C:\Users\mainh\OneDrive\Attachments\Máy tính\facial-emotion-viz\data\raw\disgust\reg_img136 (3).jpg,disgust
C:\Users\mainh\OneDrive\Attachments\Máy tính\facial-emotion-viz\data\raw\happiness\reg_img72 (19).jpg,happiness
C:\Users\mainh\OneDrive\Attachments\Máy tính\facial-emotion-viz\data\raw\surprise\reg_img77 (6).jpg,surprise
C:\Users\mainh\OneDrive\Attachments\Máy tính\facial-emotion-viz\data\raw\disgust\reg_img97 (32).jpg,disgust
C:\Users\mainh\OneDrive\Attachments\Máy tính\facial-emotion-viz\data\raw\happiness\reg_img78 (7).jpg,happiness
C:\Users\mainh\OneDrive\Attachments\Máy tính\facial-emotion-viz\data\raw\surprise\reg_img55.jpg,surprise
C:\Users\mainh\OneDrive\Attachments\Máy tính\facial-emotion-viz\data\raw\disgust\reg_img150 (7).jpg,disgust
C:\Users\mainh\OneDrive\Attachments\Máy tính\facial-emotion-viz\data\raw\surprise\reg_img92 (11).jpg,surprise
C:\Users\mainh\OneDrive\Attachments\Máy tính\facial-emotion-viz\data\raw\disgust\reg_img54 (5).jpg,disgust
C:\Users\mainh\OneDrive\Attachments\Máy tính\facial-emotion-viz\data\raw\happiness\reg_img78 (5).jpg,happiness
C:\Users\mainh\OneDrive\Attachments\Máy tính\facial-emotion-viz\data\raw\disgust\reg_img48 (15).jpg,disgust
C:\Users\mainh\OneDrive\Attachments\Máy tính\facial-emotion-viz\data\raw\disgust\reg_img180 (3).jpg,disgust
C:\Users\mainh\OneDrive\Attachments\Máy tính\facial-emotion-viz\data\raw\disgust\reg_img43 (26).jpg,disgust
C:\Users\mainh\OneDrive\Attachments\Máy tính\facial-emotion-viz\data\raw\surprise\reg_img122 (3).jpg,surprise
C:\Users\mainh\OneDrive\Attachments\Máy tính\facial-emotion-viz\data\raw\repression\reg_img76 (8).jpg,repression
C:\Users\mainh\OneDrive\Attachments\Máy tính\facial-emotion-viz\data\raw\disgust\reg_img85 (23).jpg,disgust
C:\Users\mainh\OneDrive\Attachments\Máy tính\facial-emotion-viz\data\raw\repression\reg_img78 (9).jpg,repression
C:\Users\mainh\OneDrive\Attachments\Máy tính\facial-emotion-viz\data\raw\repression\reg_img177 (2).jpg,repression
C:\Users\mainh\OneDrive\Attachments\Máy tính\facial-emotion-viz\data\raw\disgust\reg_img89 (15).jpg,disgust
C:\Users\mainh\OneDrive\Attachments\Máy tính\facial-emotion-viz\data\raw\surprise\reg_img37.jpg,surprise
C:\Users\mainh\OneDrive\Attachments\Máy tính\facial-emotion-viz\data\raw\disgust\reg_img150 (5).jpg,disgust
C:\Users\mainh\OneDrive\Attachments\Máy tính\facial-emotion-viz\data\raw\surprise\reg_img87 (7).jpg,surprise
C:\Users\mainh\OneDrive\Attachments\Máy tính\facial-emotion-viz\data\raw\surprise\reg_img103 (11).jpg,surprise
C:\Users\mainh\OneDrive\Attachments\Máy tính\facial-emotion-viz\data\raw\happiness\reg_img100 (18).jpg,happiness
C:\Users\mainh\OneDrive\Attachments\Máy tính\facial-emotion-viz\data\raw\disgust\reg_img29 (14).jpg,disgust
C:\Users\mainh\OneDrive\Attachments\Máy tính\facial-emotion-viz\data\raw\disgust\reg_img141.jpg,disgust
C:\Users\mainh\OneDrive\Attachments\Máy tính\facial-emotion-viz\data\raw\happiness\reg_img107 (11).jpg,happiness
C:\Users\mainh\OneDrive\Attachments\Máy tính\facial-emotion-viz\data\raw\surprise\reg_img73 (10).jpg,surprise
C:\Users\mainh\OneDrive\Attachments\Máy tính\facial-emotion-viz\data\raw\repression\reg_img17 (2).jpg,repression
C:\Users\mainh\OneDrive\Attachments\Máy tính\facial-emotion-viz\data\raw\disgust\reg_img59 (27).jpg,disgust
C:\Users\mainh\OneDrive\Attachments\Máy tính\facial-emotion-viz\data\raw\repression\reg_img154 (3).jpg,repression
C:\Users\mainh\OneDrive\Attachments\Máy tính\facial-emotion-viz\data\raw\disgust\reg_img141 (11).jpg,disgust
C:\Users\mainh\OneDrive\Attachments\Máy tính\facial-emotion-viz\data\raw\happiness\reg_img109 (7).jpg,happiness
C:\Users\mainh\OneDrive\Attachments\Máy tính\facial-emotion-viz\data\raw\disgust\reg_img153 (10).jpg,disgust
C:\Users\mainh\OneDrive\Attachments\Máy tính\facial-emotion-viz\data\raw\disgust\reg_img88 (4).jpg,disgust
C:\Users\mainh\OneDrive\Attachments\Máy tính\facial-emotion-viz\data\raw\disgust\reg_img32 (15).jpg,disgust
C:\Users\mainh\OneDrive\Attachments\Máy tính\facial-emotion-viz\data\raw\disgust\reg_img126 (13).jpg,disgust
C:\Users\mainh\OneDrive\Attachments\Máy tính\facial-emotion-viz\data\raw\happiness\reg_img83 (4).jpg,happiness
C:\Users\mainh\OneDrive\Attachments\Máy tính\facial-emotion-viz\data\raw\disgust\reg_img125 (15).jpg,disgust
C:\Users\mainh\OneDrive\Attachments\Máy tính\facial-emotion-viz\data\raw\surprise\reg_img46 (5).jpg,surprise
C:\Users\mainh\OneDrive\Attachments\Máy tính\facial-emotion-viz\data\raw\repression\reg_img141.jpg,repression
C:\Users\mainh\OneDrive\Attachments\Máy tính\facial-emotion-viz\data\raw\repression\reg_img219 (2).jpg,repression
C:\Users\mainh\OneDrive\Attachments\Máy tính\facial-emotion-viz\data\raw\happiness\reg_img45 (13).jpg,happiness
C:\Users\mainh\OneDrive\Attachments\Máy tính\facial-emotion-viz\data\raw\repression\reg_img151 (2).jpg,repression
C:\Users\mainh\OneDrive\Attachments\Máy tính\facial-emotion-viz\data\raw\happiness\reg_img193.jpg,happiness
C:\Users\mainh\OneDrive\Attachments\Máy tính\facial-emotion-viz\data\raw\happiness\reg_img137 (3).jpg,happiness
C:\Users\mainh\OneDrive\Attachments\Máy tính\facial-emotion-viz\data\raw\happiness\reg_img116 (16).jpg,happiness
C:\Users\mainh\OneDrive\Attachments\Máy tính\facial-emotion-viz\data\raw\disgust\reg_img54 (2).jpg,disgust
C:\Users\mainh\OneDrive\Attachments\Máy tính\facial-emotion-viz\data\raw\happiness\reg_img59 (6).jpg,happiness
C:\Users\mainh\OneDrive\Attachments\Máy tính\facial-emotion-viz\data\raw\happiness\reg_img169 (3).jpg,happiness
C:\Users\mainh\OneDrive\Attachments\Máy tính\facial-emotion-viz\data\raw\surprise\reg_img179.jpg,surprise
C:\Users\mainh\OneDrive\Attachments\Máy tính\facial-emotion-viz\data\raw\surprise\reg_img70 (12).jpg,surprise
C:\Users\mainh\OneDrive\Attachments\Máy tính\facial-emotion-viz\data\raw\sadness\reg_img85 (2).jpg,sadness
C:\Users\mainh\OneDrive\Attachments\Máy tính\facial-emotion-viz\data\raw\surprise\reg_img144 (3).jpg,surprise
C:\Users\mainh\OneDrive\Attachments\Máy tính\facial-emotion-viz\data\raw\disgust\reg_img48 (5).jpg,disgust
C:\Users\mainh\OneDrive\Attachments\Máy tính\facial-emotion-viz\data\raw\disgust\reg_img129 (10).jpg,disgust
C:\Users\mainh\OneDrive\Attachments\Máy tính\facial-emotion-viz\data\raw\repression\reg_img38 (8).jpg,repression
C:\Users\mainh\OneDrive\Attachments\Máy tính\facial-emotion-viz\data\raw\repression\reg_img72 (6).jpg,repression
C:\Users\mainh\OneDrive\Attachments\Máy tính\facial-emotion-viz\data\raw\disgust\reg_img88 (22).jpg,disgust
C:\Users\mainh\OneDrive\Attachments\Máy tính\facial-emotion-viz\data\raw\happiness\reg_img55 (15).jpg,happiness
C:\Users\mainh\OneDrive\Attachments\Máy tính\facial-emotion-viz\data\raw\repression\reg_img110 (12).jpg,repression
C:\Users\mainh\OneDrive\Attachments\Máy tính\facial-emotion-viz\data\raw\happiness\reg_img89 (12).jpg,happiness
C:\Users\mainh\OneDrive\Attachments\Máy tính\facial-emotion-viz\data\raw\surprise\reg_img110 (11).jpg,surprise
C:\Users\mainh\OneDrive\Attachments\Máy tính\facial-emotion-viz\data\raw\repression\reg_img46 (6).jpg,repression
C:\Users\mainh\OneDrive\Attachments\Máy tính\facial-emotion-viz\data\raw\disgust\reg_img97 (6).jpg,disgust
C:\Users\mainh\OneDrive\Attachments\Máy tính\facial-emotion-viz\data\raw\surprise\reg_img57 (13).jpg,surprise
C:\Users\mainh\OneDrive\Attachments\Máy tính\facial-emotion-viz\data\raw\happiness\reg_img105 (17).jpg,happiness
C:\Users\mainh\OneDrive\Attachments\Máy tính\facial-emotion-viz\data\raw\happiness\reg_img113 (11).jpg,happiness
C:\Users\mainh\OneDrive\Attachments\Máy tính\facial-emotion-viz\data\raw\disgust\reg_img175 (2).jpg,disgust
C:\Users\mainh\OneDrive\Attachments\Máy tính\facial-emotion-viz\data\raw\repression\reg_img111 (11).jpg,repression
C:\Users\mainh\OneDrive\Attachments\Máy tính\facial-emotion-viz\data\raw\disgust\reg_img307.jpg,disgust
C:\Users\mainh\OneDrive\Attachments\Máy tính\facial-emotion-viz\data\raw\happiness\reg_img50 (7).jpg,happiness
C:\Users\mainh\OneDrive\Attachments\Máy tính\facial-emotion-viz\data\raw\disgust\reg_img55.jpg,disgust
C:\Users\mainh\OneDrive\Attachments\Máy tính\facial-emotion-viz\data\raw\repression\reg_img123.jpg,repression
C:\Users\mainh\OneDrive\Attachments\Máy tính\facial-emotion-viz\data\raw\disgust\reg_img64 (17).jpg,disgust
C:\Users\mainh\OneDrive\Attachments\Máy tính\facial-emotion-viz\data\raw\disgust\reg_img80 (17).jpg,disgust
C:\Users\mainh\OneDrive\Attachments\Máy tính\facial-emotion-viz\data\raw\sadness\reg_img25 (2).jpg,sadness
C:\Users\mainh\OneDrive\Attachments\Máy tính\facial-emotion-viz\data\raw\happiness\reg_img76 (9).jpg,happiness
C:\Users\mainh\OneDrive\Attachments\Máy tính\facial-emotion-viz\data\raw\surprise\reg_img70 (9).jpg,surprise
C:\Users\mainh\OneDrive\Attachments\Máy tính\facial-emotion-viz\data\raw\disgust\reg_img42 (14).jpg,disgust
C:\Users\mainh\OneDrive\Attachments\Máy tính\facial-emotion-viz\data\raw\surprise\reg_img6.jpg,surprise
C:\Users\mainh\OneDrive\Attachments\Máy tính\facial-emotion-viz\data\raw\repression\reg_img158 (8).jpg,repression
C:\Users\mainh\OneDrive\Attachments\Máy tính\facial-emotion-viz\data\raw\surprise\reg_img86 (8).jpg,surprise
C:\Users\mainh\OneDrive\Attachments\Máy tính\facial-emotion-viz\data\raw\repression\reg_img205 (3).jpg,repression
C:\Users\mainh\OneDrive\Attachments\Máy tính\facial-emotion-viz\data\raw\disgust\reg_img215.jpg,disgust
C:\Users\mainh\OneDrive\Attachments\Máy tính\facial-emotion-viz\data\raw\surprise\reg_img39 (7).jpg,surprise
C:\Users\mainh\OneDrive\Attachments\Máy tính\facial-emotion-viz\data\raw\happiness\reg_img119 (3).jpg,happiness
C:\Users\mainh\OneDrive\Attachments\Máy tính\facial-emotion-viz\data\raw\repression\reg_img86.jpg,repression
C:\Users\mainh\OneDrive\Attachments\Máy tính\facial-emotion-viz\data\raw\disgust\reg_img116 (5).jpg,disgust
C:\Users\mainh\OneDrive\Attachments\Máy tính\facial-emotion-viz\data\raw\repression\reg_img163 (3).jpg,repression
C:\Users\mainh\OneDrive\Attachments\Máy tính\facial-emotion-viz\data\raw\repression\reg_img71 (2).jpg,repression
C:\Users\mainh\OneDrive\Attachments\Máy tính\facial-emotion-viz\data\raw\happiness\reg_img79 (16).jpg,happiness
C:\Users\mainh\OneDrive\Attachments\Máy tính\facial-emotion-viz\data\raw\happiness\reg_img127 (3).jpg,happiness
C:\Users\mainh\OneDrive\Attachments\Máy tính\facial-emotion-viz\data\raw\happiness\reg_img243.jpg,happiness
C:\Users\mainh\OneDrive\Attachments\Máy tính\facial-emotion-viz\data\raw\fear\reg_img20.jpg,fear
C:\Users\mainh\OneDrive\Attachments\Máy tính\facial-emotion-viz\data\raw\disgust\reg_img87.jpg,disgust
C:\Users\mainh\OneDrive\Attachments\Máy tính\facial-emotion-viz\data\raw\surprise\reg_img177.jpg,surprise
C:\Users\mainh\OneDrive\Attachments\Máy tính\facial-emotion-viz\data\raw\repression\reg_img174 (3).jpg,repression
C:\Users\mainh\OneDrive\Attachments\Máy tính\facial-emotion-viz\data\raw\disgust\reg_img51 (16).jpg,disgust
C:\Users\mainh\OneDrive\Attachments\Máy tính\facial-emotion-viz\data\raw\disgust\reg_img425.jpg,disgust
C:\Users\mainh\OneDrive\Attachments\Máy tính\facial-emotion-viz\data\raw\happiness\reg_img36 (11).jpg,happiness
C:\Users\mainh\OneDrive\Attachments\Máy tính\facial-emotion-viz\data\raw\repression\reg_img109 (4).jpg,repression
C:\Users\mainh\OneDrive\Attachments\Máy tính\facial-emotion-viz\data\raw\disgust\reg_img219.jpg,disgust
C:\Users\mainh\OneDrive\Attachments\Máy tính\facial-emotion-viz\data\raw\happiness\reg_img106 (3).jpg,happiness
C:\Users\mainh\OneDrive\Attachments\Máy tính\facial-emotion-viz\data\raw\disgust\reg_img106 (5).jpg,disgust
C:\Users\mainh\OneDrive\Attachments\Máy tính\facial-emotion-viz\data\raw\happiness\reg_img61.jpg,happiness
C:\Users\mainh\OneDrive\Attachments\Máy tính\facial-emotion-viz\data\raw\disgust\reg_img398.jpg,disgust
C:\Users\mainh\OneDrive\Attachments\Máy tính\facial-emotion-viz\data\raw\happiness\reg_img53 (3).jpg,happiness
C:\Users\mainh\OneDrive\Attachments\Máy tính\facial-emotion-viz\data\raw\disgust\reg_img71 (10).jpg,disgust
C:\Users\mainh\OneDrive\Attachments\Máy tính\facial-emotion-viz\data\raw\repression\reg_img88 (5).jpg,repression
C:\Users\mainh\OneDrive\Attachments\Máy tính\facial-emotion-viz\data\raw\happiness\reg_img48 (17).jpg,happiness
C:\Users\mainh\OneDrive\Attachments\Máy tính\facial-emotion-viz\data\raw\happiness\reg_img58 (3).jpg,happiness
C:\Users\mainh\OneDrive\Attachments\Máy tính\facial-emotion-viz\data\raw\happiness\reg_img61 (8).jpg,happiness
C:\Users\mainh\OneDrive\Attachments\Máy tính\facial-emotion-viz\data\raw\disgust\reg_img113 (6).jpg,disgust
C:\Users\mainh\OneDrive\Attachments\Máy tính\facial-emotion-viz\data\raw\happiness\reg_img68 (21).jpg,happiness
C:\Users\mainh\OneDrive\Attachments\Máy tính\facial-emotion-viz\data\raw\disgust\reg_img32 (17).jpg,disgust
C:\Users\mainh\OneDrive\Attachments\Máy tính\facial-emotion-viz\data\raw\disgust\reg_img140.jpg,disgust
C:\Users\mainh\OneDrive\Attachments\Máy tính\facial-emotion-viz\data\raw\surprise\reg_img127 (2).jpg,surprise
C:\Users\mainh\OneDrive\Attachments\Máy tính\facial-emotion-viz\data\raw\disgust\reg_img95 (6).jpg,disgust
C:\Users\mainh\OneDrive\Attachments\Máy tính\facial-emotion-viz\data\raw\disgust\reg_img82 (23).jpg,disgust
C:\Users\mainh\OneDrive\Attachments\Máy tính\facial-emotion-viz\data\raw\disgust\reg_img36 (13).jpg,disgust
C:\Users\mainh\OneDrive\Attachments\Máy tính\facial-emotion-viz\data\raw\repression\reg_img129 (3).jpg,repression
C:\Users\mainh\OneDrive\Attachments\Máy tính\facial-emotion-viz\data\raw\repression\reg_img177 (4).jpg,repression
C:\Users\mainh\OneDrive\Attachments\Máy tính\facial-emotion-viz\data\raw\disgust\reg_img104.jpg,disgust
C:\Users\mainh\OneDrive\Attachments\Máy tính\facial-emotion-viz\data\raw\disgust\reg_img75 (36).jpg,disgust
C:\Users\mainh\OneDrive\Attachments\Máy tính\facial-emotion-viz\data\raw\repression\reg_img117 (8).jpg,repression
C:\Users\mainh\OneDrive\Attachments\Máy tính\facial-emotion-viz\data\raw\disgust\reg_img301.jpg,disgust
C:\Users\mainh\OneDrive\Attachments\Máy tính\facial-emotion-viz\data\raw\disgust\reg_img76 (34).jpg,disgust
C:\Users\mainh\OneDrive\Attachments\Máy tính\facial-emotion-viz\data\raw\disgust\reg_img123 (7).jpg,disgust
C:\Users\mainh\OneDrive\Attachments\Máy tính\facial-emotion-viz\data\raw\repression\reg_img100 (10).jpg,repression
C:\Users\mainh\OneDrive\Attachments\Máy tính\facial-emotion-viz\data\raw\repression\reg_img147 (6).jpg,repression
C:\Users\mainh\OneDrive\Attachments\Máy tính\facial-emotion-viz\data\raw\surprise\reg_img73 (7).jpg,surprise
C:\Users\mainh\OneDrive\Attachments\Máy tính\facial-emotion-viz\data\raw\surprise\reg_img115 (7).jpg,surprise
C:\Users\mainh\OneDrive\Attachments\Máy tính\facial-emotion-viz\data\raw\repression\reg_img63 (10).jpg,repression
C:\Users\mainh\OneDrive\Attachments\Máy tính\facial-emotion-viz\data\raw\sadness\reg_img23.jpg,sadness
C:\Users\mainh\OneDrive\Attachments\Máy tính\facial-emotion-viz\data\raw\happiness\reg_img51 (15).jpg,happiness
C:\Users\mainh\OneDrive\Attachments\Máy tính\facial-emotion-viz\data\raw\disgust\reg_img71 (5).jpg,disgust
C:\Users\mainh\OneDrive\Attachments\Máy tính\facial-emotion-viz\data\raw\disgust\reg_img65 (19).jpg,disgust
C:\Users\mainh\OneDrive\Attachments\Máy tính\facial-emotion-viz\data\raw\repression\reg_img49 (2).jpg,repression
C:\Users\mainh\OneDrive\Attachments\Máy tính\facial-emotion-viz\data\raw\happiness\reg_img215 (2).jpg,happiness
C:\Users\mainh\OneDrive\Attachments\Máy tính\facial-emotion-viz\data\raw\sadness\reg_img43.jpg,sadness
C:\Users\mainh\OneDrive\Attachments\Máy tính\facial-emotion-viz\data\raw\repression\reg_img211.jpg,repression
C:\Users\mainh\OneDrive\Attachments\Máy tính\facial-emotion-viz\data\raw\repression\reg_img70 (5).jpg,repression
C:\Users\mainh\OneDrive\Attachments\Máy tính\facial-emotion-viz\data\raw\fear\reg_img83.jpg,fear
C:\Users\mainh\OneDrive\Attachments\Máy tính\facial-emotion-viz\data\raw\happiness\reg_img42 (12).jpg,happiness
C:\Users\mainh\OneDrive\Attachments\Máy tính\facial-emotion-viz\data\raw\happiness\reg_img78 (20).jpg,happiness
C:\Users\mainh\OneDrive\Attachments\Máy tính\facial-emotion-viz\data\raw\disgust\reg_img87 (40).jpg,disgust
C:\Users\mainh\OneDrive\Attachments\Máy tính\facial-emotion-viz\data\raw\disgust\reg_img47 (8).jpg,disgust
C:\Users\mainh\OneDrive\Attachments\Máy tính\facial-emotion-viz\data\raw\surprise\reg_img65 (9).jpg,surprise
C:\Users\mainh\OneDrive\Attachments\Máy tính\facial-emotion-viz\data\raw\repression\reg_img53 (6).jpg,repression
C:\Users\mainh\OneDrive\Attachments\Máy tính\facial-emotion-viz\data\raw\repression\reg_img195 (2).jpg,repression
C:\Users\mainh\OneDrive\Attachments\Máy tính\facial-emotion-viz\data\raw\happiness\reg_img33 (6).jpg,happiness
C:\Users\mainh\OneDrive\Attachments\Máy tính\facial-emotion-viz\data\raw\happiness\reg_img124.jpg,happiness
C:\Users\mainh\OneDrive\Attachments\Máy tính\facial-emotion-viz\data\raw\repression\reg_img29 (7).jpg,repression
C:\Users\mainh\OneDrive\Attachments\Máy tính\facial-emotion-viz\data\raw\happiness\reg_img40 (12).jpg,happiness
C:\Users\mainh\OneDrive\Attachments\Máy tính\facial-emotion-viz\data\raw\repression\reg_img121 (10).jpg,repression
C:\Users\mainh\OneDrive\Attachments\Máy tính\facial-emotion-viz\data\raw\disgust\reg_img51 (17).jpg,disgust
C:\Users\mainh\OneDrive\Attachments\Máy tính\facial-emotion-viz\data\raw\disgust\reg_img128 (12).jpg,disgust
C:\Users\mainh\OneDrive\Attachments\Máy tính\facial-emotion-viz\data\raw\disgust\reg_img95 (35).jpg,disgust
C:\Users\mainh\OneDrive\Attachments\Máy tính\facial-emotion-viz\data\raw\repression\reg_img30 (4).jpg,repression
C:\Users\mainh\OneDrive\Attachments\Máy tính\facial-emotion-viz\data\raw\disgust\reg_img69 (30).jpg,disgust
C:\Users\mainh\OneDrive\Attachments\Máy tính\facial-emotion-viz\data\raw\happiness\reg_img138 (2).jpg,happiness
C:\Users\mainh\OneDrive\Attachments\Máy tính\facial-emotion-viz\data\raw\disgust\reg_img96 (5).jpg,disgust
C:\Users\mainh\OneDrive\Attachments\Máy tính\facial-emotion-viz\data\raw\happiness\reg_img144 (7).jpg,happiness
C:\Users\mainh\OneDrive\Attachments\Máy tính\facial-emotion-viz\data\raw\happiness\reg_img119 (13).jpg,happiness
C:\Users\mainh\OneDrive\Attachments\Máy tính\facial-emotion-viz\data\raw\sadness\reg_img338.jpg,sadness
C:\Users\mainh\OneDrive\Attachments\Máy tính\facial-emotion-viz\data\raw\happiness\reg_img98 (5).jpg,happiness
C:\Users\mainh\OneDrive\Attachments\Máy tính\facial-emotion-viz\data\raw\disgust\reg_img74 (25).jpg,disgust
C:\Users\mainh\OneDrive\Attachments\Máy tính\facial-emotion-viz\data\raw\happiness\reg_img62 (12).jpg,happiness
C:\Users\mainh\OneDrive\Attachments\Máy tính\facial-emotion-viz\data\raw\disgust\reg_img81 (8).jpg,disgust
C:\Users\mainh\OneDrive\Attachments\Máy tính\facial-emotion-viz\data\raw\happiness\reg_img84 (5).jpg,happiness
C:\Users\mainh\OneDrive\Attachments\Máy tính\facial-emotion-viz\data\raw\happiness\reg_img137 (6).jpg,happiness
C:\Users\mainh\OneDrive\Attachments\Máy tính\facial-emotion-viz\data\raw\disgust\reg_img36 (15).jpg,disgust
C:\Users\mainh\OneDrive\Attachments\Máy tính\facial-emotion-viz\data\raw\disgust\reg_img189.jpg,disgust
C:\Users\mainh\OneDrive\Attachments\Máy tính\facial-emotion-viz\data\raw\repression\reg_img94 (14).jpg,repression
C:\Users\mainh\OneDrive\Attachments\Máy tính\facial-emotion-viz\data\raw\surprise\reg_img54 (10).jpg,surprise
C:\Users\mainh\OneDrive\Attachments\Máy tính\facial-emotion-viz\data\raw\surprise\reg_img8.jpg,surprise
C:\Users\mainh\OneDrive\Attachments\Máy tính\facial-emotion-viz\data\raw\disgust\reg_img79 (26).jpg,disgust
C:\Users\mainh\OneDrive\Attachments\Máy tính\facial-emotion-viz\data\raw\surprise\reg_img40 (7).jpg,surprise
C:\Users\mainh\OneDrive\Attachments\Máy tính\facial-emotion-viz\data\raw\disgust\reg_img122 (8).jpg,disgust
C:\Users\mainh\OneDrive\Attachments\Máy tính\facial-emotion-viz\data\raw\surprise\reg_img71 (14).jpg,surprise
C:\Users\mainh\OneDrive\Attachments\Máy tính\facial-emotion-viz\data\raw\repression\reg_img150.jpg,repression
C:\Users\mainh\OneDrive\Attachments\Máy tính\facial-emotion-viz\data\raw\happiness\reg_img78 (4).jpg,happiness
C:\Users\mainh\OneDrive\Attachments\Máy tính\facial-emotion-viz\data\raw\disgust\reg_img91 (17).jpg,disgust
C:\Users\mainh\OneDrive\Attachments\Máy tính\facial-emotion-viz\data\raw\disgust\reg_img81 (13).jpg,disgust
C:\Users\mainh\OneDrive\Attachments\Máy tính\facial-emotion-viz\data\raw\happiness\reg_img39 (7).jpg,happiness
C:\Users\mainh\OneDrive\Attachments\Máy tính\facial-emotion-viz\data\raw\surprise\reg_img75 (4).jpg,surprise
C:\Users\mainh\OneDrive\Attachments\Máy tính\facial-emotion-viz\data\raw\happiness\reg_img123 (10).jpg,happiness
C:\Users\mainh\OneDrive\Attachments\Máy tính\facial-emotion-viz\data\raw\disgust\reg_img111 (6).jpg,disgust
C:\Users\mainh\OneDrive\Attachments\Máy tính\facial-emotion-viz\data\raw\sadness\reg_img7.jpg,sadness
C:\Users\mainh\OneDrive\Attachments\Máy tính\facial-emotion-viz\data\raw\repression\reg_img126 (14).jpg,repression
C:\Users\mainh\OneDrive\Attachments\Máy tính\facial-emotion-viz\data\raw\happiness\reg_img17 (2).jpg,happiness
C:\Users\mainh\OneDrive\Attachments\Máy tính\facial-emotion-viz\data\raw\disgust\reg_img99 (24).jpg,disgust
C:\Users\mainh\OneDrive\Attachments\Máy tính\facial-emotion-viz\data\raw\disgust\reg_img118 (2).jpg,disgust
C:\Users\mainh\OneDrive\Attachments\Máy tính\facial-emotion-viz\data\raw\surprise\reg_img63 (3).jpg,surprise
C:\Users\mainh\OneDrive\Attachments\Máy tính\facial-emotion-viz\data\raw\disgust\reg_img83 (20).jpg,disgust
C:\Users\mainh\OneDrive\Attachments\Máy tính\facial-emotion-viz\data\raw\repression\reg_img190 (2).jpg,repression
C:\Users\mainh\OneDrive\Attachments\Máy tính\facial-emotion-viz\data\raw\disgust\reg_img59 (3).jpg,disgust
C:\Users\mainh\OneDrive\Attachments\Máy tính\facial-emotion-viz\data\raw\repression\reg_img157 (5).jpg,repression
C:\Users\mainh\OneDrive\Attachments\Máy tính\facial-emotion-viz\data\raw\sadness\reg_img334.jpg,sadness
C:\Users\mainh\OneDrive\Attachments\Máy tính\facial-emotion-viz\data\raw\sadness\reg_img372.jpg,sadness
C:\Users\mainh\OneDrive\Attachments\Máy tính\facial-emotion-viz\data\raw\disgust\reg_img56 (18).jpg,disgust
C:\Users\mainh\OneDrive\Attachments\Máy tính\facial-emotion-viz\data\raw\disgust\reg_img54 (28).jpg,disgust
C:\Users\mainh\OneDrive\Attachments\Máy tính\facial-emotion-viz\data\raw\repression\reg_img142 (8).jpg,repression
C:\Users\mainh\OneDrive\Attachments\Máy tính\facial-emotion-viz\data\raw\repression\reg_img203 (2).jpg,repression
C:\Users\mainh\OneDrive\Attachments\Máy tính\facial-emotion-viz\data\raw\disgust\reg_img55 (17).jpg,disgust
C:\Users\mainh\OneDrive\Attachments\Máy tính\facial-emotion-viz\data\raw\disgust\reg_img40 (5).jpg,disgust
C:\Users\mainh\OneDrive\Attachments\Máy tính\facial-emotion-viz\data\raw\repression\reg_img112 (10).jpg,repression
C:\Users\mainh\OneDrive\Attachments\Máy tính\facial-emotion-viz\data\raw\sadness\reg_img102.jpg,sadness
C:\Users\mainh\OneDrive\Attachments\Máy tính\facial-emotion-viz\data\raw\happiness\reg_img63 (17).jpg,happiness
C:\Users\mainh\OneDrive\Attachments\Máy tính\facial-emotion-viz\data\raw\disgust\reg_img104 (12).jpg,disgust
C:\Users\mainh\OneDrive\Attachments\Máy tính\facial-emotion-viz\data\raw\surprise\reg_img127 (8).jpg,surprise
C:\Users\mainh\OneDrive\Attachments\Máy tính\facial-emotion-viz\data\raw\repression\reg_img150 (7).jpg,repression
C:\Users\mainh\OneDrive\Attachments\Máy tính\facial-emotion-viz\data\raw\happiness\reg_img51 (10).jpg,happiness
C:\Users\mainh\OneDrive\Attachments\Máy tính\facial-emotion-viz\data\raw\repression\reg_img75 (12).jpg,repression
C:\Users\mainh\OneDrive\Attachments\Máy tính\facial-emotion-viz\data\raw\happiness\reg_img143.jpg,happiness
C:\Users\mainh\OneDrive\Attachments\Máy tính\facial-emotion-viz\data\raw\sadness\reg_img81 (3).jpg,sadness
C:\Users\mainh\OneDrive\Attachments\Máy tính\facial-emotion-viz\data\raw\happiness\reg_img153 (2).jpg,happiness
C:\Users\mainh\OneDrive\Attachments\Máy tính\facial-emotion-viz\data\raw\disgust\reg_img37 (25).jpg,disgust
C:\Users\mainh\OneDrive\Attachments\Máy tính\facial-emotion-viz\data\raw\surprise\reg_img61.jpg,surprise
C:\Users\mainh\OneDrive\Attachments\Máy tính\facial-emotion-viz\data\raw\disgust\reg_img147 (3).jpg,disgust
C:\Users\mainh\OneDrive\Attachments\Máy tính\facial-emotion-viz\data\raw\disgust\reg_img130 (21).jpg,disgust
C:\Users\mainh\OneDrive\Attachments\Máy tính\facial-emotion-viz\data\raw\repression\reg_img111 (15).jpg,repression
C:\Users\mainh\OneDrive\Attachments\Máy tính\facial-emotion-viz\data\raw\disgust\reg_img89 (20).jpg,disgust
C:\Users\mainh\OneDrive\Attachments\Máy tính\facial-emotion-viz\data\raw\happiness\reg_img165 (2).jpg,happiness
C:\Users\mainh\OneDrive\Attachments\Máy tính\facial-emotion-viz\data\raw\happiness\reg_img99 (10).jpg,happiness
C:\Users\mainh\OneDrive\Attachments\Máy tính\facial-emotion-viz\data\raw\repression\reg_img116 (12).jpg,repression
C:\Users\mainh\OneDrive\Attachments\Máy tính\facial-emotion-viz\data\raw\surprise\reg_img87 (12).jpg,surprise
C:\Users\mainh\OneDrive\Attachments\Máy tính\facial-emotion-viz\data\raw\repression\reg_img68 (8).jpg,repression
C:\Users\mainh\OneDrive\Attachments\Máy tính\facial-emotion-viz\data\raw\disgust\reg_img83 (24).jpg,disgust
C:\Users\mainh\OneDrive\Attachments\Máy tính\facial-emotion-viz\data\raw\disgust\reg_img121 (23).jpg,disgust
C:\Users\mainh\OneDrive\Attachments\Máy tính\facial-emotion-viz\data\raw\happiness\reg_img121 (3).jpg,happiness
C:\Users\mainh\OneDrive\Attachments\Máy tính\facial-emotion-viz\data\raw\disgust\reg_img151 (4).jpg,disgust
C:\Users\mainh\OneDrive\Attachments\Máy tính\facial-emotion-viz\data\raw\disgust\reg_img87 (24).jpg,disgust
C:\Users\mainh\OneDrive\Attachments\Máy tính\facial-emotion-viz\data\raw\happiness\reg_img119 (6).jpg,happiness
C:\Users\mainh\OneDrive\Attachments\Máy tính\facial-emotion-viz\data\raw\disgust\reg_img65 (4).jpg,disgust
C:\Users\mainh\OneDrive\Attachments\Máy tính\facial-emotion-viz\data\raw\surprise\reg_img161 (2).jpg,surprise
C:\Users\mainh\OneDrive\Attachments\Máy tính\facial-emotion-viz\data\raw\happiness\reg_img73 (6).jpg,happiness
C:\Users\mainh\OneDrive\Attachments\Máy tính\facial-emotion-viz\data\raw\repression\reg_img183.jpg,repression
C:\Users\mainh\OneDrive\Attachments\Máy tính\facial-emotion-viz\data\raw\sadness\reg_img29 (2).jpg,sadness
C:\Users\mainh\OneDrive\Attachments\Máy tính\facial-emotion-viz\data\raw\happiness\reg_img56 (11).jpg,happiness
C:\Users\mainh\OneDrive\Attachments\Máy tính\facial-emotion-viz\data\raw\surprise\reg_img58 (4).jpg,surprise
C:\Users\mainh\OneDrive\Attachments\Máy tính\facial-emotion-viz\data\raw\surprise\reg_img146 (7).jpg,surprise
C:\Users\mainh\OneDrive\Attachments\Máy tính\facial-emotion-viz\data\raw\surprise\reg_img108 (11).jpg,surprise
C:\Users\mainh\OneDrive\Attachments\Máy tính\facial-emotion-viz\data\raw\happiness\reg_img70 (15).jpg,happiness
C:\Users\mainh\OneDrive\Attachments\Máy tính\facial-emotion-viz\data\raw\disgust\reg_img66 (2).jpg,disgust
C:\Users\mainh\OneDrive\Attachments\Máy tính\facial-emotion-viz\data\raw\happiness\reg_img57 (19).jpg,happiness
C:\Users\mainh\OneDrive\Attachments\Máy tính\facial-emotion-viz\data\raw\happiness\reg_img99 (14).jpg,happiness
C:\Users\mainh\OneDrive\Attachments\Máy tính\facial-emotion-viz\data\raw\disgust\reg_img93 (30).jpg,disgust
C:\Users\mainh\OneDrive\Attachments\Máy tính\facial-emotion-viz\data\raw\sadness\reg_img84.jpg,sadness
C:\Users\mainh\OneDrive\Attachments\Máy tính\facial-emotion-viz\data\raw\repression\reg_img51 (12).jpg,repression
C:\Users\mainh\OneDrive\Attachments\Máy tính\facial-emotion-viz\data\raw\happiness\reg_img127 (10).jpg,happiness
C:\Users\mainh\OneDrive\Attachments\Máy tính\facial-emotion-viz\data\raw\sadness\reg_img80 (2).jpg,sadness
C:\Users\mainh\OneDrive\Attachments\Máy tính\facial-emotion-viz\data\raw\disgust\reg_img141 (10).jpg,disgust
C:\Users\mainh\OneDrive\Attachments\Máy tính\facial-emotion-viz\data\raw\disgust\reg_img120 (7).jpg,disgust
C:\Users\mainh\OneDrive\Attachments\Máy tính\facial-emotion-viz\data\raw\disgust\reg_img60 (29).jpg,disgust
C:\Users\mainh\OneDrive\Attachments\Máy tính\facial-emotion-viz\data\raw\disgust\reg_img165 (4).jpg,disgust
C:\Users\mainh\OneDrive\Attachments\Máy tính\facial-emotion-viz\data\raw\disgust\reg_img85 (27).jpg,disgust
C:\Users\mainh\OneDrive\Attachments\Máy tính\facial-emotion-viz\data\raw\disgust\reg_img178 (2).jpg,disgust
C:\Users\mainh\OneDrive\Attachments\Máy tính\facial-emotion-viz\data\raw\disgust\reg_img97 (23).jpg,disgust
C:\Users\mainh\OneDrive\Attachments\Máy tính\facial-emotion-viz\data\raw\disgust\reg_img84 (33).jpg,disgust
C:\Users\mainh\OneDrive\Attachments\Máy tính\facial-emotion-viz\data\raw\happiness\reg_img98 (12).jpg,happiness
C:\Users\mainh\OneDrive\Attachments\Máy tính\facial-emotion-viz\data\raw\sadness\reg_img371.jpg,sadness
C:\Users\mainh\OneDrive\Attachments\Máy tính\facial-emotion-viz\data\raw\disgust\reg_img36 (10).jpg,disgust
C:\Users\mainh\OneDrive\Attachments\Máy tính\facial-emotion-viz\data\raw\disgust\reg_img41 (26).jpg,disgust
C:\Users\mainh\OneDrive\Attachments\Máy tính\facial-emotion-viz\data\raw\disgust\reg_img28 (7).jpg,disgust
C:\Users\mainh\OneDrive\Attachments\Máy tính\facial-emotion-viz\data\raw\disgust\reg_img150 (3).jpg,disgust
C:\Users\mainh\OneDrive\Attachments\Máy tính\facial-emotion-viz\data\raw\surprise\reg_img47 (2).jpg,surprise
C:\Users\mainh\OneDrive\Attachments\Máy tính\facial-emotion-viz\data\raw\disgust\reg_img140 (6).jpg,disgust
C:\Users\mainh\OneDrive\Attachments\Máy tính\facial-emotion-viz\data\raw\repression\reg_img135 (4).jpg,repression
C:\Users\mainh\OneDrive\Attachments\Máy tính\facial-emotion-viz\data\raw\disgust\reg_img144 (3).jpg,disgust
C:\Users\mainh\OneDrive\Attachments\Máy tính\facial-emotion-viz\data\raw\repression\reg_img196.jpg,repression
C:\Users\mainh\OneDrive\Attachments\Máy tính\facial-emotion-viz\data\raw\disgust\reg_img64 (20).jpg,disgust
C:\Users\mainh\OneDrive\Attachments\Máy tính\facial-emotion-viz\data\raw\happiness\reg_img62 (9).jpg,happiness
C:\Users\mainh\OneDrive\Attachments\Máy tính\facial-emotion-viz\data\raw\disgust\reg_img125 (16).jpg,disgust
C:\Users\mainh\OneDrive\Attachments\Máy tính\facial-emotion-viz\data\raw\disgust\reg_img166 (2).jpg,disgust
C:\Users\mainh\OneDrive\Attachments\Máy tính\facial-emotion-viz\data\raw\disgust\reg_img87 (22).jpg,disgust
C:\Users\mainh\OneDrive\Attachments\Máy tính\facial-emotion-viz\data\raw\surprise\reg_img181 (2).jpg,surprise
C:\Users\mainh\OneDrive\Attachments\Máy tính\facial-emotion-viz\data\raw\disgust\reg_img126 (14).jpg,disgust
C:\Users\mainh\OneDrive\Attachments\Máy tính\facial-emotion-viz\data\raw\disgust\reg_img151 (10).jpg,disgust
C:\Users\mainh\OneDrive\Attachments\Máy tính\facial-emotion-viz\data\raw\disgust\reg_img91 (27).jpg,disgust
C:\Users\mainh\OneDrive\Attachments\Máy tính\facial-emotion-viz\data\raw\surprise\reg_img102 (13).jpg,surprise
C:\Users\mainh\OneDrive\Attachments\Máy tính\facial-emotion-viz\data\raw\disgust\reg_img29 (13).jpg,disgust
C:\Users\mainh\OneDrive\Attachments\Máy tính\facial-emotion-viz\data\raw\happiness\reg_img59 (4).jpg,happiness
C:\Users\mainh\OneDrive\Attachments\Máy tính\facial-emotion-viz\data\raw\repression\reg_img166 (5).jpg,repression
C:\Users\mainh\OneDrive\Attachments\Máy tính\facial-emotion-viz\data\raw\repression\reg_img115 (7).jpg,repression
C:\Users\mainh\OneDrive\Attachments\Máy tính\facial-emotion-viz\data\raw\repression\reg_img139 (8).jpg,repression
C:\Users\mainh\OneDrive\Attachments\Máy tính\facial-emotion-viz\data\raw\disgust\reg_img113 (12).jpg,disgust
C:\Users\mainh\OneDrive\Attachments\Máy tính\facial-emotion-viz\data\raw\disgust\reg_img104 (26).jpg,disgust
C:\Users\mainh\OneDrive\Attachments\Máy tính\facial-emotion-viz\data\raw\disgust\reg_img131 (11).jpg,disgust
C:\Users\mainh\OneDrive\Attachments\Máy tính\facial-emotion-viz\data\raw\disgust\reg_img28 (3).jpg,disgust
C:\Users\mainh\OneDrive\Attachments\Máy tính\facial-emotion-viz\data\raw\disgust\reg_img59 (4).jpg,disgust
C:\Users\mainh\OneDrive\Attachments\Máy tính\facial-emotion-viz\data\raw\happiness\reg_img106 (6).jpg,happiness
C:\Users\mainh\OneDrive\Attachments\Máy tính\facial-emotion-viz\data\raw\disgust\reg_img75 (6).jpg,disgust
C:\Users\mainh\OneDrive\Attachments\Máy tính\facial-emotion-viz\data\raw\happiness\reg_img70 (19).jpg,happiness
C:\Users\mainh\OneDrive\Attachments\Máy tính\facial-emotion-viz\data\raw\disgust\reg_img79 (9).jpg,disgust
C:\Users\mainh\OneDrive\Attachments\Máy tính\facial-emotion-viz\data\raw\repression\reg_img121 (14).jpg,repression
C:\Users\mainh\OneDrive\Attachments\Máy tính\facial-emotion-viz\data\raw\happiness\reg_img78 (16).jpg,happiness
C:\Users\mainh\OneDrive\Attachments\Máy tính\facial-emotion-viz\data\raw\surprise\reg_img137 (3).jpg,surprise
C:\Users\mainh\OneDrive\Attachments\Máy tính\facial-emotion-viz\data\raw\disgust\reg_img73 (17).jpg,disgust
C:\Users\mainh\OneDrive\Attachments\Máy tính\facial-emotion-viz\data\raw\disgust\reg_img72 (34).jpg,disgust
C:\Users\mainh\OneDrive\Attachments\Máy tính\facial-emotion-viz\data\raw\disgust\reg_img61 (6).jpg,disgust
C:\Users\mainh\OneDrive\Attachments\Máy tính\facial-emotion-viz\data\raw\surprise\reg_img101 (9).jpg,surprise
C:\Users\mainh\OneDrive\Attachments\Máy tính\facial-emotion-viz\data\raw\repression\reg_img210.jpg,repression
C:\Users\mainh\OneDrive\Attachments\Máy tính\facial-emotion-viz\data\raw\sadness\reg_img46 (3).jpg,sadness
C:\Users\mainh\OneDrive\Attachments\Máy tính\facial-emotion-viz\data\raw\surprise\reg_img98 (5).jpg,surprise
C:\Users\mainh\OneDrive\Attachments\Máy tính\facial-emotion-viz\data\raw\disgust\reg_img155 (6).jpg,disgust
C:\Users\mainh\OneDrive\Attachments\Máy tính\facial-emotion-viz\data\raw\happiness\reg_img259.jpg,happiness
C:\Users\mainh\OneDrive\Attachments\Máy tính\facial-emotion-viz\data\raw\happiness\reg_img56 (3).jpg,happiness
C:\Users\mainh\OneDrive\Attachments\Máy tính\facial-emotion-viz\data\raw\disgust\reg_img34 (8).jpg,disgust
C:\Users\mainh\OneDrive\Attachments\Máy tính\facial-emotion-viz\data\raw\disgust\reg_img84 (34).jpg,disgust
C:\Users\mainh\OneDrive\Attachments\Máy tính\facial-emotion-viz\data\raw\disgust\reg_img127 (12).jpg,disgust
C:\Users\mainh\OneDrive\Attachments\Máy tính\facial-emotion-viz\data\raw\disgust\reg_img106 (34).jpg,disgust
C:\Users\mainh\OneDrive\Attachments\Máy tính\facial-emotion-viz\data\raw\happiness\reg_img119 (12).jpg,happiness
C:\Users\mainh\OneDrive\Attachments\Máy tính\facial-emotion-viz\data\raw\disgust\reg_img60 (7).jpg,disgust
C:\Users\mainh\OneDrive\Attachments\Máy tính\facial-emotion-viz\data\raw\disgust\reg_img54 (12).jpg,disgust
C:\Users\mainh\OneDrive\Attachments\Máy tính\facial-emotion-viz\data\raw\happiness\reg_img59 (12).jpg,happiness
C:\Users\mainh\OneDrive\Attachments\Máy tính\facial-emotion-viz\data\raw\disgust\reg_img104 (13).jpg,disgust
C:\Users\mainh\OneDrive\Attachments\Máy tính\facial-emotion-viz\data\raw\happiness\reg_img45 (6).jpg,happiness
C:\Users\mainh\OneDrive\Attachments\Máy tính\facial-emotion-viz\data\raw\surprise\reg_img59 (3).jpg,surprise
C:\Users\mainh\OneDrive\Attachments\Máy tính\facial-emotion-viz\data\raw\disgust\reg_img82 (33).jpg,disgust
C:\Users\mainh\OneDrive\Attachments\Máy tính\facial-emotion-viz\data\raw\disgust\reg_img95.jpg,disgust
C:\Users\mainh\OneDrive\Attachments\Máy tính\facial-emotion-viz\data\raw\surprise\reg_img105.jpg,surprise
C:\Users\mainh\OneDrive\Attachments\Máy tính\facial-emotion-viz\data\raw\happiness\reg_img43 (2).jpg,happiness
C:\Users\mainh\OneDrive\Attachments\Máy tính\facial-emotion-viz\data\raw\disgust\reg_img18 (3).jpg,disgust
C:\Users\mainh\OneDrive\Attachments\Máy tính\facial-emotion-viz\data\raw\happiness\reg_img190 (2).jpg,happiness
C:\Users\mainh\OneDrive\Attachments\Máy tính\facial-emotion-viz\data\raw\disgust\reg_img101 (20).jpg,disgust
C:\Users\mainh\OneDrive\Attachments\Máy tính\facial-emotion-viz\data\raw\happiness\reg_img136 (3).jpg,happiness
C:\Users\mainh\OneDrive\Attachments\Máy tính\facial-emotion-viz\data\raw\disgust\reg_img55 (16).jpg,disgust
C:\Users\mainh\OneDrive\Attachments\Máy tính\facial-emotion-viz\data\raw\disgust\reg_img58 (7).jpg,disgust
C:\Users\mainh\OneDrive\Attachments\Máy tính\facial-emotion-viz\data\raw\disgust\reg_img111 (3).jpg,disgust
C:\Users\mainh\OneDrive\Attachments\Máy tính\facial-emotion-viz\data\raw\disgust\reg_img36 (22).jpg,disgust
C:\Users\mainh\OneDrive\Attachments\Máy tính\facial-emotion-viz\data\raw\disgust\reg_img114 (2).jpg,disgust
C:\Users\mainh\OneDrive\Attachments\Máy tính\facial-emotion-viz\data\raw\disgust\reg_img410.jpg,disgust
C:\Users\mainh\OneDrive\Attachments\Máy tính\facial-emotion-viz\data\raw\disgust\reg_img75 (15).jpg,disgust
C:\Users\mainh\OneDrive\Attachments\Máy tính\facial-emotion-viz\data\raw\happiness\reg_img75 (19).jpg,happiness
C:\Users\mainh\OneDrive\Attachments\Máy tính\facial-emotion-viz\data\raw\surprise\reg_img100 (12).jpg,surprise
C:\Users\mainh\OneDrive\Attachments\Máy tính\facial-emotion-viz\data\raw\repression\reg_img79 (14).jpg,repression
C:\Users\mainh\OneDrive\Attachments\Máy tính\facial-emotion-viz\data\raw\surprise\reg_img54 (13).jpg,surprise
C:\Users\mainh\OneDrive\Attachments\Máy tính\facial-emotion-viz\data\raw\repression\reg_img43.jpg,repression
C:\Users\mainh\OneDrive\Attachments\Máy tính\facial-emotion-viz\data\raw\disgust\reg_img95 (17).jpg,disgust
C:\Users\mainh\OneDrive\Attachments\Máy tính\facial-emotion-viz\data\raw\surprise\reg_img98.jpg,surprise
C:\Users\mainh\OneDrive\Attachments\Máy tính\facial-emotion-viz\data\raw\repression\reg_img74 (14).jpg,repression
C:\Users\mainh\OneDrive\Attachments\Máy tính\facial-emotion-viz\data\raw\happiness\reg_img78 (11).jpg,happiness
C:\Users\mainh\OneDrive\Attachments\Máy tính\facial-emotion-viz\data\raw\disgust\reg_img130 (12).jpg,disgust
C:\Users\mainh\OneDrive\Attachments\Máy tính\facial-emotion-viz\data\raw\happiness\reg_img138 (5).jpg,happiness
C:\Users\mainh\OneDrive\Attachments\Máy tính\facial-emotion-viz\data\raw\disgust\reg_img119 (12).jpg,disgust
C:\Users\mainh\OneDrive\Attachments\Máy tính\facial-emotion-viz\data\raw\repression\reg_img83 (2).jpg,repression
C:\Users\mainh\OneDrive\Attachments\Máy tính\facial-emotion-viz\data\raw\disgust\reg_img75 (30).jpg,disgust
C:\Users\mainh\OneDrive\Attachments\Máy tính\facial-emotion-viz\data\raw\surprise\reg_img143 (7).jpg,surprise
C:\Users\mainh\OneDrive\Attachments\Máy tính\facial-emotion-viz\data\raw\disgust\reg_img385.jpg,disgust
C:\Users\mainh\OneDrive\Attachments\Máy tính\facial-emotion-viz\data\raw\repression\reg_img152 (6).jpg,repression
C:\Users\mainh\OneDrive\Attachments\Máy tính\facial-emotion-viz\data\raw\disgust\reg_img124 (6).jpg,disgust
C:\Users\mainh\OneDrive\Attachments\Máy tính\facial-emotion-viz\data\raw\happiness\reg_img97 (19).jpg,happiness
C:\Users\mainh\OneDrive\Attachments\Máy tính\facial-emotion-viz\data\raw\disgust\reg_img414.jpg,disgust
C:\Users\mainh\OneDrive\Attachments\Máy tính\facial-emotion-viz\data\raw\happiness\reg_img85 (16).jpg,happiness
C:\Users\mainh\OneDrive\Attachments\Máy tính\facial-emotion-viz\data\raw\disgust\reg_img111 (25).jpg,disgust
C:\Users\mainh\OneDrive\Attachments\Máy tính\facial-emotion-viz\data\raw\repression\reg_img24.jpg,repression
C:\Users\mainh\OneDrive\Attachments\Máy tính\facial-emotion-viz\data\raw\surprise\reg_img122 (6).jpg,surprise
C:\Users\mainh\OneDrive\Attachments\Máy tính\facial-emotion-viz\data\raw\happiness\reg_img186 (4).jpg,happiness
C:\Users\mainh\OneDrive\Attachments\Máy tính\facial-emotion-viz\data\raw\disgust\reg_img89 (25).jpg,disgust
C:\Users\mainh\OneDrive\Attachments\Máy tính\facial-emotion-viz\data\raw\sadness\reg_img55 (2).jpg,sadness
C:\Users\mainh\OneDrive\Attachments\Máy tính\facial-emotion-viz\data\raw\disgust\reg_img55 (20).jpg,disgust
C:\Users\mainh\OneDrive\Attachments\Máy tính\facial-emotion-viz\data\raw\happiness\reg_img156 (4).jpg,happiness
C:\Users\mainh\OneDrive\Attachments\Máy tính\facial-emotion-viz\data\raw\disgust\reg_img59 (6).jpg,disgust
C:\Users\mainh\OneDrive\Attachments\Máy tính\facial-emotion-viz\data\raw\repression\reg_img109 (8).jpg,repression
C:\Users\mainh\OneDrive\Attachments\Máy tính\facial-emotion-viz\data\raw\repression\reg_img16.jpg,repression
C:\Users\mainh\OneDrive\Attachments\Máy tính\facial-emotion-viz\data\raw\repression\reg_img152 (8).jpg,repression
C:\Users\mainh\OneDrive\Attachments\Máy tính\facial-emotion-viz\data\raw\surprise\reg_img96 (3).jpg,surprise
C:\Users\mainh\OneDrive\Attachments\Máy tính\facial-emotion-viz\data\raw\surprise\reg_img139 (7).jpg,surprise
C:\Users\mainh\OneDrive\Attachments\Máy tính\facial-emotion-viz\data\raw\sadness\reg_img52.jpg,sadness
C:\Users\mainh\OneDrive\Attachments\Máy tính\facial-emotion-viz\data\raw\disgust\reg_img113 (13).jpg,disgust
C:\Users\mainh\OneDrive\Attachments\Máy tính\facial-emotion-viz\data\raw\disgust\reg_img122 (20).jpg,disgust
C:\Users\mainh\OneDrive\Attachments\Máy tính\facial-emotion-viz\data\raw\disgust\reg_img54 (13).jpg,disgust
C:\Users\mainh\OneDrive\Attachments\Máy tính\facial-emotion-viz\data\raw\happiness\reg_img74 (15).jpg,happiness
C:\Users\mainh\OneDrive\Attachments\Máy tính\facial-emotion-viz\data\raw\disgust\reg_img102 (28).jpg,disgust
C:\Users\mainh\OneDrive\Attachments\Máy tính\facial-emotion-viz\data\raw\disgust\reg_img25 (4).jpg,disgust
C:\Users\mainh\OneDrive\Attachments\Máy tính\facial-emotion-viz\data\raw\disgust\reg_img151 (3).jpg,disgust
C:\Users\mainh\OneDrive\Attachments\Máy tính\facial-emotion-viz\data\raw\disgust\reg_img36 (14).jpg,disgust
C:\Users\mainh\OneDrive\Attachments\Máy tính\facial-emotion-viz\data\raw\disgust\reg_img59 (23).jpg,disgust
C:\Users\mainh\OneDrive\Attachments\Máy tính\facial-emotion-viz\data\raw\happiness\reg_img160.jpg,happiness
C:\Users\mainh\OneDrive\Attachments\Máy tính\facial-emotion-viz\data\raw\repression\reg_img179 (2).jpg,repression
C:\Users\mainh\OneDrive\Attachments\Máy tính\facial-emotion-viz\data\raw\repression\reg_img55 (7).jpg,repression
C:\Users\mainh\OneDrive\Attachments\Máy tính\facial-emotion-viz\data\raw\happiness\reg_img65 (13).jpg,happiness
C:\Users\mainh\OneDrive\Attachments\Máy tính\facial-emotion-viz\data\raw\disgust\reg_img80 (6).jpg,disgust
C:\Users\mainh\OneDrive\Attachments\Máy tính\facial-emotion-viz\data\raw\disgust\reg_img165 (2).jpg,disgust
C:\Users\mainh\OneDrive\Attachments\Máy tính\facial-emotion-viz\data\raw\repression\reg_img119 (6).jpg,repression
C:\Users\mainh\OneDrive\Attachments\Máy tính\facial-emotion-viz\data\raw\happiness\reg_img124 (14).jpg,happiness
C:\Users\mainh\OneDrive\Attachments\Máy tính\facial-emotion-viz\data\raw\happiness\reg_img54 (12).jpg,happiness
C:\Users\mainh\OneDrive\Attachments\Máy tính\facial-emotion-viz\data\raw\happiness\reg_img91 (2).jpg,happiness
C:\Users\mainh\OneDrive\Attachments\Máy tính\facial-emotion-viz\data\raw\fear\reg_img82.jpg,fear
C:\Users\mainh\OneDrive\Attachments\Máy tính\facial-emotion-viz\data\raw\disgust\reg_img121 (3).jpg,disgust
C:\Users\mainh\OneDrive\Attachments\Máy tính\facial-emotion-viz\data\raw\disgust\reg_img52 (29).jpg,disgust
C:\Users\mainh\OneDrive\Attachments\Máy tính\facial-emotion-viz\data\raw\happiness\reg_img41 (16).jpg,happiness
C:\Users\mainh\OneDrive\Attachments\Máy tính\facial-emotion-viz\data\raw\disgust\reg_img46 (14).jpg,disgust
C:\Users\mainh\OneDrive\Attachments\Máy tính\facial-emotion-viz\data\raw\surprise\reg_img56 (3).jpg,surprise
C:\Users\mainh\OneDrive\Attachments\Máy tính\facial-emotion-viz\data\raw\happiness\reg_img155.jpg,happiness
C:\Users\mainh\OneDrive\Attachments\Máy tính\facial-emotion-viz\data\raw\sadness\reg_img319.jpg,sadness
C:\Users\mainh\OneDrive\Attachments\Máy tính\facial-emotion-viz\data\raw\disgust\reg_img57 (21).jpg,disgust
C:\Users\mainh\OneDrive\Attachments\Máy tính\facial-emotion-viz\data\raw\disgust\reg_img115 (9).jpg,disgust
C:\Users\mainh\OneDrive\Attachments\Máy tính\facial-emotion-viz\data\raw\happiness\reg_img83 (22).jpg,happiness
C:\Users\mainh\OneDrive\Attachments\Máy tính\facial-emotion-viz\data\raw\happiness\reg_img101 (13).jpg,happiness
C:\Users\mainh\OneDrive\Attachments\Máy tính\facial-emotion-viz\data\raw\disgust\reg_img23 (5).jpg,disgust
C:\Users\mainh\OneDrive\Attachments\Máy tính\facial-emotion-viz\data\raw\disgust\reg_img79.jpg,disgust
C:\Users\mainh\OneDrive\Attachments\Máy tính\facial-emotion-viz\data\raw\repression\reg_img53 (10).jpg,repression
C:\Users\mainh\OneDrive\Attachments\Máy tính\facial-emotion-viz\data\raw\repression\reg_img50 (9).jpg,repression
C:\Users\mainh\OneDrive\Attachments\Máy tính\facial-emotion-viz\data\raw\disgust\reg_img12.jpg,disgust
C:\Users\mainh\OneDrive\Attachments\Máy tính\facial-emotion-viz\data\raw\disgust\reg_img92 (32).jpg,disgust
C:\Users\mainh\OneDrive\Attachments\Máy tính\facial-emotion-viz\data\raw\sadness\reg_img367.jpg,sadness
C:\Users\mainh\OneDrive\Attachments\Máy tính\facial-emotion-viz\data\raw\disgust\reg_img46 (19).jpg,disgust
C:\Users\mainh\OneDrive\Attachments\Máy tính\facial-emotion-viz\data\raw\disgust\reg_img96 (14).jpg,disgust
C:\Users\mainh\OneDrive\Attachments\Máy tính\facial-emotion-viz\data\raw\disgust\reg_img45 (12).jpg,disgust
C:\Users\mainh\OneDrive\Attachments\Máy tính\facial-emotion-viz\data\raw\happiness\reg_img181 (3).jpg,happiness
C:\Users\mainh\OneDrive\Attachments\Máy tính\facial-emotion-viz\data\raw\repression\reg_img176 (6).jpg,repression
C:\Users\mainh\OneDrive\Attachments\Máy tính\facial-emotion-viz\data\raw\repression\reg_img80 (9).jpg,repression
C:\Users\mainh\OneDrive\Attachments\Máy tính\facial-emotion-viz\data\raw\happiness\reg_img67 (12).jpg,happiness
C:\Users\mainh\OneDrive\Attachments\Máy tính\facial-emotion-viz\data\raw\disgust\reg_img119 (15).jpg,disgust
C:\Users\mainh\OneDrive\Attachments\Máy tính\facial-emotion-viz\data\raw\disgust\reg_img435.jpg,disgust
C:\Users\mainh\OneDrive\Attachments\Máy tính\facial-emotion-viz\data\raw\disgust\reg_img69 (2).jpg,disgust
C:\Users\mainh\OneDrive\Attachments\Máy tính\facial-emotion-viz\data\raw\repression\reg_img37 (4).jpg,repression
C:\Users\mainh\OneDrive\Attachments\Máy tính\facial-emotion-viz\data\raw\disgust\reg_img52 (32).jpg,disgust
C:\Users\mainh\OneDrive\Attachments\Máy tính\facial-emotion-viz\data\raw\disgust\reg_img33 (11).jpg,disgust
C:\Users\mainh\OneDrive\Attachments\Máy tính\facial-emotion-viz\data\raw\repression\reg_img25 (5).jpg,repression
C:\Users\mainh\OneDrive\Attachments\Máy tính\facial-emotion-viz\data\raw\disgust\reg_img153 (3).jpg,disgust
C:\Users\mainh\OneDrive\Attachments\Máy tính\facial-emotion-viz\data\raw\happiness\reg_img46 (4).jpg,happiness
C:\Users\mainh\OneDrive\Attachments\Máy tính\facial-emotion-viz\data\raw\disgust\reg_img82 (12).jpg,disgust
C:\Users\mainh\OneDrive\Attachments\Máy tính\facial-emotion-viz\data\raw\disgust\reg_img116 (24).jpg,disgust
C:\Users\mainh\OneDrive\Attachments\Máy tính\facial-emotion-viz\data\raw\happiness\reg_img92 (10).jpg,happiness
C:\Users\mainh\OneDrive\Attachments\Máy tính\facial-emotion-viz\data\raw\happiness\reg_img87 (20).jpg,happiness
C:\Users\mainh\OneDrive\Attachments\Máy tính\facial-emotion-viz\data\raw\disgust\reg_img46 (8).jpg,disgust
C:\Users\mainh\OneDrive\Attachments\Máy tính\facial-emotion-viz\data\raw\disgust\reg_img111 (30).jpg,disgust
C:\Users\mainh\OneDrive\Attachments\Máy tính\facial-emotion-viz\data\raw\disgust\reg_img42 (3).jpg,disgust
C:\Users\mainh\OneDrive\Attachments\Máy tính\facial-emotion-viz\data\raw\disgust\reg_img50.jpg,disgust
C:\Users\mainh\OneDrive\Attachments\Máy tính\facial-emotion-viz\data\raw\disgust\reg_img141 (15).jpg,disgust
C:\Users\mainh\OneDrive\Attachments\Máy tính\facial-emotion-viz\data\raw\happiness\reg_img118 (11).jpg,happiness
C:\Users\mainh\OneDrive\Attachments\Máy tính\facial-emotion-viz\data\raw\disgust\reg_img130 (11).jpg,disgust
C:\Users\mainh\OneDrive\Attachments\Máy tính\facial-emotion-viz\data\raw\repression\reg_img164 (6).jpg,repression
C:\Users\mainh\OneDrive\Attachments\Máy tính\facial-emotion-viz\data\raw\disgust\reg_img52 (13).jpg,disgust
C:\Users\mainh\OneDrive\Attachments\Máy tính\facial-emotion-viz\data\raw\happiness\reg_img38 (6).jpg,happiness
C:\Users\mainh\OneDrive\Attachments\Máy tính\facial-emotion-viz\data\raw\disgust\reg_img87 (31).jpg,disgust
C:\Users\mainh\OneDrive\Attachments\Máy tính\facial-emotion-viz\data\raw\disgust\reg_img107 (24).jpg,disgust
C:\Users\mainh\OneDrive\Attachments\Máy tính\facial-emotion-viz\data\raw\happiness\reg_img62 (14).jpg,happiness
C:\Users\mainh\OneDrive\Attachments\Máy tính\facial-emotion-viz\data\raw\surprise\reg_img100 (4).jpg,surprise
C:\Users\mainh\OneDrive\Attachments\Máy tính\facial-emotion-viz\data\raw\happiness\reg_img73 (7).jpg,happiness
C:\Users\mainh\OneDrive\Attachments\Máy tính\facial-emotion-viz\data\raw\disgust\reg_img56 (26).jpg,disgust
C:\Users\mainh\OneDrive\Attachments\Máy tính\facial-emotion-viz\data\raw\repression\reg_img74 (16).jpg,repression
C:\Users\mainh\OneDrive\Attachments\Máy tính\facial-emotion-viz\data\raw\surprise\reg_img81 (14).jpg,surprise
C:\Users\mainh\OneDrive\Attachments\Máy tính\facial-emotion-viz\data\raw\happiness\reg_img123 (5).jpg,happiness
C:\Users\mainh\OneDrive\Attachments\Máy tính\facial-emotion-viz\data\raw\disgust\reg_img98 (30).jpg,disgust
C:\Users\mainh\OneDrive\Attachments\Máy tính\facial-emotion-viz\data\raw\disgust\reg_img30 (4).jpg,disgust
C:\Users\mainh\OneDrive\Attachments\Máy tính\facial-emotion-viz\data\raw\happiness\reg_img120 (7).jpg,happiness
C:\Users\mainh\OneDrive\Attachments\Máy tính\facial-emotion-viz\data\raw\disgust\reg_img130 (2).jpg,disgust
C:\Users\mainh\OneDrive\Attachments\Máy tính\facial-emotion-viz\data\raw\repression\reg_img87 (7).jpg,repression
C:\Users\mainh\OneDrive\Attachments\Máy tính\facial-emotion-viz\data\raw\repression\reg_img103 (7).jpg,repression
C:\Users\mainh\OneDrive\Attachments\Máy tính\facial-emotion-viz\data\raw\repression\reg_img88.jpg,repression
C:\Users\mainh\OneDrive\Attachments\Máy tính\facial-emotion-viz\data\raw\surprise\reg_img65 (2).jpg,surprise
C:\Users\mainh\OneDrive\Attachments\Máy tính\facial-emotion-viz\data\raw\happiness\reg_img115 (4).jpg,happiness
C:\Users\mainh\OneDrive\Attachments\Máy tính\facial-emotion-viz\data\raw\happiness\reg_img87 (19).jpg,happiness
C:\Users\mainh\OneDrive\Attachments\Máy tính\facial-emotion-viz\data\raw\disgust\reg_img74 (14).jpg,disgust
C:\Users\mainh\OneDrive\Attachments\Máy tính\facial-emotion-viz\data\raw\surprise\reg_img108 (4).jpg,surprise
C:\Users\mainh\OneDrive\Attachments\Máy tính\facial-emotion-viz\data\raw\repression\reg_img96 (8).jpg,repression
C:\Users\mainh\OneDrive\Attachments\Máy tính\facial-emotion-viz\data\raw\repression\reg_img108 (4).jpg,repression
C:\Users\mainh\OneDrive\Attachments\Máy tính\facial-emotion-viz\data\raw\surprise\reg_img126 (4).jpg,surprise
C:\Users\mainh\OneDrive\Attachments\Máy tính\facial-emotion-viz\data\raw\disgust\reg_img67 (11).jpg,disgust
C:\Users\mainh\OneDrive\Attachments\Máy tính\facial-emotion-viz\data\raw\happiness\reg_img221 (2).jpg,happiness
C:\Users\mainh\OneDrive\Attachments\Máy tính\facial-emotion-viz\data\raw\disgust\reg_img59 (5).jpg,disgust
C:\Users\mainh\OneDrive\Attachments\Máy tính\facial-emotion-viz\data\raw\disgust\reg_img16 (8).jpg,disgust
C:\Users\mainh\OneDrive\Attachments\Máy tính\facial-emotion-viz\data\raw\disgust\reg_img58 (19).jpg,disgust
C:\Users\mainh\OneDrive\Attachments\Máy tính\facial-emotion-viz\data\raw\repression\reg_img80 (11).jpg,repression
C:\Users\mainh\OneDrive\Attachments\Máy tính\facial-emotion-viz\data\raw\repression\reg_img183 (7).jpg,repression
C:\Users\mainh\OneDrive\Attachments\Máy tính\facial-emotion-viz\data\raw\repression\reg_img157 (2).jpg,repression
C:\Users\mainh\OneDrive\Attachments\Máy tính\facial-emotion-viz\data\raw\repression\reg_img70 (3).jpg,repression
C:\Users\mainh\OneDrive\Attachments\Máy tính\facial-emotion-viz\data\raw\disgust\reg_img113 (21).jpg,disgust
C:\Users\mainh\OneDrive\Attachments\Máy tính\facial-emotion-viz\data\raw\disgust\reg_img74 (16).jpg,disgust
C:\Users\mainh\OneDrive\Attachments\Máy tính\facial-emotion-viz\data\raw\happiness\reg_img94 (16).jpg,happiness
C:\Users\mainh\OneDrive\Attachments\Máy tính\facial-emotion-viz\data\raw\surprise\reg_img25 (2).jpg,surprise
C:\Users\mainh\OneDrive\Attachments\Máy tính\facial-emotion-viz\data\raw\surprise\reg_img77 (12).jpg,surprise
C:\Users\mainh\OneDrive\Attachments\Máy tính\facial-emotion-viz\data\raw\repression\reg_img113 (7).jpg,repression
C:\Users\mainh\OneDrive\Attachments\Máy tính\facial-emotion-viz\data\raw\disgust\reg_img37 (4).jpg,disgust
C:\Users\mainh\OneDrive\Attachments\Máy tính\facial-emotion-viz\data\raw\disgust\reg_img56 (22).jpg,disgust
C:\Users\mainh\OneDrive\Attachments\Máy tính\facial-emotion-viz\data\raw\happiness\reg_img22 (5).jpg,happiness
C:\Users\mainh\OneDrive\Attachments\Máy tính\facial-emotion-viz\data\raw\disgust\reg_img111 (27).jpg,disgust
C:\Users\mainh\OneDrive\Attachments\Máy tính\facial-emotion-viz\data\raw\repression\reg_img213 (2).jpg,repression
C:\Users\mainh\OneDrive\Attachments\Máy tính\facial-emotion-viz\data\raw\disgust\reg_img91 (23).jpg,disgust
C:\Users\mainh\OneDrive\Attachments\Máy tính\facial-emotion-viz\data\raw\surprise\reg_img158 (4).jpg,surprise
C:\Users\mainh\OneDrive\Attachments\Máy tính\facial-emotion-viz\data\raw\happiness\reg_img83 (2).jpg,happiness
C:\Users\mainh\OneDrive\Attachments\Máy tính\facial-emotion-viz\data\raw\sadness\reg_img38 (2).jpg,sadness
C:\Users\mainh\OneDrive\Attachments\Máy tính\facial-emotion-viz\data\raw\surprise\reg_img75 (13).jpg,surprise
C:\Users\mainh\OneDrive\Attachments\Máy tính\facial-emotion-viz\data\raw\repression\reg_img176 (3).jpg,repression
C:\Users\mainh\OneDrive\Attachments\Máy tính\facial-emotion-viz\data\raw\sadness\reg_img49 (3).jpg,sadness
C:\Users\mainh\OneDrive\Attachments\Máy tính\facial-emotion-viz\data\raw\surprise\reg_img49 (4).jpg,surprise
C:\Users\mainh\OneDrive\Attachments\Máy tính\facial-emotion-viz\data\raw\disgust\reg_img157 (2).jpg,disgust
C:\Users\mainh\OneDrive\Attachments\Máy tính\facial-emotion-viz\data\raw\repression\reg_img10 (2).jpg,repression
C:\Users\mainh\OneDrive\Attachments\Máy tính\facial-emotion-viz\data\raw\repression\reg_img76 (15).jpg,repression
C:\Users\mainh\OneDrive\Attachments\Máy tính\facial-emotion-viz\data\raw\repression\reg_img89 (9).jpg,repression
C:\Users\mainh\OneDrive\Attachments\Máy tính\facial-emotion-viz\data\raw\happiness\reg_img207.jpg,happiness
C:\Users\mainh\OneDrive\Attachments\Máy tính\facial-emotion-viz\data\raw\happiness\reg_img79 (14).jpg,happiness
C:\Users\mainh\OneDrive\Attachments\Máy tính\facial-emotion-viz\data\raw\disgust\reg_img71 (32).jpg,disgust
C:\Users\mainh\OneDrive\Attachments\Máy tính\facial-emotion-viz\data\raw\disgust\reg_img47 (17).jpg,disgust
C:\Users\mainh\OneDrive\Attachments\Máy tính\facial-emotion-viz\data\raw\happiness\reg_img125 (3).jpg,happiness
C:\Users\mainh\OneDrive\Attachments\Máy tính\facial-emotion-viz\data\raw\disgust\reg_img59 (7).jpg,disgust
C:\Users\mainh\OneDrive\Attachments\Máy tính\facial-emotion-viz\data\raw\disgust\reg_img99 (30).jpg,disgust
C:\Users\mainh\OneDrive\Attachments\Máy tính\facial-emotion-viz\data\raw\disgust\reg_img38 (12).jpg,disgust
C:\Users\mainh\OneDrive\Attachments\Máy tính\facial-emotion-viz\data\raw\surprise\reg_img76 (7).jpg,surprise
C:\Users\mainh\OneDrive\Attachments\Máy tính\facial-emotion-viz\data\raw\disgust\reg_img61.jpg,disgust
C:\Users\mainh\OneDrive\Attachments\Máy tính\facial-emotion-viz\data\raw\repression\reg_img57 (4).jpg,repression
C:\Users\mainh\OneDrive\Attachments\Máy tính\facial-emotion-viz\data\raw\happiness\reg_img54 (7).jpg,happiness
C:\Users\mainh\OneDrive\Attachments\Máy tính\facial-emotion-viz\data\raw\happiness\reg_img109 (8).jpg,happiness
C:\Users\mainh\OneDrive\Attachments\Máy tính\facial-emotion-viz\data\raw\happiness\reg_img33.jpg,happiness
C:\Users\mainh\OneDrive\Attachments\Máy tính\facial-emotion-viz\data\raw\disgust\reg_img109 (9).jpg,disgust
C:\Users\mainh\OneDrive\Attachments\Máy tính\facial-emotion-viz\data\raw\surprise\reg_img127 (3).jpg,surprise
C:\Users\mainh\OneDrive\Attachments\Máy tính\facial-emotion-viz\data\raw\repression\reg_img127 (10).jpg,repression
C:\Users\mainh\OneDrive\Attachments\Máy tính\facial-emotion-viz\data\raw\repression\reg_img218.jpg,repression
C:\Users\mainh\OneDrive\Attachments\Máy tính\facial-emotion-viz\data\raw\repression\reg_img145 (11).jpg,repression
C:\Users\mainh\OneDrive\Attachments\Máy tính\facial-emotion-viz\data\raw\happiness\reg_img75 (10).jpg,happiness
C:\Users\mainh\OneDrive\Attachments\Máy tính\facial-emotion-viz\data\raw\surprise\reg_img39 (5).jpg,surprise
C:\Users\mainh\OneDrive\Attachments\Máy tính\facial-emotion-viz\data\raw\repression\reg_img167 (8).jpg,repression
C:\Users\mainh\OneDrive\Attachments\Máy tính\facial-emotion-viz\data\raw\happiness\reg_img72 (17).jpg,happiness
C:\Users\mainh\OneDrive\Attachments\Máy tính\facial-emotion-viz\data\raw\disgust\reg_img64 (6).jpg,disgust
C:\Users\mainh\OneDrive\Attachments\Máy tính\facial-emotion-viz\data\raw\disgust\reg_img111 (13).jpg,disgust
C:\Users\mainh\OneDrive\Attachments\Máy tính\facial-emotion-viz\data\raw\disgust\reg_img20 (6).jpg,disgust
C:\Users\mainh\OneDrive\Attachments\Máy tính\facial-emotion-viz\data\raw\surprise\reg_img47 (8).jpg,surprise
C:\Users\mainh\OneDrive\Attachments\Máy tính\facial-emotion-viz\data\raw\disgust\reg_img109 (4).jpg,disgust
C:\Users\mainh\OneDrive\Attachments\Máy tính\facial-emotion-viz\data\raw\surprise\reg_img110 (10).jpg,surprise
C:\Users\mainh\OneDrive\Attachments\Máy tính\facial-emotion-viz\data\raw\happiness\reg_img159 (4).jpg,happiness
C:\Users\mainh\OneDrive\Attachments\Máy tính\facial-emotion-viz\data\raw\happiness\reg_img36 (4).jpg,happiness
C:\Users\mainh\OneDrive\Attachments\Máy tính\facial-emotion-viz\data\raw\disgust\reg_img97 (27).jpg,disgust
C:\Users\mainh\OneDrive\Attachments\Máy tính\facial-emotion-viz\data\raw\repression\reg_img132 (3).jpg,repression
C:\Users\mainh\OneDrive\Attachments\Máy tính\facial-emotion-viz\data\raw\happiness\reg_img75 (4).jpg,happiness
C:\Users\mainh\OneDrive\Attachments\Máy tính\facial-emotion-viz\data\raw\disgust\reg_img78 (28).jpg,disgust
C:\Users\mainh\OneDrive\Attachments\Máy tính\facial-emotion-viz\data\raw\disgust\reg_img39 (16).jpg,disgust
C:\Users\mainh\OneDrive\Attachments\Máy tính\facial-emotion-viz\data\raw\repression\reg_img121 (8).jpg,repression
C:\Users\mainh\OneDrive\Attachments\Máy tính\facial-emotion-viz\data\raw\happiness\reg_img87 (6).jpg,happiness
C:\Users\mainh\OneDrive\Attachments\Máy tính\facial-emotion-viz\data\raw\happiness\reg_img100 (6).jpg,happiness
C:\Users\mainh\OneDrive\Attachments\Máy tính\facial-emotion-viz\data\raw\surprise\reg_img49 (3).jpg,surprise
C:\Users\mainh\OneDrive\Attachments\Máy tính\facial-emotion-viz\data\raw\disgust\reg_img146 (6).jpg,disgust
C:\Users\mainh\OneDrive\Attachments\Máy tính\facial-emotion-viz\data\raw\happiness\reg_img113 (15).jpg,happiness
C:\Users\mainh\OneDrive\Attachments\Máy tính\facial-emotion-viz\data\raw\happiness\reg_img211 (2).jpg,happiness
C:\Users\mainh\OneDrive\Attachments\Máy tính\facial-emotion-viz\data\raw\disgust\reg_img109 (28).jpg,disgust
C:\Users\mainh\OneDrive\Attachments\Máy tính\facial-emotion-viz\data\raw\surprise\reg_img141 (7).jpg,surprise
C:\Users\mainh\OneDrive\Attachments\Máy tính\facial-emotion-viz\data\raw\surprise\reg_img88 (2).jpg,surprise
C:\Users\mainh\OneDrive\Attachments\Máy tính\facial-emotion-viz\data\raw\happiness\reg_img38 (8).jpg,happiness
C:\Users\mainh\OneDrive\Attachments\Máy tính\facial-emotion-viz\data\raw\disgust\reg_img94 (27).jpg,disgust
C:\Users\mainh\OneDrive\Attachments\Máy tính\facial-emotion-viz\data\raw\happiness\reg_img97 (5).jpg,happiness
C:\Users\mainh\OneDrive\Attachments\Máy tính\facial-emotion-viz\data\raw\repression\reg_img139 (2).jpg,repression
C:\Users\mainh\OneDrive\Attachments\Máy tính\facial-emotion-viz\data\raw\disgust\reg_img136 (6).jpg,disgust
C:\Users\mainh\OneDrive\Attachments\Máy tính\facial-emotion-viz\data\raw\disgust\reg_img173 (2).jpg,disgust
C:\Users\mainh\OneDrive\Attachments\Máy tính\facial-emotion-viz\data\raw\happiness\reg_img65 (3).jpg,happiness
C:\Users\mainh\OneDrive\Attachments\Máy tính\facial-emotion-viz\data\raw\happiness\reg_img100 (3).jpg,happiness
C:\Users\mainh\OneDrive\Attachments\Máy tính\facial-emotion-viz\data\raw\disgust\reg_img73 (15).jpg,disgust
C:\Users\mainh\OneDrive\Attachments\Máy tính\facial-emotion-viz\data\raw\disgust\reg_img106.jpg,disgust
C:\Users\mainh\OneDrive\Attachments\Máy tính\facial-emotion-viz\data\raw\repression\reg_img115 (14).jpg,repression
C:\Users\mainh\OneDrive\Attachments\Máy tính\facial-emotion-viz\data\raw\disgust\reg_img100 (22).jpg,disgust
C:\Users\mainh\OneDrive\Attachments\Máy tính\facial-emotion-viz\data\raw\happiness\reg_img46 (17).jpg,happiness
C:\Users\mainh\OneDrive\Attachments\Máy tính\facial-emotion-viz\data\raw\surprise\reg_img87.jpg,surprise
C:\Users\mainh\OneDrive\Attachments\Máy tính\facial-emotion-viz\data\raw\disgust\reg_img130 (8).jpg,disgust
C:\Users\mainh\OneDrive\Attachments\Máy tính\facial-emotion-viz\data\raw\happiness\reg_img115 (13).jpg,happiness
C:\Users\mainh\OneDrive\Attachments\Máy tính\facial-emotion-viz\data\raw\disgust\reg_img76 (28).jpg,disgust
C:\Users\mainh\OneDrive\Attachments\Máy tính\facial-emotion-viz\data\raw\happiness\reg_img99 (3).jpg,happiness
C:\Users\mainh\OneDrive\Attachments\Máy tính\facial-emotion-viz\data\raw\surprise\reg_img116 (8).jpg,surprise
C:\Users\mainh\OneDrive\Attachments\Máy tính\facial-emotion-viz\data\raw\surprise\reg_img104 (12).jpg,surprise
C:\Users\mainh\OneDrive\Attachments\Máy tính\facial-emotion-viz\data\raw\surprise\reg_img142 (5).jpg,surprise
C:\Users\mainh\OneDrive\Attachments\Máy tính\facial-emotion-viz\data\raw\disgust\reg_img74 (12).jpg,disgust
C:\Users\mainh\OneDrive\Attachments\Máy tính\facial-emotion-viz\data\raw\repression\reg_img13 (2).jpg,repression
C:\Users\mainh\OneDrive\Attachments\Máy tính\facial-emotion-viz\data\raw\surprise\reg_img164 (2).jpg,surprise
C:\Users\mainh\OneDrive\Attachments\Máy tính\facial-emotion-viz\data\raw\repression\reg_img41 (5).jpg,repression
C:\Users\mainh\OneDrive\Attachments\Máy tính\facial-emotion-viz\data\raw\surprise\reg_img42 (6).jpg,surprise
C:\Users\mainh\OneDrive\Attachments\Máy tính\facial-emotion-viz\data\raw\disgust\reg_img8.jpg,disgust
C:\Users\mainh\OneDrive\Attachments\Máy tính\facial-emotion-viz\data\raw\repression\reg_img63 (11).jpg,repression
C:\Users\mainh\OneDrive\Attachments\Máy tính\facial-emotion-viz\data\raw\happiness\reg_img138 (7).jpg,happiness
C:\Users\mainh\OneDrive\Attachments\Máy tính\facial-emotion-viz\data\raw\disgust\reg_img76 (11).jpg,disgust
C:\Users\mainh\OneDrive\Attachments\Máy tính\facial-emotion-viz\data\raw\repression\reg_img31 (3).jpg,repression
C:\Users\mainh\OneDrive\Attachments\Máy tính\facial-emotion-viz\data\raw\disgust\reg_img123 (9).jpg,disgust
C:\Users\mainh\OneDrive\Attachments\Máy tính\facial-emotion-viz\data\raw\happiness\reg_img81 (19).jpg,happiness
C:\Users\mainh\OneDrive\Attachments\Máy tính\facial-emotion-viz\data\raw\repression\reg_img69 (14).jpg,repression
C:\Users\mainh\OneDrive\Attachments\Máy tính\facial-emotion-viz\data\raw\repression\reg_img106 (12).jpg,repression
C:\Users\mainh\OneDrive\Attachments\Máy tính\facial-emotion-viz\data\raw\disgust\reg_img100 (25).jpg,disgust
C:\Users\mainh\OneDrive\Attachments\Máy tính\facial-emotion-viz\data\raw\disgust\reg_img50 (3).jpg,disgust
C:\Users\mainh\OneDrive\Attachments\Máy tính\facial-emotion-viz\data\raw\repression\reg_img114 (14).jpg,repression
C:\Users\mainh\OneDrive\Attachments\Máy tính\facial-emotion-viz\data\raw\repression\reg_img86 (7).jpg,repression
C:\Users\mainh\OneDrive\Attachments\Máy tính\facial-emotion-viz\data\raw\repression\reg_img118.jpg,repression
C:\Users\mainh\OneDrive\Attachments\Máy tính\facial-emotion-viz\data\raw\repression\reg_img64 (9).jpg,repression
C:\Users\mainh\OneDrive\Attachments\Máy tính\facial-emotion-viz\data\raw\disgust\reg_img107 (9).jpg,disgust
C:\Users\mainh\OneDrive\Attachments\Máy tính\facial-emotion-viz\data\raw\surprise\reg_img49 (9).jpg,surprise
C:\Users\mainh\OneDrive\Attachments\Máy tính\facial-emotion-viz\data\raw\repression\reg_img98 (13).jpg,repression
C:\Users\mainh\OneDrive\Attachments\Máy tính\facial-emotion-viz\data\raw\happiness\reg_img105 (6).jpg,happiness
C:\Users\mainh\OneDrive\Attachments\Máy tính\facial-emotion-viz\data\raw\disgust\reg_img45 (6).jpg,disgust
C:\Users\mainh\OneDrive\Attachments\Máy tính\facial-emotion-viz\data\raw\disgust\reg_img46 (21).jpg,disgust
C:\Users\mainh\OneDrive\Attachments\Máy tính\facial-emotion-viz\data\raw\disgust\reg_img103 (3).jpg,disgust
C:\Users\mainh\OneDrive\Attachments\Máy tính\facial-emotion-viz\data\raw\disgust\reg_img39 (18).jpg,disgust
C:\Users\mainh\OneDrive\Attachments\Máy tính\facial-emotion-viz\data\raw\happiness\reg_img111 (13).jpg,happiness
C:\Users\mainh\OneDrive\Attachments\Máy tính\facial-emotion-viz\data\raw\repression\reg_img60.jpg,repression
C:\Users\mainh\OneDrive\Attachments\Máy tính\facial-emotion-viz\data\raw\disgust\reg_img71 (37).jpg,disgust
C:\Users\mainh\OneDrive\Attachments\Máy tính\facial-emotion-viz\data\raw\disgust\reg_img48 (16).jpg,disgust
C:\Users\mainh\OneDrive\Attachments\Máy tính\facial-emotion-viz\data\raw\surprise\reg_img74 (7).jpg,surprise
C:\Users\mainh\OneDrive\Attachments\Máy tính\facial-emotion-viz\data\raw\disgust\reg_img72 (13).jpg,disgust
C:\Users\mainh\OneDrive\Attachments\Máy tính\facial-emotion-viz\data\raw\disgust\reg_img76 (31).jpg,disgust
C:\Users\mainh\OneDrive\Attachments\Máy tính\facial-emotion-viz\data\raw\disgust\reg_img177 (4).jpg,disgust
C:\Users\mainh\OneDrive\Attachments\Máy tính\facial-emotion-viz\data\raw\happiness\reg_img134.jpg,happiness
C:\Users\mainh\OneDrive\Attachments\Máy tính\facial-emotion-viz\data\raw\disgust\reg_img113 (11).jpg,disgust
C:\Users\mainh\OneDrive\Attachments\Máy tính\facial-emotion-viz\data\raw\disgust\reg_img123 (24).jpg,disgust
C:\Users\mainh\OneDrive\Attachments\Máy tính\facial-emotion-viz\data\raw\disgust\reg_img204 (2).jpg,disgust
C:\Users\mainh\OneDrive\Attachments\Máy tính\facial-emotion-viz\data\raw\disgust\reg_img42 (4).jpg,disgust
C:\Users\mainh\OneDrive\Attachments\Máy tính\facial-emotion-viz\data\raw\disgust\reg_img85.jpg,disgust
C:\Users\mainh\OneDrive\Attachments\Máy tính\facial-emotion-viz\data\raw\happiness\reg_img101 (19).jpg,happiness
C:\Users\mainh\OneDrive\Attachments\Máy tính\facial-emotion-viz\data\raw\happiness\reg_img76.jpg,happiness
C:\Users\mainh\OneDrive\Attachments\Máy tính\facial-emotion-viz\data\raw\disgust\reg_img58 (26).jpg,disgust
C:\Users\mainh\OneDrive\Attachments\Máy tính\facial-emotion-viz\data\raw\disgust\reg_img62 (4).jpg,disgust
C:\Users\mainh\OneDrive\Attachments\Máy tính\facial-emotion-viz\data\raw\disgust\reg_img75 (2).jpg,disgust
C:\Users\mainh\OneDrive\Attachments\Máy tính\facial-emotion-viz\data\raw\sadness\reg_img74 (2).jpg,sadness
C:\Users\mainh\OneDrive\Attachments\Máy tính\facial-emotion-viz\data\raw\surprise\reg_img119 (8).jpg,surprise
C:\Users\mainh\OneDrive\Attachments\Máy tính\facial-emotion-viz\data\raw\disgust\reg_img51 (10).jpg,disgust
C:\Users\mainh\OneDrive\Attachments\Máy tính\facial-emotion-viz\data\raw\repression\reg_img23 (6).jpg,repression
C:\Users\mainh\OneDrive\Attachments\Máy tính\facial-emotion-viz\data\raw\disgust\reg_img51 (26).jpg,disgust
C:\Users\mainh\OneDrive\Attachments\Máy tính\facial-emotion-viz\data\raw\surprise\reg_img35 (4).jpg,surprise
C:\Users\mainh\OneDrive\Attachments\Máy tính\facial-emotion-viz\data\raw\surprise\reg_img81 (3).jpg,surprise
C:\Users\mainh\OneDrive\Attachments\Máy tính\facial-emotion-viz\data\raw\disgust\reg_img134 (7).jpg,disgust
C:\Users\mainh\OneDrive\Attachments\Máy tính\facial-emotion-viz\data\raw\disgust\reg_img38 (21).jpg,disgust
C:\Users\mainh\OneDrive\Attachments\Máy tính\facial-emotion-viz\data\raw\disgust\reg_img26 (16).jpg,disgust
C:\Users\mainh\OneDrive\Attachments\Máy tính\facial-emotion-viz\data\raw\disgust\reg_img53 (8).jpg,disgust
C:\Users\mainh\OneDrive\Attachments\Máy tính\facial-emotion-viz\data\raw\happiness\reg_img76 (16).jpg,happiness
C:\Users\mainh\OneDrive\Attachments\Máy tính\facial-emotion-viz\data\raw\happiness\reg_img110 (13).jpg,happiness
C:\Users\mainh\OneDrive\Attachments\Máy tính\facial-emotion-viz\data\raw\repression\reg_img54 (6).jpg,repression
C:\Users\mainh\OneDrive\Attachments\Máy tính\facial-emotion-viz\data\raw\disgust\reg_img47 (7).jpg,disgust
C:\Users\mainh\OneDrive\Attachments\Máy tính\facial-emotion-viz\data\raw\disgust\reg_img114 (28).jpg,disgust
C:\Users\mainh\OneDrive\Attachments\Máy tính\facial-emotion-viz\data\raw\happiness\reg_img104 (12).jpg,happiness
C:\Users\mainh\OneDrive\Attachments\Máy tính\facial-emotion-viz\data\raw\disgust\reg_img148 (10).jpg,disgust
C:\Users\mainh\OneDrive\Attachments\Máy tính\facial-emotion-viz\data\raw\repression\reg_img12.jpg,repression
C:\Users\mainh\OneDrive\Attachments\Máy tính\facial-emotion-viz\data\raw\disgust\reg_img111.jpg,disgust
C:\Users\mainh\OneDrive\Attachments\Máy tính\facial-emotion-viz\data\raw\disgust\reg_img86 (14).jpg,disgust
C:\Users\mainh\OneDrive\Attachments\Máy tính\facial-emotion-viz\data\raw\disgust\reg_img84 (23).jpg,disgust
C:\Users\mainh\OneDrive\Attachments\Máy tính\facial-emotion-viz\data\raw\repression\reg_img56.jpg,repression
C:\Users\mainh\OneDrive\Attachments\Máy tính\facial-emotion-viz\data\raw\disgust\reg_img434.jpg,disgust
C:\Users\mainh\OneDrive\Attachments\Máy tính\facial-emotion-viz\data\raw\disgust\reg_img99 (7).jpg,disgust
C:\Users\mainh\OneDrive\Attachments\Máy tính\facial-emotion-viz\data\raw\surprise\reg_img191.jpg,surprise
C:\Users\mainh\OneDrive\Attachments\Máy tính\facial-emotion-viz\data\raw\disgust\reg_img51 (19).jpg,disgust
C:\Users\mainh\OneDrive\Attachments\Máy tính\facial-emotion-viz\data\raw\disgust\reg_img83 (17).jpg,disgust
C:\Users\mainh\OneDrive\Attachments\Máy tính\facial-emotion-viz\data\raw\disgust\reg_img64.jpg,disgust
C:\Users\mainh\OneDrive\Attachments\Máy tính\facial-emotion-viz\data\raw\disgust\reg_img35.jpg,disgust
C:\Users\mainh\OneDrive\Attachments\Máy tính\facial-emotion-viz\data\raw\disgust\reg_img94 (10).jpg,disgust
C:\Users\mainh\OneDrive\Attachments\Máy tính\facial-emotion-viz\data\raw\disgust\reg_img52 (26).jpg,disgust
C:\Users\mainh\OneDrive\Attachments\Máy tính\facial-emotion-viz\data\raw\repression\reg_img32 (3).jpg,repression
C:\Users\mainh\OneDrive\Attachments\Máy tính\facial-emotion-viz\data\raw\disgust\reg_img16 (5).jpg,disgust
C:\Users\mainh\OneDrive\Attachments\Máy tính\facial-emotion-viz\data\raw\repression\reg_img169 (2).jpg,repression
C:\Users\mainh\OneDrive\Attachments\Máy tính\facial-emotion-viz\data\raw\disgust\reg_img109 (31).jpg,disgust
C:\Users\mainh\OneDrive\Attachments\Máy tính\facial-emotion-viz\data\raw\disgust\reg_img154 (7).jpg,disgust
C:\Users\mainh\OneDrive\Attachments\Máy tính\facial-emotion-viz\data\raw\disgust\reg_img46 (5).jpg,disgust
C:\Users\mainh\OneDrive\Attachments\Máy tính\facial-emotion-viz\data\raw\disgust\reg_img47 (13).jpg,disgust
C:\Users\mainh\OneDrive\Attachments\Máy tính\facial-emotion-viz\data\raw\fear\reg_img111.jpg,fear
C:\Users\mainh\OneDrive\Attachments\Máy tính\facial-emotion-viz\data\raw\happiness\reg_img70 (10).jpg,happiness
C:\Users\mainh\OneDrive\Attachments\Máy tính\facial-emotion-viz\data\raw\disgust\reg_img102 (12).jpg,disgust
C:\Users\mainh\OneDrive\Attachments\Máy tính\facial-emotion-viz\data\raw\disgust\reg_img118.jpg,disgust
C:\Users\mainh\OneDrive\Attachments\Máy tính\facial-emotion-viz\data\raw\disgust\reg_img58 (28).jpg,disgust
C:\Users\mainh\OneDrive\Attachments\Máy tính\facial-emotion-viz\data\raw\disgust\reg_img149 (11).jpg,disgust
C:\Users\mainh\OneDrive\Attachments\Máy tính\facial-emotion-viz\data\raw\happiness\reg_img127.jpg,happiness
C:\Users\mainh\OneDrive\Attachments\Máy tính\facial-emotion-viz\data\raw\happiness\reg_img32 (11).jpg,happiness
C:\Users\mainh\OneDrive\Attachments\Máy tính\facial-emotion-viz\data\raw\happiness\reg_img85 (5).jpg,happiness
C:\Users\mainh\OneDrive\Attachments\Máy tính\facial-emotion-viz\data\raw\disgust\reg_img136.jpg,disgust
C:\Users\mainh\OneDrive\Attachments\Máy tính\facial-emotion-viz\data\raw\fear\reg_img66.jpg,fear
C:\Users\mainh\OneDrive\Attachments\Máy tính\facial-emotion-viz\data\raw\disgust\reg_img105 (35).jpg,disgust
C:\Users\mainh\OneDrive\Attachments\Máy tính\facial-emotion-viz\data\raw\surprise\reg_img33 (7).jpg,surprise
C:\Users\mainh\OneDrive\Attachments\Máy tính\facial-emotion-viz\data\raw\surprise\reg_img26 (4).jpg,surprise
C:\Users\mainh\OneDrive\Attachments\Máy tính\facial-emotion-viz\data\raw\repression\reg_img151 (5).jpg,repression
C:\Users\mainh\OneDrive\Attachments\Máy tính\facial-emotion-viz\data\raw\disgust\reg_img77 (29).jpg,disgust
C:\Users\mainh\OneDrive\Attachments\Máy tính\facial-emotion-viz\data\raw\disgust\reg_img97 (37).jpg,disgust
C:\Users\mainh\OneDrive\Attachments\Máy tính\facial-emotion-viz\data\raw\disgust\reg_img84 (28).jpg,disgust
C:\Users\mainh\OneDrive\Attachments\Máy tính\facial-emotion-viz\data\raw\happiness\reg_img80 (19).jpg,happiness
C:\Users\mainh\OneDrive\Attachments\Máy tính\facial-emotion-viz\data\raw\sadness\reg_img327.jpg,sadness
C:\Users\mainh\OneDrive\Attachments\Máy tính\facial-emotion-viz\data\raw\surprise\reg_img142 (7).jpg,surprise
C:\Users\mainh\OneDrive\Attachments\Máy tính\facial-emotion-viz\data\raw\repression\reg_img28 (6).jpg,repression
C:\Users\mainh\OneDrive\Attachments\Máy tính\facial-emotion-viz\data\raw\disgust\reg_img40 (8).jpg,disgust
C:\Users\mainh\OneDrive\Attachments\Máy tính\facial-emotion-viz\data\raw\disgust\reg_img131 (10).jpg,disgust
C:\Users\mainh\OneDrive\Attachments\Máy tính\facial-emotion-viz\data\raw\disgust\reg_img92 (35).jpg,disgust
C:\Users\mainh\OneDrive\Attachments\Máy tính\facial-emotion-viz\data\raw\happiness\reg_img86 (21).jpg,happiness
C:\Users\mainh\OneDrive\Attachments\Máy tính\facial-emotion-viz\data\raw\disgust\reg_img14 (4).jpg,disgust
C:\Users\mainh\OneDrive\Attachments\Máy tính\facial-emotion-viz\data\raw\repression\reg_img125 (10).jpg,repression
C:\Users\mainh\OneDrive\Attachments\Máy tính\facial-emotion-viz\data\raw\repression\reg_img86 (8).jpg,repression
C:\Users\mainh\OneDrive\Attachments\Máy tính\facial-emotion-viz\data\raw\happiness\reg_img237.jpg,happiness
C:\Users\mainh\OneDrive\Attachments\Máy tính\facial-emotion-viz\data\raw\happiness\reg_img128 (2).jpg,happiness
C:\Users\mainh\OneDrive\Attachments\Máy tính\facial-emotion-viz\data\raw\disgust\reg_img152 (6).jpg,disgust
C:\Users\mainh\OneDrive\Attachments\Máy tính\facial-emotion-viz\data\raw\repression\reg_img149 (3).jpg,repression
C:\Users\mainh\OneDrive\Attachments\Máy tính\facial-emotion-viz\data\raw\disgust\reg_img102 (26).jpg,disgust
C:\Users\mainh\OneDrive\Attachments\Máy tính\facial-emotion-viz\data\raw\disgust\reg_img96 (34).jpg,disgust
C:\Users\mainh\OneDrive\Attachments\Máy tính\facial-emotion-viz\data\raw\surprise\reg_img78 (10).jpg,surprise
C:\Users\mainh\OneDrive\Attachments\Máy tính\facial-emotion-viz\data\raw\disgust\reg_img200 (2).jpg,disgust
C:\Users\mainh\OneDrive\Attachments\Máy tính\facial-emotion-viz\data\raw\repression\reg_img19.jpg,repression
C:\Users\mainh\OneDrive\Attachments\Máy tính\facial-emotion-viz\data\raw\disgust\reg_img116 (7).jpg,disgust
C:\Users\mainh\OneDrive\Attachments\Máy tính\facial-emotion-viz\data\raw\surprise\reg_img84 (13).jpg,surprise
C:\Users\mainh\OneDrive\Attachments\Máy tính\facial-emotion-viz\data\raw\surprise\reg_img43 (5).jpg,surprise
C:\Users\mainh\OneDrive\Attachments\Máy tính\facial-emotion-viz\data\raw\disgust\reg_img108 (25).jpg,disgust
C:\Users\mainh\OneDrive\Attachments\Máy tính\facial-emotion-viz\data\raw\happiness\reg_img148 (2).jpg,happiness
C:\Users\mainh\OneDrive\Attachments\Máy tính\facial-emotion-viz\data\raw\happiness\reg_img233 (2).jpg,happiness
C:\Users\mainh\OneDrive\Attachments\Máy tính\facial-emotion-viz\data\raw\surprise\reg_img96 (7).jpg,surprise
C:\Users\mainh\OneDrive\Attachments\Máy tính\facial-emotion-viz\data\raw\disgust\reg_img121 (10).jpg,disgust
C:\Users\mainh\OneDrive\Attachments\Máy tính\facial-emotion-viz\data\raw\disgust\reg_img65 (16).jpg,disgust
C:\Users\mainh\OneDrive\Attachments\Máy tính\facial-emotion-viz\data\raw\disgust\reg_img56 (7).jpg,disgust
C:\Users\mainh\OneDrive\Attachments\Máy tính\facial-emotion-viz\data\raw\disgust\reg_img194 (2).jpg,disgust
C:\Users\mainh\OneDrive\Attachments\Máy tính\facial-emotion-viz\data\raw\disgust\reg_img97 (20).jpg,disgust
C:\Users\mainh\OneDrive\Attachments\Máy tính\facial-emotion-viz\data\raw\repression\reg_img106 (5).jpg,repression
C:\Users\mainh\OneDrive\Attachments\Máy tính\facial-emotion-viz\data\raw\disgust\reg_img79 (25).jpg,disgust
C:\Users\mainh\OneDrive\Attachments\Máy tính\facial-emotion-viz\data\raw\happiness\reg_img124 (12).jpg,happiness
C:\Users\mainh\OneDrive\Attachments\Máy tính\facial-emotion-viz\data\raw\disgust\reg_img93 (20).jpg,disgust
C:\Users\mainh\OneDrive\Attachments\Máy tính\facial-emotion-viz\data\raw\disgust\reg_img45 (4).jpg,disgust
C:\Users\mainh\OneDrive\Attachments\Máy tính\facial-emotion-viz\data\raw\repression\reg_img135 (3).jpg,repression
C:\Users\mainh\OneDrive\Attachments\Máy tính\facial-emotion-viz\data\raw\disgust\reg_img103 (6).jpg,disgust
C:\Users\mainh\OneDrive\Attachments\Máy tính\facial-emotion-viz\data\raw\happiness\reg_img61 (7).jpg,happiness
C:\Users\mainh\OneDrive\Attachments\Máy tính\facial-emotion-viz\data\raw\repression\reg_img188 (2).jpg,repression
C:\Users\mainh\OneDrive\Attachments\Máy tính\facial-emotion-viz\data\raw\happiness\reg_img87 (18).jpg,happiness
C:\Users\mainh\OneDrive\Attachments\Máy tính\facial-emotion-viz\data\raw\surprise\reg_img61 (8).jpg,surprise
C:\Users\mainh\OneDrive\Attachments\Máy tính\facial-emotion-viz\data\raw\repression\reg_img143 (2).jpg,repression
C:\Users\mainh\OneDrive\Attachments\Máy tính\facial-emotion-viz\data\raw\repression\reg_img120 (3).jpg,repression
C:\Users\mainh\OneDrive\Attachments\Máy tính\facial-emotion-viz\data\raw\happiness\reg_img202.jpg,happiness
C:\Users\mainh\OneDrive\Attachments\Máy tính\facial-emotion-viz\data\raw\happiness\reg_img145.jpg,happiness
C:\Users\mainh\OneDrive\Attachments\Máy tính\facial-emotion-viz\data\raw\happiness\reg_img129 (10).jpg,happiness
C:\Users\mainh\OneDrive\Attachments\Máy tính\facial-emotion-viz\data\raw\disgust\reg_img70 (29).jpg,disgust
C:\Users\mainh\OneDrive\Attachments\Máy tính\facial-emotion-viz\data\raw\disgust\reg_img183 (2).jpg,disgust
C:\Users\mainh\OneDrive\Attachments\Máy tính\facial-emotion-viz\data\raw\repression\reg_img182.jpg,repression
C:\Users\mainh\OneDrive\Attachments\Máy tính\facial-emotion-viz\data\raw\disgust\reg_img140 (5).jpg,disgust
C:\Users\mainh\OneDrive\Attachments\Máy tính\facial-emotion-viz\data\raw\surprise\reg_img9.jpg,surprise
C:\Users\mainh\OneDrive\Attachments\Máy tính\facial-emotion-viz\data\raw\disgust\reg_img106 (28).jpg,disgust
C:\Users\mainh\OneDrive\Attachments\Máy tính\facial-emotion-viz\data\raw\disgust\reg_img113 (14).jpg,disgust
C:\Users\mainh\OneDrive\Attachments\Máy tính\facial-emotion-viz\data\raw\happiness\reg_img70 (11).jpg,happiness
C:\Users\mainh\OneDrive\Attachments\Máy tính\facial-emotion-viz\data\raw\happiness\reg_img69 (10).jpg,happiness
C:\Users\mainh\OneDrive\Attachments\Máy tính\facial-emotion-viz\data\raw\surprise\reg_img18 (3).jpg,surprise
C:\Users\mainh\OneDrive\Attachments\Máy tính\facial-emotion-viz\data\raw\disgust\reg_img100 (18).jpg,disgust
C:\Users\mainh\OneDrive\Attachments\Máy tính\facial-emotion-viz\data\raw\surprise\reg_img83 (14).jpg,surprise
C:\Users\mainh\OneDrive\Attachments\Máy tính\facial-emotion-viz\data\raw\repression\reg_img92 (5).jpg,repression
C:\Users\mainh\OneDrive\Attachments\Máy tính\facial-emotion-viz\data\raw\surprise\reg_img45 (8).jpg,surprise
C:\Users\mainh\OneDrive\Attachments\Máy tính\facial-emotion-viz\data\raw\disgust\reg_img33 (14).jpg,disgust
C:\Users\mainh\OneDrive\Attachments\Máy tính\facial-emotion-viz\data\raw\repression\reg_img186 (3).jpg,repression
C:\Users\mainh\OneDrive\Attachments\Máy tính\facial-emotion-viz\data\raw\disgust\reg_img88 (25).jpg,disgust
C:\Users\mainh\OneDrive\Attachments\Máy tính\facial-emotion-viz\data\raw\sadness\reg_img45.jpg,sadness
C:\Users\mainh\OneDrive\Attachments\Máy tính\facial-emotion-viz\data\raw\surprise\reg_img85 (16).jpg,surprise
C:\Users\mainh\OneDrive\Attachments\Máy tính\facial-emotion-viz\data\raw\surprise\reg_img63 (4).jpg,surprise
C:\Users\mainh\OneDrive\Attachments\Máy tính\facial-emotion-viz\data\raw\disgust\reg_img53 (22).jpg,disgust
C:\Users\mainh\OneDrive\Attachments\Máy tính\facial-emotion-viz\data\raw\surprise\reg_img128 (8).jpg,surprise
C:\Users\mainh\OneDrive\Attachments\Máy tính\facial-emotion-viz\data\raw\repression\reg_img127 (11).jpg,repression
C:\Users\mainh\OneDrive\Attachments\Máy tính\facial-emotion-viz\data\raw\disgust\reg_img151 (7).jpg,disgust
C:\Users\mainh\OneDrive\Attachments\Máy tính\facial-emotion-viz\data\raw\surprise\reg_img88 (13).jpg,surprise
C:\Users\mainh\OneDrive\Attachments\Máy tính\facial-emotion-viz\data\raw\happiness\reg_img47 (15).jpg,happiness
C:\Users\mainh\OneDrive\Attachments\Máy tính\facial-emotion-viz\data\raw\repression\reg_img64 (16).jpg,repression
C:\Users\mainh\OneDrive\Attachments\Máy tính\facial-emotion-viz\data\raw\sadness\reg_img49.jpg,sadness
C:\Users\mainh\OneDrive\Attachments\Máy tính\facial-emotion-viz\data\raw\happiness\reg_img39 (10).jpg,happiness
C:\Users\mainh\OneDrive\Attachments\Máy tính\facial-emotion-viz\data\raw\disgust\reg_img107 (16).jpg,disgust
C:\Users\mainh\OneDrive\Attachments\Máy tính\facial-emotion-viz\data\raw\surprise\reg_img100 (5).jpg,surprise
C:\Users\mainh\OneDrive\Attachments\Máy tính\facial-emotion-viz\data\raw\repression\reg_img101 (8).jpg,repression
C:\Users\mainh\OneDrive\Attachments\Máy tính\facial-emotion-viz\data\raw\repression\reg_img92 (6).jpg,repression
C:\Users\mainh\OneDrive\Attachments\Máy tính\facial-emotion-viz\data\raw\happiness\reg_img108 (12).jpg,happiness
C:\Users\mainh\OneDrive\Attachments\Máy tính\facial-emotion-viz\data\raw\disgust\reg_img55 (8).jpg,disgust
C:\Users\mainh\OneDrive\Attachments\Máy tính\facial-emotion-viz\data\raw\disgust\reg_img144 (12).jpg,disgust
C:\Users\mainh\OneDrive\Attachments\Máy tính\facial-emotion-viz\data\raw\happiness\reg_img112.jpg,happiness
C:\Users\mainh\OneDrive\Attachments\Máy tính\facial-emotion-viz\data\raw\happiness\reg_img186 (2).jpg,happiness
C:\Users\mainh\OneDrive\Attachments\Máy tính\facial-emotion-viz\data\raw\surprise\reg_img21.jpg,surprise
C:\Users\mainh\OneDrive\Attachments\Máy tính\facial-emotion-viz\data\raw\surprise\reg_img106 (5).jpg,surprise
C:\Users\mainh\OneDrive\Attachments\Máy tính\facial-emotion-viz\data\raw\repression\reg_img63 (5).jpg,repression
C:\Users\mainh\OneDrive\Attachments\Máy tính\facial-emotion-viz\data\raw\happiness\reg_img135.jpg,happiness
C:\Users\mainh\OneDrive\Attachments\Máy tính\facial-emotion-viz\data\raw\disgust\reg_img81 (27).jpg,disgust
C:\Users\mainh\OneDrive\Attachments\Máy tính\facial-emotion-viz\data\raw\surprise\reg_img56 (4).jpg,surprise
C:\Users\mainh\OneDrive\Attachments\Máy tính\facial-emotion-viz\data\raw\disgust\reg_img60 (9).jpg,disgust
C:\Users\mainh\OneDrive\Attachments\Máy tính\facial-emotion-viz\data\raw\happiness\reg_img62 (10).jpg,happiness
C:\Users\mainh\OneDrive\Attachments\Máy tính\facial-emotion-viz\data\raw\repression\reg_img175 (2).jpg,repression
C:\Users\mainh\OneDrive\Attachments\Máy tính\facial-emotion-viz\data\raw\repression\reg_img179 (6).jpg,repression
C:\Users\mainh\OneDrive\Attachments\Máy tính\facial-emotion-viz\data\raw\happiness\reg_img92 (13).jpg,happiness
C:\Users\mainh\OneDrive\Attachments\Máy tính\facial-emotion-viz\data\raw\repression\reg_img91 (10).jpg,repression
C:\Users\mainh\OneDrive\Attachments\Máy tính\facial-emotion-viz\data\raw\happiness\reg_img25 (3).jpg,happiness
C:\Users\mainh\OneDrive\Attachments\Máy tính\facial-emotion-viz\data\raw\disgust\reg_img105 (33).jpg,disgust
C:\Users\mainh\OneDrive\Attachments\Máy tính\facial-emotion-viz\data\raw\disgust\reg_img84 (19).jpg,disgust
C:\Users\mainh\OneDrive\Attachments\Máy tính\facial-emotion-viz\data\raw\happiness\reg_img92 (20).jpg,happiness
C:\Users\mainh\OneDrive\Attachments\Máy tính\facial-emotion-viz\data\raw\repression\reg_img151 (7).jpg,repression
C:\Users\mainh\OneDrive\Attachments\Máy tính\facial-emotion-viz\data\raw\happiness\reg_img75 (9).jpg,happiness
C:\Users\mainh\OneDrive\Attachments\Máy tính\facial-emotion-viz\data\raw\disgust\reg_img45.jpg,disgust
C:\Users\mainh\OneDrive\Attachments\Máy tính\facial-emotion-viz\data\raw\sadness\reg_img348 (2).jpg,sadness
C:\Users\mainh\OneDrive\Attachments\Máy tính\facial-emotion-viz\data\raw\happiness\reg_img93 (12).jpg,happiness
C:\Users\mainh\OneDrive\Attachments\Máy tính\facial-emotion-viz\data\raw\disgust\reg_img363.jpg,disgust
C:\Users\mainh\OneDrive\Attachments\Máy tính\facial-emotion-viz\data\raw\repression\reg_img116 (10).jpg,repression
C:\Users\mainh\OneDrive\Attachments\Máy tính\facial-emotion-viz\data\raw\repression\reg_img78 (14).jpg,repression
C:\Users\mainh\OneDrive\Attachments\Máy tính\facial-emotion-viz\data\raw\surprise\reg_img121 (2).jpg,surprise
C:\Users\mainh\OneDrive\Attachments\Máy tính\facial-emotion-viz\data\raw\repression\reg_img64 (12).jpg,repression
C:\Users\mainh\OneDrive\Attachments\Máy tính\facial-emotion-viz\data\raw\disgust\reg_img62 (10).jpg,disgust
C:\Users\mainh\OneDrive\Attachments\Máy tính\facial-emotion-viz\data\raw\happiness\reg_img73 (8).jpg,happiness
C:\Users\mainh\OneDrive\Attachments\Máy tính\facial-emotion-viz\data\raw\happiness\reg_img54 (6).jpg,happiness
C:\Users\mainh\OneDrive\Attachments\Máy tính\facial-emotion-viz\data\raw\disgust\reg_img82 (19).jpg,disgust
C:\Users\mainh\OneDrive\Attachments\Máy tính\facial-emotion-viz\data\raw\happiness\reg_img39 (2).jpg,happiness
C:\Users\mainh\OneDrive\Attachments\Máy tính\facial-emotion-viz\data\raw\disgust\reg_img78 (17).jpg,disgust
C:\Users\mainh\OneDrive\Attachments\Máy tính\facial-emotion-viz\data\raw\disgust\reg_img39 (5).jpg,disgust
C:\Users\mainh\OneDrive\Attachments\Máy tính\facial-emotion-viz\data\raw\disgust\reg_img122 (23).jpg,disgust
C:\Users\mainh\OneDrive\Attachments\Máy tính\facial-emotion-viz\data\raw\disgust\reg_img75 (33).jpg,disgust
C:\Users\mainh\OneDrive\Attachments\Máy tính\facial-emotion-viz\data\raw\repression\reg_img135 (13).jpg,repression
C:\Users\mainh\OneDrive\Attachments\Máy tính\facial-emotion-viz\data\raw\repression\reg_img103 (10).jpg,repression
C:\Users\mainh\OneDrive\Attachments\Máy tính\facial-emotion-viz\data\raw\disgust\reg_img115 (12).jpg,disgust
C:\Users\mainh\OneDrive\Attachments\Máy tính\facial-emotion-viz\data\raw\happiness\reg_img89 (7).jpg,happiness
C:\Users\mainh\OneDrive\Attachments\Máy tính\facial-emotion-viz\data\raw\disgust\reg_img119 (13).jpg,disgust
C:\Users\mainh\OneDrive\Attachments\Máy tính\facial-emotion-viz\data\raw\repression\reg_img117 (12).jpg,repression
C:\Users\mainh\OneDrive\Attachments\Máy tính\facial-emotion-viz\data\raw\happiness\reg_img92 (3).jpg,happiness
C:\Users\mainh\OneDrive\Attachments\Máy tính\facial-emotion-viz\data\raw\happiness\reg_img199 (2).jpg,happiness
C:\Users\mainh\OneDrive\Attachments\Máy tính\facial-emotion-viz\data\raw\happiness\reg_img100 (14).jpg,happiness
C:\Users\mainh\OneDrive\Attachments\Máy tính\facial-emotion-viz\data\raw\happiness\reg_img33 (9).jpg,happiness
C:\Users\mainh\OneDrive\Attachments\Máy tính\facial-emotion-viz\data\raw\repression\reg_img105.jpg,repression
C:\Users\mainh\OneDrive\Attachments\Máy tính\facial-emotion-viz\data\raw\surprise\reg_img117.jpg,surprise
C:\Users\mainh\OneDrive\Attachments\Máy tính\facial-emotion-viz\data\raw\surprise\reg_img68 (11).jpg,surprise
C:\Users\mainh\OneDrive\Attachments\Máy tính\facial-emotion-viz\data\raw\disgust\reg_img39 (24).jpg,disgust
C:\Users\mainh\OneDrive\Attachments\Máy tính\facial-emotion-viz\data\raw\surprise\reg_img39 (4).jpg,surprise
C:\Users\mainh\OneDrive\Attachments\Máy tính\facial-emotion-viz\data\raw\happiness\reg_img13 (3).jpg,happiness
C:\Users\mainh\OneDrive\Attachments\Máy tính\facial-emotion-viz\data\raw\repression\reg_img86 (4).jpg,repression
C:\Users\mainh\OneDrive\Attachments\Máy tính\facial-emotion-viz\data\raw\disgust\reg_img181 (3).jpg,disgust
C:\Users\mainh\OneDrive\Attachments\Máy tính\facial-emotion-viz\data\raw\disgust\reg_img24 (12).jpg,disgust
C:\Users\mainh\OneDrive\Attachments\Máy tính\facial-emotion-viz\data\raw\disgust\reg_img122 (9).jpg,disgust
C:\Users\mainh\OneDrive\Attachments\Máy tính\facial-emotion-viz\data\raw\disgust\reg_img87 (35).jpg,disgust
C:\Users\mainh\OneDrive\Attachments\Máy tính\facial-emotion-viz\data\raw\disgust\reg_img157 (8).jpg,disgust
C:\Users\mainh\OneDrive\Attachments\Máy tính\facial-emotion-viz\data\raw\disgust\reg_img113 (29).jpg,disgust
C:\Users\mainh\OneDrive\Attachments\Máy tính\facial-emotion-viz\data\raw\happiness\reg_img31 (8).jpg,happiness
C:\Users\mainh\OneDrive\Attachments\Máy tính\facial-emotion-viz\data\raw\disgust\reg_img78.jpg,disgust
C:\Users\mainh\OneDrive\Attachments\Máy tính\facial-emotion-viz\data\raw\disgust\reg_img105 (10).jpg,disgust
C:\Users\mainh\OneDrive\Attachments\Máy tính\facial-emotion-viz\data\raw\repression\reg_img77 (10).jpg,repression
C:\Users\mainh\OneDrive\Attachments\Máy tính\facial-emotion-viz\data\raw\repression\reg_img48 (12).jpg,repression
C:\Users\mainh\OneDrive\Attachments\Máy tính\facial-emotion-viz\data\raw\disgust\reg_img95 (2).jpg,disgust
C:\Users\mainh\OneDrive\Attachments\Máy tính\facial-emotion-viz\data\raw\repression\reg_img132 (13).jpg,repression
C:\Users\mainh\OneDrive\Attachments\Máy tính\facial-emotion-viz\data\raw\repression\reg_img153 (5).jpg,repression
C:\Users\mainh\OneDrive\Attachments\Máy tính\facial-emotion-viz\data\raw\happiness\reg_img154 (3).jpg,happiness
C:\Users\mainh\OneDrive\Attachments\Máy tính\facial-emotion-viz\data\raw\disgust\reg_img133 (15).jpg,disgust
C:\Users\mainh\OneDrive\Attachments\Máy tính\facial-emotion-viz\data\raw\disgust\reg_img91 (36).jpg,disgust
C:\Users\mainh\OneDrive\Attachments\Máy tính\facial-emotion-viz\data\raw\repression\reg_img123 (10).jpg,repression
C:\Users\mainh\OneDrive\Attachments\Máy tính\facial-emotion-viz\data\raw\happiness\reg_img54 (8).jpg,happiness
C:\Users\mainh\OneDrive\Attachments\Máy tính\facial-emotion-viz\data\raw\disgust\reg_img26 (6).jpg,disgust
C:\Users\mainh\OneDrive\Attachments\Máy tính\facial-emotion-viz\data\raw\sadness\reg_img59 (2).jpg,sadness
C:\Users\mainh\OneDrive\Attachments\Máy tính\facial-emotion-viz\data\raw\surprise\reg_img36 (5).jpg,surprise
C:\Users\mainh\OneDrive\Attachments\Máy tính\facial-emotion-viz\data\raw\surprise\reg_img36 (2).jpg,surprise
C:\Users\mainh\OneDrive\Attachments\Máy tính\facial-emotion-viz\data\raw\repression\reg_img39 (5).jpg,repression
C:\Users\mainh\OneDrive\Attachments\Máy tính\facial-emotion-viz\data\raw\disgust\reg_img60 (6).jpg,disgust
C:\Users\mainh\OneDrive\Attachments\Máy tính\facial-emotion-viz\data\raw\disgust\reg_img18 (4).jpg,disgust
C:\Users\mainh\OneDrive\Attachments\Máy tính\facial-emotion-viz\data\raw\disgust\reg_img115.jpg,disgust
C:\Users\mainh\OneDrive\Attachments\Máy tính\facial-emotion-viz\data\raw\surprise\reg_img39 (6).jpg,surprise
C:\Users\mainh\OneDrive\Attachments\Máy tính\facial-emotion-viz\data\raw\repression\reg_img119 (13).jpg,repression
C:\Users\mainh\OneDrive\Attachments\Máy tính\facial-emotion-viz\data\raw\disgust\reg_img49 (15).jpg,disgust
C:\Users\mainh\OneDrive\Attachments\Máy tính\facial-emotion-viz\data\raw\happiness\reg_img112 (10).jpg,happiness
C:\Users\mainh\OneDrive\Attachments\Máy tính\facial-emotion-viz\data\raw\happiness\reg_img51 (2).jpg,happiness
C:\Users\mainh\OneDrive\Attachments\Máy tính\facial-emotion-viz\data\raw\disgust\reg_img57 (30).jpg,disgust
C:\Users\mainh\OneDrive\Attachments\Máy tính\facial-emotion-viz\data\raw\disgust\reg_img107 (21).jpg,disgust
C:\Users\mainh\OneDrive\Attachments\Máy tính\facial-emotion-viz\data\raw\disgust\reg_img55 (22).jpg,disgust
C:\Users\mainh\OneDrive\Attachments\Máy tính\facial-emotion-viz\data\raw\disgust\reg_img178 (4).jpg,disgust
C:\Users\mainh\OneDrive\Attachments\Máy tính\facial-emotion-viz\data\raw\fear\reg_img126.jpg,fear
C:\Users\mainh\OneDrive\Attachments\Máy tính\facial-emotion-viz\data\raw\repression\reg_img72 (15).jpg,repression
C:\Users\mainh\OneDrive\Attachments\Máy tính\facial-emotion-viz\data\raw\repression\reg_img89 (3).jpg,repression
C:\Users\mainh\OneDrive\Attachments\Máy tính\facial-emotion-viz\data\raw\disgust\reg_img125 (2).jpg,disgust
C:\Users\mainh\OneDrive\Attachments\Máy tính\facial-emotion-viz\data\raw\repression\reg_img113 (14).jpg,repression
C:\Users\mainh\OneDrive\Attachments\Máy tính\facial-emotion-viz\data\raw\disgust\reg_img152 (9).jpg,disgust
C:\Users\mainh\OneDrive\Attachments\Máy tính\facial-emotion-viz\data\raw\happiness\reg_img82 (19).jpg,happiness
C:\Users\mainh\OneDrive\Attachments\Máy tính\facial-emotion-viz\data\raw\disgust\reg_img11 (5).jpg,disgust
C:\Users\mainh\OneDrive\Attachments\Máy tính\facial-emotion-viz\data\raw\happiness\reg_img111 (12).jpg,happiness
C:\Users\mainh\OneDrive\Attachments\Máy tính\facial-emotion-viz\data\raw\surprise\reg_img111 (3).jpg,surprise
C:\Users\mainh\OneDrive\Attachments\Máy tính\facial-emotion-viz\data\raw\disgust\reg_img107.jpg,disgust
C:\Users\mainh\OneDrive\Attachments\Máy tính\facial-emotion-viz\data\raw\happiness\reg_img120 (4).jpg,happiness
C:\Users\mainh\OneDrive\Attachments\Máy tính\facial-emotion-viz\data\raw\happiness\reg_img105 (14).jpg,happiness
C:\Users\mainh\OneDrive\Attachments\Máy tính\facial-emotion-viz\data\raw\disgust\reg_img109 (26).jpg,disgust
C:\Users\mainh\OneDrive\Attachments\Máy tính\facial-emotion-viz\data\raw\disgust\reg_img308.jpg,disgust
C:\Users\mainh\OneDrive\Attachments\Máy tính\facial-emotion-viz\data\raw\repression\reg_img105 (3).jpg,repression
C:\Users\mainh\OneDrive\Attachments\Máy tính\facial-emotion-viz\data\raw\sadness\reg_img44 (2).jpg,sadness
C:\Users\mainh\OneDrive\Attachments\Máy tính\facial-emotion-viz\data\raw\happiness\reg_img50 (17).jpg,happiness
C:\Users\mainh\OneDrive\Attachments\Máy tính\facial-emotion-viz\data\raw\repression\reg_img189.jpg,repression
C:\Users\mainh\OneDrive\Attachments\Máy tính\facial-emotion-viz\data\raw\disgust\reg_img113 (5).jpg,disgust
C:\Users\mainh\OneDrive\Attachments\Máy tính\facial-emotion-viz\data\raw\happiness\reg_img82 (8).jpg,happiness
C:\Users\mainh\OneDrive\Attachments\Máy tính\facial-emotion-viz\data\raw\happiness\reg_img56 (6).jpg,happiness
C:\Users\mainh\OneDrive\Attachments\Máy tính\facial-emotion-viz\data\raw\happiness\reg_img93 (6).jpg,happiness
C:\Users\mainh\OneDrive\Attachments\Máy tính\facial-emotion-viz\data\raw\happiness\reg_img78 (13).jpg,happiness
C:\Users\mainh\OneDrive\Attachments\Máy tính\facial-emotion-viz\data\raw\repression\reg_img69 (12).jpg,repression
C:\Users\mainh\OneDrive\Attachments\Máy tính\facial-emotion-viz\data\raw\happiness\reg_img98 (8).jpg,happiness
C:\Users\mainh\OneDrive\Attachments\Máy tính\facial-emotion-viz\data\raw\disgust\reg_img64 (13).jpg,disgust
C:\Users\mainh\OneDrive\Attachments\Máy tính\facial-emotion-viz\data\raw\happiness\reg_img82 (9).jpg,happiness
C:\Users\mainh\OneDrive\Attachments\Máy tính\facial-emotion-viz\data\raw\repression\reg_img73 (11).jpg,repression
C:\Users\mainh\OneDrive\Attachments\Máy tính\facial-emotion-viz\data\raw\disgust\reg_img102 (34).jpg,disgust
C:\Users\mainh\OneDrive\Attachments\Máy tính\facial-emotion-viz\data\raw\repression\reg_img49 (6).jpg,repression
C:\Users\mainh\OneDrive\Attachments\Máy tính\facial-emotion-viz\data\raw\surprise\reg_img130 (6).jpg,surprise
C:\Users\mainh\OneDrive\Attachments\Máy tính\facial-emotion-viz\data\raw\surprise\reg_img119 (5).jpg,surprise
C:\Users\mainh\OneDrive\Attachments\Máy tính\facial-emotion-viz\data\raw\happiness\reg_img116 (14).jpg,happiness
C:\Users\mainh\OneDrive\Attachments\Máy tính\facial-emotion-viz\data\raw\surprise\reg_img56 (14).jpg,surprise
C:\Users\mainh\OneDrive\Attachments\Máy tính\facial-emotion-viz\data\raw\repression\reg_img87 (9).jpg,repression
C:\Users\mainh\OneDrive\Attachments\Máy tính\facial-emotion-viz\data\raw\disgust\reg_img170 (2).jpg,disgust
C:\Users\mainh\OneDrive\Attachments\Máy tính\facial-emotion-viz\data\raw\disgust\reg_img200 (3).jpg,disgust
C:\Users\mainh\OneDrive\Attachments\Máy tính\facial-emotion-viz\data\raw\repression\reg_img62 (2).jpg,repression
C:\Users\mainh\OneDrive\Attachments\Máy tính\facial-emotion-viz\data\raw\disgust\reg_img158.jpg,disgust
C:\Users\mainh\OneDrive\Attachments\Máy tính\facial-emotion-viz\data\raw\disgust\reg_img128 (9).jpg,disgust
C:\Users\mainh\OneDrive\Attachments\Máy tính\facial-emotion-viz\data\raw\disgust\reg_img78 (14).jpg,disgust
C:\Users\mainh\OneDrive\Attachments\Máy tính\facial-emotion-viz\data\raw\disgust\reg_img52 (3).jpg,disgust
C:\Users\mainh\OneDrive\Attachments\Máy tính\facial-emotion-viz\data\raw\happiness\reg_img67 (10).jpg,happiness
C:\Users\mainh\OneDrive\Attachments\Máy tính\facial-emotion-viz\data\raw\happiness\reg_img44.jpg,happiness
C:\Users\mainh\OneDrive\Attachments\Máy tính\facial-emotion-viz\data\raw\repression\reg_img71 (15).jpg,repression
C:\Users\mainh\OneDrive\Attachments\Máy tính\facial-emotion-viz\data\raw\repression\reg_img132 (9).jpg,repression
C:\Users\mainh\OneDrive\Attachments\Máy tính\facial-emotion-viz\data\raw\surprise\reg_img121 (3).jpg,surprise
C:\Users\mainh\OneDrive\Attachments\Máy tính\facial-emotion-viz\data\raw\happiness\reg_img122 (3).jpg,happiness
C:\Users\mainh\OneDrive\Attachments\Máy tính\facial-emotion-viz\data\raw\repression\reg_img183 (3).jpg,repression
C:\Users\mainh\OneDrive\Attachments\Máy tính\facial-emotion-viz\data\raw\disgust\reg_img90 (3).jpg,disgust
C:\Users\mainh\OneDrive\Attachments\Máy tính\facial-emotion-viz\data\raw\repression\reg_img182 (2).jpg,repression
C:\Users\mainh\OneDrive\Attachments\Máy tính\facial-emotion-viz\data\raw\surprise\reg_img62 (11).jpg,surprise
C:\Users\mainh\OneDrive\Attachments\Máy tính\facial-emotion-viz\data\raw\happiness\reg_img78 (2).jpg,happiness
C:\Users\mainh\OneDrive\Attachments\Máy tính\facial-emotion-viz\data\raw\disgust\reg_img155 (4).jpg,disgust
C:\Users\mainh\OneDrive\Attachments\Máy tính\facial-emotion-viz\data\raw\sadness\reg_img95.jpg,sadness
C:\Users\mainh\OneDrive\Attachments\Máy tính\facial-emotion-viz\data\raw\surprise\reg_img91 (9).jpg,surprise
C:\Users\mainh\OneDrive\Attachments\Máy tính\facial-emotion-viz\data\raw\disgust\reg_img85 (35).jpg,disgust
C:\Users\mainh\OneDrive\Attachments\Máy tính\facial-emotion-viz\data\raw\disgust\reg_img70 (24).jpg,disgust
C:\Users\mainh\OneDrive\Attachments\Máy tính\facial-emotion-viz\data\raw\happiness\reg_img145 (6).jpg,happiness
C:\Users\mainh\OneDrive\Attachments\Máy tính\facial-emotion-viz\data\raw\repression\reg_img110 (14).jpg,repression
C:\Users\mainh\OneDrive\Attachments\Máy tính\facial-emotion-viz\data\raw\disgust\reg_img47 (21).jpg,disgust
C:\Users\mainh\OneDrive\Attachments\Máy tính\facial-emotion-viz\data\raw\happiness\reg_img195 (2).jpg,happiness
C:\Users\mainh\OneDrive\Attachments\Máy tính\facial-emotion-viz\data\raw\happiness\reg_img55 (12).jpg,happiness
C:\Users\mainh\OneDrive\Attachments\Máy tính\facial-emotion-viz\data\raw\happiness\reg_img88 (5).jpg,happiness
C:\Users\mainh\OneDrive\Attachments\Máy tính\facial-emotion-viz\data\raw\happiness\reg_img132 (2).jpg,happiness
C:\Users\mainh\OneDrive\Attachments\Máy tính\facial-emotion-viz\data\raw\disgust\reg_img90 (14).jpg,disgust
C:\Users\mainh\OneDrive\Attachments\Máy tính\facial-emotion-viz\data\raw\disgust\reg_img99 (2).jpg,disgust
C:\Users\mainh\OneDrive\Attachments\Máy tính\facial-emotion-viz\data\raw\repression\reg_img56 (6).jpg,repression
C:\Users\mainh\OneDrive\Attachments\Máy tính\facial-emotion-viz\data\raw\surprise\reg_img110 (4).jpg,surprise
C:\Users\mainh\OneDrive\Attachments\Máy tính\facial-emotion-viz\data\raw\disgust\reg_img95 (19).jpg,disgust
C:\Users\mainh\OneDrive\Attachments\Máy tính\facial-emotion-viz\data\raw\repression\reg_img148 (8).jpg,repression
C:\Users\mainh\OneDrive\Attachments\Máy tính\facial-emotion-viz\data\raw\surprise\reg_img94 (4).jpg,surprise
C:\Users\mainh\OneDrive\Attachments\Máy tính\facial-emotion-viz\data\raw\repression\reg_img128 (13).jpg,repression
C:\Users\mainh\OneDrive\Attachments\Máy tính\facial-emotion-viz\data\raw\disgust\reg_img44 (24).jpg,disgust
C:\Users\mainh\OneDrive\Attachments\Máy tính\facial-emotion-viz\data\raw\surprise\reg_img176 (2).jpg,surprise
C:\Users\mainh\OneDrive\Attachments\Máy tính\facial-emotion-viz\data\raw\surprise\reg_img54 (9).jpg,surprise
C:\Users\mainh\OneDrive\Attachments\Máy tính\facial-emotion-viz\data\raw\repression\reg_img177 (3).jpg,repression
C:\Users\mainh\OneDrive\Attachments\Máy tính\facial-emotion-viz\data\raw\disgust\reg_img100 (19).jpg,disgust
C:\Users\mainh\OneDrive\Attachments\Máy tính\facial-emotion-viz\data\raw\disgust\reg_img60 (19).jpg,disgust
C:\Users\mainh\OneDrive\Attachments\Máy tính\facial-emotion-viz\data\raw\disgust\reg_img35 (3).jpg,disgust
C:\Users\mainh\OneDrive\Attachments\Máy tính\facial-emotion-viz\data\raw\disgust\reg_img83 (37).jpg,disgust
C:\Users\mainh\OneDrive\Attachments\Máy tính\facial-emotion-viz\data\raw\fear\reg_img123.jpg,fear
C:\Users\mainh\OneDrive\Attachments\Máy tính\facial-emotion-viz\data\raw\disgust\reg_img124 (13).jpg,disgust
C:\Users\mainh\OneDrive\Attachments\Máy tính\facial-emotion-viz\data\raw\repression\reg_img128 (11).jpg,repression
C:\Users\mainh\OneDrive\Attachments\Máy tính\facial-emotion-viz\data\raw\disgust\reg_img41 (6).jpg,disgust
C:\Users\mainh\OneDrive\Attachments\Máy tính\facial-emotion-viz\data\raw\surprise\reg_img55 (13).jpg,surprise
C:\Users\mainh\OneDrive\Attachments\Máy tính\facial-emotion-viz\data\raw\disgust\reg_img35 (14).jpg,disgust
C:\Users\mainh\OneDrive\Attachments\Máy tính\facial-emotion-viz\data\raw\happiness\reg_img28 (4).jpg,happiness
C:\Users\mainh\OneDrive\Attachments\Máy tính\facial-emotion-viz\data\raw\repression\reg_img140 (10).jpg,repression
C:\Users\mainh\OneDrive\Attachments\Máy tính\facial-emotion-viz\data\raw\fear\reg_img116.jpg,fear
C:\Users\mainh\OneDrive\Attachments\Máy tính\facial-emotion-viz\data\raw\disgust\reg_img99 (3).jpg,disgust
C:\Users\mainh\OneDrive\Attachments\Máy tính\facial-emotion-viz\data\raw\disgust\reg_img37 (14).jpg,disgust
C:\Users\mainh\OneDrive\Attachments\Máy tính\facial-emotion-viz\data\raw\happiness\reg_img122 (9).jpg,happiness
C:\Users\mainh\OneDrive\Attachments\Máy tính\facial-emotion-viz\data\raw\surprise\reg_img62 (4).jpg,surprise
C:\Users\mainh\OneDrive\Attachments\Máy tính\facial-emotion-viz\data\raw\repression\reg_img18 (4).jpg,repression
C:\Users\mainh\OneDrive\Attachments\Máy tính\facial-emotion-viz\data\raw\repression\reg_img136 (9).jpg,repression
C:\Users\mainh\OneDrive\Attachments\Máy tính\facial-emotion-viz\data\raw\surprise\reg_img86 (12).jpg,surprise
C:\Users\mainh\OneDrive\Attachments\Máy tính\facial-emotion-viz\data\raw\surprise\reg_img136 (7).jpg,surprise
C:\Users\mainh\OneDrive\Attachments\Máy tính\facial-emotion-viz\data\raw\disgust\reg_img129 (17).jpg,disgust
C:\Users\mainh\OneDrive\Attachments\Máy tính\facial-emotion-viz\data\raw\disgust\reg_img72 (2).jpg,disgust
C:\Users\mainh\OneDrive\Attachments\Máy tính\facial-emotion-viz\data\raw\disgust\reg_img94 (9).jpg,disgust
C:\Users\mainh\OneDrive\Attachments\Máy tính\facial-emotion-viz\data\raw\fear\reg_img50.jpg,fear
C:\Users\mainh\OneDrive\Attachments\Máy tính\facial-emotion-viz\data\raw\repression\reg_img37.jpg,repression
C:\Users\mainh\OneDrive\Attachments\Máy tính\facial-emotion-viz\data\raw\surprise\reg_img92 (10).jpg,surprise
C:\Users\mainh\OneDrive\Attachments\Máy tính\facial-emotion-viz\data\raw\repression\reg_img88 (11).jpg,repression
C:\Users\mainh\OneDrive\Attachments\Máy tính\facial-emotion-viz\data\raw\surprise\reg_img52 (12).jpg,surprise
C:\Users\mainh\OneDrive\Attachments\Máy tính\facial-emotion-viz\data\raw\surprise\reg_img15 (2).jpg,surprise
C:\Users\mainh\OneDrive\Attachments\Máy tính\facial-emotion-viz\data\raw\disgust\reg_img90 (30).jpg,disgust
C:\Users\mainh\OneDrive\Attachments\Máy tính\facial-emotion-viz\data\raw\surprise\reg_img66 (7).jpg,surprise
C:\Users\mainh\OneDrive\Attachments\Máy tính\facial-emotion-viz\data\raw\surprise\reg_img59 (6).jpg,surprise
C:\Users\mainh\OneDrive\Attachments\Máy tính\facial-emotion-viz\data\raw\happiness\reg_img60 (17).jpg,happiness
C:\Users\mainh\OneDrive\Attachments\Máy tính\facial-emotion-viz\data\raw\happiness\reg_img68.jpg,happiness
C:\Users\mainh\OneDrive\Attachments\Máy tính\facial-emotion-viz\data\raw\happiness\reg_img112 (7).jpg,happiness
C:\Users\mainh\OneDrive\Attachments\Máy tính\facial-emotion-viz\data\raw\surprise\reg_img119 (3).jpg,surprise
C:\Users\mainh\OneDrive\Attachments\Máy tính\facial-emotion-viz\data\raw\happiness\reg_img205 (2).jpg,happiness
C:\Users\mainh\OneDrive\Attachments\Máy tính\facial-emotion-viz\data\raw\disgust\reg_img90 (34).jpg,disgust
C:\Users\mainh\OneDrive\Attachments\Máy tính\facial-emotion-viz\data\raw\happiness\reg_img86 (17).jpg,happiness
C:\Users\mainh\OneDrive\Attachments\Máy tính\facial-emotion-viz\data\raw\happiness\reg_img51 (17).jpg,happiness
C:\Users\mainh\OneDrive\Attachments\Máy tính\facial-emotion-viz\data\raw\repression\reg_img176 (4).jpg,repression
C:\Users\mainh\OneDrive\Attachments\Máy tính\facial-emotion-viz\data\raw\happiness\reg_img112 (8).jpg,happiness
C:\Users\mainh\OneDrive\Attachments\Máy tính\facial-emotion-viz\data\raw\happiness\reg_img85 (14).jpg,happiness
C:\Users\mainh\OneDrive\Attachments\Máy tính\facial-emotion-viz\data\raw\disgust\reg_img92 (5).jpg,disgust
C:\Users\mainh\OneDrive\Attachments\Máy tính\facial-emotion-viz\data\raw\repression\reg_img65 (11).jpg,repression
C:\Users\mainh\OneDrive\Attachments\Máy tính\facial-emotion-viz\data\raw\happiness\reg_img48 (14).jpg,happiness
C:\Users\mainh\OneDrive\Attachments\Máy tính\facial-emotion-viz\data\raw\repression\reg_img200 (2).jpg,repression
C:\Users\mainh\OneDrive\Attachments\Máy tính\facial-emotion-viz\data\raw\surprise\reg_img51 (7).jpg,surprise
C:\Users\mainh\OneDrive\Attachments\Máy tính\facial-emotion-viz\data\raw\happiness\reg_img55 (9).jpg,happiness
C:\Users\mainh\OneDrive\Attachments\Máy tính\facial-emotion-viz\data\raw\happiness\reg_img94 (17).jpg,happiness
C:\Users\mainh\OneDrive\Attachments\Máy tính\facial-emotion-viz\data\raw\sadness\reg_img16.jpg,sadness
C:\Users\mainh\OneDrive\Attachments\Máy tính\facial-emotion-viz\data\raw\disgust\reg_img147 (8).jpg,disgust
C:\Users\mainh\OneDrive\Attachments\Máy tính\facial-emotion-viz\data\raw\disgust\reg_img92 (10).jpg,disgust
C:\Users\mainh\OneDrive\Attachments\Máy tính\facial-emotion-viz\data\raw\disgust\reg_img70 (8).jpg,disgust
C:\Users\mainh\OneDrive\Attachments\Máy tính\facial-emotion-viz\data\raw\happiness\reg_img14 (3).jpg,happiness
C:\Users\mainh\OneDrive\Attachments\Máy tính\facial-emotion-viz\data\raw\surprise\reg_img115 (8).jpg,surprise
C:\Users\mainh\OneDrive\Attachments\Máy tính\facial-emotion-viz\data\raw\repression\reg_img22 (6).jpg,repression
C:\Users\mainh\OneDrive\Attachments\Máy tính\facial-emotion-viz\data\raw\disgust\reg_img81 (4).jpg,disgust
C:\Users\mainh\OneDrive\Attachments\Máy tính\facial-emotion-viz\data\raw\repression\reg_img61 (4).jpg,repression
C:\Users\mainh\OneDrive\Attachments\Máy tính\facial-emotion-viz\data\raw\disgust\reg_img117 (3).jpg,disgust
C:\Users\mainh\OneDrive\Attachments\Máy tính\facial-emotion-viz\data\raw\happiness\reg_img108 (10).jpg,happiness
C:\Users\mainh\OneDrive\Attachments\Máy tính\facial-emotion-viz\data\raw\disgust\reg_img84.jpg,disgust
C:\Users\mainh\OneDrive\Attachments\Máy tính\facial-emotion-viz\data\raw\happiness\reg_img99 (15).jpg,happiness
C:\Users\mainh\OneDrive\Attachments\Máy tính\facial-emotion-viz\data\raw\disgust\reg_img101 (33).jpg,disgust
C:\Users\mainh\OneDrive\Attachments\Máy tính\facial-emotion-viz\data\raw\repression\reg_img121 (13).jpg,repression
C:\Users\mainh\OneDrive\Attachments\Máy tính\facial-emotion-viz\data\raw\happiness\reg_img77 (4).jpg,happiness
C:\Users\mainh\OneDrive\Attachments\Máy tính\facial-emotion-viz\data\raw\disgust\reg_img81 (12).jpg,disgust
C:\Users\mainh\OneDrive\Attachments\Máy tính\facial-emotion-viz\data\raw\disgust\reg_img62 (22).jpg,disgust
C:\Users\mainh\OneDrive\Attachments\Máy tính\facial-emotion-viz\data\raw\surprise\reg_img16 (4).jpg,surprise
C:\Users\mainh\OneDrive\Attachments\Máy tính\facial-emotion-viz\data\raw\repression\reg_img130 (8).jpg,repression
C:\Users\mainh\OneDrive\Attachments\Máy tính\facial-emotion-viz\data\raw\happiness\reg_img132 (5).jpg,happiness
C:\Users\mainh\OneDrive\Attachments\Máy tính\facial-emotion-viz\data\raw\disgust\reg_img101.jpg,disgust
C:\Users\mainh\OneDrive\Attachments\Máy tính\facial-emotion-viz\data\raw\disgust\reg_img154 (2).jpg,disgust
C:\Users\mainh\OneDrive\Attachments\Máy tính\facial-emotion-viz\data\raw\repression\reg_img68 (15).jpg,repression
C:\Users\mainh\OneDrive\Attachments\Máy tính\facial-emotion-viz\data\raw\happiness\reg_img37 (8).jpg,happiness
C:\Users\mainh\OneDrive\Attachments\Máy tính\facial-emotion-viz\data\raw\repression\reg_img75 (3).jpg,repression
C:\Users\mainh\OneDrive\Attachments\Máy tính\facial-emotion-viz\data\raw\surprise\reg_img154 (5).jpg,surprise
C:\Users\mainh\OneDrive\Attachments\Máy tính\facial-emotion-viz\data\raw\sadness\reg_img347 (2).jpg,sadness
C:\Users\mainh\OneDrive\Attachments\Máy tính\facial-emotion-viz\data\raw\happiness\reg_img74 (3).jpg,happiness
C:\Users\mainh\OneDrive\Attachments\Máy tính\facial-emotion-viz\data\raw\repression\reg_img84 (11).jpg,repression
C:\Users\mainh\OneDrive\Attachments\Máy tính\facial-emotion-viz\data\raw\disgust\reg_img104 (10).jpg,disgust
C:\Users\mainh\OneDrive\Attachments\Máy tính\facial-emotion-viz\data\raw\happiness\reg_img93 (8).jpg,happiness
C:\Users\mainh\OneDrive\Attachments\Máy tính\facial-emotion-viz\data\raw\surprise\reg_img88 (4).jpg,surprise
C:\Users\mainh\OneDrive\Attachments\Máy tính\facial-emotion-viz\data\raw\disgust\reg_img400 (2).jpg,disgust
C:\Users\mainh\OneDrive\Attachments\Máy tính\facial-emotion-viz\data\raw\disgust\reg_img137 (10).jpg,disgust
C:\Users\mainh\OneDrive\Attachments\Máy tính\facial-emotion-viz\data\raw\happiness\reg_img22 (7).jpg,happiness
C:\Users\mainh\OneDrive\Attachments\Máy tính\facial-emotion-viz\data\raw\disgust\reg_img89 (36).jpg,disgust
C:\Users\mainh\OneDrive\Attachments\Máy tính\facial-emotion-viz\data\raw\repression\reg_img155 (7).jpg,repression
C:\Users\mainh\OneDrive\Attachments\Máy tính\facial-emotion-viz\data\raw\disgust\reg_img99 (15).jpg,disgust
C:\Users\mainh\OneDrive\Attachments\Máy tính\facial-emotion-viz\data\raw\surprise\reg_img78 (16).jpg,surprise
C:\Users\mainh\OneDrive\Attachments\Máy tính\facial-emotion-viz\data\raw\surprise\reg_img114.jpg,surprise
C:\Users\mainh\OneDrive\Attachments\Máy tính\facial-emotion-viz\data\raw\repression\reg_img91 (14).jpg,repression
C:\Users\mainh\OneDrive\Attachments\Máy tính\facial-emotion-viz\data\raw\disgust\reg_img124 (15).jpg,disgust
C:\Users\mainh\OneDrive\Attachments\Máy tính\facial-emotion-viz\data\raw\happiness\reg_img81.jpg,happiness
C:\Users\mainh\OneDrive\Attachments\Máy tính\facial-emotion-viz\data\raw\disgust\reg_img124 (20).jpg,disgust
C:\Users\mainh\OneDrive\Attachments\Máy tính\facial-emotion-viz\data\raw\disgust\reg_img74 (31).jpg,disgust
C:\Users\mainh\OneDrive\Attachments\Máy tính\facial-emotion-viz\data\raw\disgust\reg_img84 (15).jpg,disgust
C:\Users\mainh\OneDrive\Attachments\Máy tính\facial-emotion-viz\data\raw\disgust\reg_img105 (36).jpg,disgust
C:\Users\mainh\OneDrive\Attachments\Máy tính\facial-emotion-viz\data\raw\repression\reg_img32.jpg,repression
C:\Users\mainh\OneDrive\Attachments\Máy tính\facial-emotion-viz\data\raw\happiness\reg_img115 (14).jpg,happiness
C:\Users\mainh\OneDrive\Attachments\Máy tính\facial-emotion-viz\data\raw\disgust\reg_img110 (12).jpg,disgust
C:\Users\mainh\OneDrive\Attachments\Máy tính\facial-emotion-viz\data\raw\disgust\reg_img147 (5).jpg,disgust
C:\Users\mainh\OneDrive\Attachments\Máy tính\facial-emotion-viz\data\raw\surprise\reg_img155 (4).jpg,surprise
C:\Users\mainh\OneDrive\Attachments\Máy tính\facial-emotion-viz\data\raw\happiness\reg_img54 (11).jpg,happiness
C:\Users\mainh\OneDrive\Attachments\Máy tính\facial-emotion-viz\data\raw\happiness\reg_img83 (6).jpg,happiness
C:\Users\mainh\OneDrive\Attachments\Máy tính\facial-emotion-viz\data\raw\disgust\reg_img76 (27).jpg,disgust
C:\Users\mainh\OneDrive\Attachments\Máy tính\facial-emotion-viz\data\raw\surprise\reg_img182.jpg,surprise
C:\Users\mainh\OneDrive\Attachments\Máy tính\facial-emotion-viz\data\raw\repression\reg_img93 (3).jpg,repression
C:\Users\mainh\OneDrive\Attachments\Máy tính\facial-emotion-viz\data\raw\repression\reg_img173 (8).jpg,repression
C:\Users\mainh\OneDrive\Attachments\Máy tính\facial-emotion-viz\data\raw\disgust\reg_img90 (7).jpg,disgust
C:\Users\mainh\OneDrive\Attachments\Máy tính\facial-emotion-viz\data\raw\disgust\reg_img94 (24).jpg,disgust
C:\Users\mainh\OneDrive\Attachments\Máy tính\facial-emotion-viz\data\raw\repression\reg_img229.jpg,repression
C:\Users\mainh\OneDrive\Attachments\Máy tính\facial-emotion-viz\data\raw\repression\reg_img28 (7).jpg,repression
C:\Users\mainh\OneDrive\Attachments\Máy tính\facial-emotion-viz\data\raw\disgust\reg_img85 (21).jpg,disgust
C:\Users\mainh\OneDrive\Attachments\Máy tính\facial-emotion-viz\data\raw\disgust\reg_img9 (4).jpg,disgust
C:\Users\mainh\OneDrive\Attachments\Máy tính\facial-emotion-viz\data\raw\surprise\reg_img100 (14).jpg,surprise
C:\Users\mainh\OneDrive\Attachments\Máy tính\facial-emotion-viz\data\raw\disgust\reg_img364.jpg,disgust
C:\Users\mainh\OneDrive\Attachments\Máy tính\facial-emotion-viz\data\raw\happiness\reg_img72 (16).jpg,happiness
C:\Users\mainh\OneDrive\Attachments\Máy tính\facial-emotion-viz\data\raw\disgust\reg_img95 (4).jpg,disgust
C:\Users\mainh\OneDrive\Attachments\Máy tính\facial-emotion-viz\data\raw\repression\reg_img105 (9).jpg,repression
C:\Users\mainh\OneDrive\Attachments\Máy tính\facial-emotion-viz\data\raw\disgust\reg_img12 (2).jpg,disgust
C:\Users\mainh\OneDrive\Attachments\Máy tính\facial-emotion-viz\data\raw\repression\reg_img71 (10).jpg,repression
C:\Users\mainh\OneDrive\Attachments\Máy tính\facial-emotion-viz\data\raw\happiness\reg_img70 (7).jpg,happiness
C:\Users\mainh\OneDrive\Attachments\Máy tính\facial-emotion-viz\data\raw\sadness\reg_img355.jpg,sadness
C:\Users\mainh\OneDrive\Attachments\Máy tính\facial-emotion-viz\data\raw\surprise\reg_img139 (5).jpg,surprise
C:\Users\mainh\OneDrive\Attachments\Máy tính\facial-emotion-viz\data\raw\repression\reg_img158 (3).jpg,repression
C:\Users\mainh\OneDrive\Attachments\Máy tính\facial-emotion-viz\data\raw\happiness\reg_img113 (6).jpg,happiness
C:\Users\mainh\OneDrive\Attachments\Máy tính\facial-emotion-viz\data\raw\disgust\reg_img197 (2).jpg,disgust
C:\Users\mainh\OneDrive\Attachments\Máy tính\facial-emotion-viz\data\raw\disgust\reg_img94 (20).jpg,disgust
C:\Users\mainh\OneDrive\Attachments\Máy tính\facial-emotion-viz\data\raw\surprise\reg_img91 (8).jpg,surprise
C:\Users\mainh\OneDrive\Attachments\Máy tính\facial-emotion-viz\data\raw\surprise\reg_img25 (4).jpg,surprise
C:\Users\mainh\OneDrive\Attachments\Máy tính\facial-emotion-viz\data\raw\disgust\reg_img80 (9).jpg,disgust
C:\Users\mainh\OneDrive\Attachments\Máy tính\facial-emotion-viz\data\raw\happiness\reg_img126 (11).jpg,happiness
C:\Users\mainh\OneDrive\Attachments\Máy tính\facial-emotion-viz\data\raw\disgust\reg_img94 (8).jpg,disgust
C:\Users\mainh\OneDrive\Attachments\Máy tính\facial-emotion-viz\data\raw\disgust\reg_img39 (17).jpg,disgust
C:\Users\mainh\OneDrive\Attachments\Máy tính\facial-emotion-viz\data\raw\disgust\reg_img91 (16).jpg,disgust
C:\Users\mainh\OneDrive\Attachments\Máy tính\facial-emotion-viz\data\raw\disgust\reg_img152 (10).jpg,disgust
C:\Users\mainh\OneDrive\Attachments\Máy tính\facial-emotion-viz\data\raw\repression\reg_img122 (13).jpg,repression
C:\Users\mainh\OneDrive\Attachments\Máy tính\facial-emotion-viz\data\raw\disgust\reg_img91 (13).jpg,disgust
C:\Users\mainh\OneDrive\Attachments\Máy tính\facial-emotion-viz\data\raw\sadness\reg_img63 (3).jpg,sadness
C:\Users\mainh\OneDrive\Attachments\Máy tính\facial-emotion-viz\data\raw\disgust\reg_img77 (2).jpg,disgust
C:\Users\mainh\OneDrive\Attachments\Máy tính\facial-emotion-viz\data\raw\disgust\reg_img45 (21).jpg,disgust
C:\Users\mainh\OneDrive\Attachments\Máy tính\facial-emotion-viz\data\raw\repression\reg_img179 (4).jpg,repression
C:\Users\mainh\OneDrive\Attachments\Máy tính\facial-emotion-viz\data\raw\disgust\reg_img117 (24).jpg,disgust
C:\Users\mainh\OneDrive\Attachments\Máy tính\facial-emotion-viz\data\raw\happiness\reg_img96 (17).jpg,happiness
C:\Users\mainh\OneDrive\Attachments\Máy tính\facial-emotion-viz\data\raw\disgust\reg_img28.jpg,disgust
C:\Users\mainh\OneDrive\Attachments\Máy tính\facial-emotion-viz\data\raw\happiness\reg_img84 (6).jpg,happiness
C:\Users\mainh\OneDrive\Attachments\Máy tính\facial-emotion-viz\data\raw\disgust\reg_img80 (29).jpg,disgust
C:\Users\mainh\OneDrive\Attachments\Máy tính\facial-emotion-viz\data\raw\disgust\reg_img105 (16).jpg,disgust
C:\Users\mainh\OneDrive\Attachments\Máy tính\facial-emotion-viz\data\raw\repression\reg_img118 (10).jpg,repression
C:\Users\mainh\OneDrive\Attachments\Máy tính\facial-emotion-viz\data\raw\disgust\reg_img86 (38).jpg,disgust
C:\Users\mainh\OneDrive\Attachments\Máy tính\facial-emotion-viz\data\raw\disgust\reg_img90 (8).jpg,disgust
C:\Users\mainh\OneDrive\Attachments\Máy tính\facial-emotion-viz\data\raw\disgust\reg_img70 (6).jpg,disgust
C:\Users\mainh\OneDrive\Attachments\Máy tính\facial-emotion-viz\data\raw\repression\reg_img60 (9).jpg,repression
C:\Users\mainh\OneDrive\Attachments\Máy tính\facial-emotion-viz\data\raw\disgust\reg_img191 (3).jpg,disgust
C:\Users\mainh\OneDrive\Attachments\Máy tính\facial-emotion-viz\data\raw\disgust\reg_img146 (13).jpg,disgust
C:\Users\mainh\OneDrive\Attachments\Máy tính\facial-emotion-viz\data\raw\disgust\reg_img114 (21).jpg,disgust
C:\Users\mainh\OneDrive\Attachments\Máy tính\facial-emotion-viz\data\raw\repression\reg_img195.jpg,repression
C:\Users\mainh\OneDrive\Attachments\Máy tính\facial-emotion-viz\data\raw\repression\reg_img71 (3).jpg,repression
C:\Users\mainh\OneDrive\Attachments\Máy tính\facial-emotion-viz\data\raw\surprise\reg_img67 (6).jpg,surprise
C:\Users\mainh\OneDrive\Attachments\Máy tính\facial-emotion-viz\data\raw\disgust\reg_img172 (2).jpg,disgust
C:\Users\mainh\OneDrive\Attachments\Máy tính\facial-emotion-viz\data\raw\happiness\reg_img11.jpg,happiness
C:\Users\mainh\OneDrive\Attachments\Máy tính\facial-emotion-viz\data\raw\disgust\reg_img114 (22).jpg,disgust
C:\Users\mainh\OneDrive\Attachments\Máy tính\facial-emotion-viz\data\raw\disgust\reg_img82 (9).jpg,disgust
C:\Users\mainh\OneDrive\Attachments\Máy tính\facial-emotion-viz\data\raw\repression\reg_img97.jpg,repression
C:\Users\mainh\OneDrive\Attachments\Máy tính\facial-emotion-viz\data\raw\sadness\reg_img42 (2).jpg,sadness
C:\Users\mainh\OneDrive\Attachments\Máy tính\facial-emotion-viz\data\raw\repression\reg_img121 (3).jpg,repression
C:\Users\mainh\OneDrive\Attachments\Máy tính\facial-emotion-viz\data\raw\happiness\reg_img116 (11).jpg,happiness
C:\Users\mainh\OneDrive\Attachments\Máy tính\facial-emotion-viz\data\raw\disgust\reg_img49 (6).jpg,disgust
C:\Users\mainh\OneDrive\Attachments\Máy tính\facial-emotion-viz\data\raw\happiness\reg_img85 (13).jpg,happiness
C:\Users\mainh\OneDrive\Attachments\Máy tính\facial-emotion-viz\data\raw\happiness\reg_img16 (2).jpg,happiness
C:\Users\mainh\OneDrive\Attachments\Máy tính\facial-emotion-viz\data\raw\repression\reg_img182 (7).jpg,repression
C:\Users\mainh\OneDrive\Attachments\Máy tính\facial-emotion-viz\data\raw\disgust\reg_img132 (8).jpg,disgust
C:\Users\mainh\OneDrive\Attachments\Máy tính\facial-emotion-viz\data\raw\sadness\reg_img92.jpg,sadness
C:\Users\mainh\OneDrive\Attachments\Máy tính\facial-emotion-viz\data\raw\happiness\reg_img183 (4).jpg,happiness
C:\Users\mainh\OneDrive\Attachments\Máy tính\facial-emotion-viz\data\raw\disgust\reg_img106 (36).jpg,disgust
C:\Users\mainh\OneDrive\Attachments\Máy tính\facial-emotion-viz\data\raw\surprise\reg_img78 (4).jpg,surprise
C:\Users\mainh\OneDrive\Attachments\Máy tính\facial-emotion-viz\data\raw\happiness\reg_img74 (9).jpg,happiness
C:\Users\mainh\OneDrive\Attachments\Máy tính\facial-emotion-viz\data\raw\happiness\reg_img92 (18).jpg,happiness
C:\Users\mainh\OneDrive\Attachments\Máy tính\facial-emotion-viz\data\raw\disgust\reg_img402 (2).jpg,disgust
C:\Users\mainh\OneDrive\Attachments\Máy tính\facial-emotion-viz\data\raw\happiness\reg_img48 (10).jpg,happiness
C:\Users\mainh\OneDrive\Attachments\Máy tính\facial-emotion-viz\data\raw\disgust\reg_img110 (24).jpg,disgust
C:\Users\mainh\OneDrive\Attachments\Máy tính\facial-emotion-viz\data\raw\disgust\reg_img80 (16).jpg,disgust
C:\Users\mainh\OneDrive\Attachments\Máy tính\facial-emotion-viz\data\raw\disgust\reg_img55 (7).jpg,disgust
C:\Users\mainh\OneDrive\Attachments\Máy tính\facial-emotion-viz\data\raw\happiness\reg_img55 (11).jpg,happiness
C:\Users\mainh\OneDrive\Attachments\Máy tính\facial-emotion-viz\data\raw\repression\reg_img28 (2).jpg,repression
C:\Users\mainh\OneDrive\Attachments\Máy tính\facial-emotion-viz\data\raw\repression\reg_img96 (5).jpg,repression
C:\Users\mainh\OneDrive\Attachments\Máy tính\facial-emotion-viz\data\raw\disgust\reg_img79 (23).jpg,disgust
C:\Users\mainh\OneDrive\Attachments\Máy tính\facial-emotion-viz\data\raw\disgust\reg_img107 (22).jpg,disgust
C:\Users\mainh\OneDrive\Attachments\Máy tính\facial-emotion-viz\data\raw\surprise\reg_img89 (5).jpg,surprise
C:\Users\mainh\OneDrive\Attachments\Máy tính\facial-emotion-viz\data\raw\disgust\reg_img45 (26).jpg,disgust
C:\Users\mainh\OneDrive\Attachments\Máy tính\facial-emotion-viz\data\raw\surprise\reg_img79 (10).jpg,surprise
C:\Users\mainh\OneDrive\Attachments\Máy tính\facial-emotion-viz\data\raw\happiness\reg_img269.jpg,happiness
C:\Users\mainh\OneDrive\Attachments\Máy tính\facial-emotion-viz\data\raw\disgust\reg_img149 (3).jpg,disgust
C:\Users\mainh\OneDrive\Attachments\Máy tính\facial-emotion-viz\data\raw\repression\reg_img45 (8).jpg,repression
C:\Users\mainh\OneDrive\Attachments\Máy tính\facial-emotion-viz\data\raw\happiness\reg_img107 (13).jpg,happiness
C:\Users\mainh\OneDrive\Attachments\Máy tính\facial-emotion-viz\data\raw\repression\reg_img93 (9).jpg,repression
C:\Users\mainh\OneDrive\Attachments\Máy tính\facial-emotion-viz\data\raw\sadness\reg_img31.jpg,sadness
C:\Users\mainh\OneDrive\Attachments\Máy tính\facial-emotion-viz\data\raw\surprise\reg_img157 (4).jpg,surprise
C:\Users\mainh\OneDrive\Attachments\Máy tính\facial-emotion-viz\data\raw\happiness\reg_img65 (5).jpg,happiness
C:\Users\mainh\OneDrive\Attachments\Máy tính\facial-emotion-viz\data\raw\happiness\reg_img155 (4).jpg,happiness
C:\Users\mainh\OneDrive\Attachments\Máy tính\facial-emotion-viz\data\raw\disgust\reg_img112 (8).jpg,disgust
C:\Users\mainh\OneDrive\Attachments\Máy tính\facial-emotion-viz\data\raw\sadness\reg_img344 (2).jpg,sadness
C:\Users\mainh\OneDrive\Attachments\Máy tính\facial-emotion-viz\data\raw\disgust\reg_img90 (15).jpg,disgust
C:\Users\mainh\OneDrive\Attachments\Máy tính\facial-emotion-viz\data\raw\repression\reg_img48 (9).jpg,repression
C:\Users\mainh\OneDrive\Attachments\Máy tính\facial-emotion-viz\data\raw\disgust\reg_img51 (11).jpg,disgust
C:\Users\mainh\OneDrive\Attachments\Máy tính\facial-emotion-viz\data\raw\sadness\reg_img6.jpg,sadness
C:\Users\mainh\OneDrive\Attachments\Máy tính\facial-emotion-viz\data\raw\surprise\reg_img120 (2).jpg,surprise
C:\Users\mainh\OneDrive\Attachments\Máy tính\facial-emotion-viz\data\raw\repression\reg_img147 (5).jpg,repression
C:\Users\mainh\OneDrive\Attachments\Máy tính\facial-emotion-viz\data\raw\happiness\reg_img134 (6).jpg,happiness
C:\Users\mainh\OneDrive\Attachments\Máy tính\facial-emotion-viz\data\raw\happiness\reg_img150 (7).jpg,happiness
C:\Users\mainh\OneDrive\Attachments\Máy tính\facial-emotion-viz\data\raw\repression\reg_img143 (3).jpg,repression
C:\Users\mainh\OneDrive\Attachments\Máy tính\facial-emotion-viz\data\raw\disgust\reg_img400.jpg,disgust
C:\Users\mainh\OneDrive\Attachments\Máy tính\facial-emotion-viz\data\raw\surprise\reg_img62 (10).jpg,surprise
C:\Users\mainh\OneDrive\Attachments\Máy tính\facial-emotion-viz\data\raw\happiness\reg_img205.jpg,happiness
C:\Users\mainh\OneDrive\Attachments\Máy tính\facial-emotion-viz\data\raw\disgust\reg_img54 (4).jpg,disgust
C:\Users\mainh\OneDrive\Attachments\Máy tính\facial-emotion-viz\data\raw\fear\reg_img74.jpg,fear
C:\Users\mainh\OneDrive\Attachments\Máy tính\facial-emotion-viz\data\raw\happiness\reg_img26 (6).jpg,happiness
C:\Users\mainh\OneDrive\Attachments\Máy tính\facial-emotion-viz\data\raw\repression\reg_img84 (6).jpg,repression
C:\Users\mainh\OneDrive\Attachments\Máy tính\facial-emotion-viz\data\raw\repression\reg_img63 (2).jpg,repression
C:\Users\mainh\OneDrive\Attachments\Máy tính\facial-emotion-viz\data\raw\disgust\reg_img118 (16).jpg,disgust
C:\Users\mainh\OneDrive\Attachments\Máy tính\facial-emotion-viz\data\raw\sadness\reg_img41.jpg,sadness
C:\Users\mainh\OneDrive\Attachments\Máy tính\facial-emotion-viz\data\raw\disgust\reg_img97 (26).jpg,disgust
C:\Users\mainh\OneDrive\Attachments\Máy tính\facial-emotion-viz\data\raw\disgust\reg_img63 (5).jpg,disgust
C:\Users\mainh\OneDrive\Attachments\Máy tính\facial-emotion-viz\data\raw\repression\reg_img84 (5).jpg,repression
C:\Users\mainh\OneDrive\Attachments\Máy tính\facial-emotion-viz\data\raw\disgust\reg_img297.jpg,disgust
C:\Users\mainh\OneDrive\Attachments\Máy tính\facial-emotion-viz\data\raw\disgust\reg_img26 (13).jpg,disgust
C:\Users\mainh\OneDrive\Attachments\Máy tính\facial-emotion-viz\data\raw\repression\reg_img81 (14).jpg,repression
C:\Users\mainh\OneDrive\Attachments\Máy tính\facial-emotion-viz\data\raw\disgust\reg_img67 (19).jpg,disgust
C:\Users\mainh\OneDrive\Attachments\Máy tính\facial-emotion-viz\data\raw\disgust\reg_img57 (28).jpg,disgust
C:\Users\mainh\OneDrive\Attachments\Máy tính\facial-emotion-viz\data\raw\repression\reg_img75 (11).jpg,repression
C:\Users\mainh\OneDrive\Attachments\Máy tính\facial-emotion-viz\data\raw\repression\reg_img65 (6).jpg,repression
C:\Users\mainh\OneDrive\Attachments\Máy tính\facial-emotion-viz\data\raw\disgust\reg_img41 (17).jpg,disgust
C:\Users\mainh\OneDrive\Attachments\Máy tính\facial-emotion-viz\data\raw\happiness\reg_img85 (8).jpg,happiness
C:\Users\mainh\OneDrive\Attachments\Máy tính\facial-emotion-viz\data\raw\surprise\reg_img160.jpg,surprise
C:\Users\mainh\OneDrive\Attachments\Máy tính\facial-emotion-viz\data\raw\surprise\reg_img112 (6).jpg,surprise
C:\Users\mainh\OneDrive\Attachments\Máy tính\facial-emotion-viz\data\raw\fear\reg_img55.jpg,fear
C:\Users\mainh\OneDrive\Attachments\Máy tính\facial-emotion-viz\data\raw\happiness\reg_img91 (22).jpg,happiness
C:\Users\mainh\OneDrive\Attachments\Máy tính\facial-emotion-viz\data\raw\disgust\reg_img20 (7).jpg,disgust
C:\Users\mainh\OneDrive\Attachments\Máy tính\facial-emotion-viz\data\raw\disgust\reg_img34 (10).jpg,disgust
C:\Users\mainh\OneDrive\Attachments\Máy tính\facial-emotion-viz\data\raw\happiness\reg_img58 (9).jpg,happiness
C:\Users\mainh\OneDrive\Attachments\Máy tính\facial-emotion-viz\data\raw\repression\reg_img38 (5).jpg,repression
C:\Users\mainh\OneDrive\Attachments\Máy tính\facial-emotion-viz\data\raw\happiness\reg_img13 (2).jpg,happiness
C:\Users\mainh\OneDrive\Attachments\Máy tính\facial-emotion-viz\data\raw\disgust\reg_img116 (2).jpg,disgust
C:\Users\mainh\OneDrive\Attachments\Máy tính\facial-emotion-viz\data\raw\disgust\reg_img31 (5).jpg,disgust
C:\Users\mainh\OneDrive\Attachments\Máy tính\facial-emotion-viz\data\raw\disgust\reg_img377.jpg,disgust
C:\Users\mainh\OneDrive\Attachments\Máy tính\facial-emotion-viz\data\raw\disgust\reg_img110 (11).jpg,disgust
C:\Users\mainh\OneDrive\Attachments\Máy tính\facial-emotion-viz\data\raw\surprise\reg_img54 (2).jpg,surprise
C:\Users\mainh\OneDrive\Attachments\Máy tính\facial-emotion-viz\data\raw\surprise\reg_img84 (4).jpg,surprise
C:\Users\mainh\OneDrive\Attachments\Máy tính\facial-emotion-viz\data\raw\repression\reg_img108 (11).jpg,repression
C:\Users\mainh\OneDrive\Attachments\Máy tính\facial-emotion-viz\data\raw\disgust\reg_img84 (18).jpg,disgust
C:\Users\mainh\OneDrive\Attachments\Máy tính\facial-emotion-viz\data\raw\disgust\reg_img58 (8).jpg,disgust
C:\Users\mainh\OneDrive\Attachments\Máy tính\facial-emotion-viz\data\raw\repression\reg_img111 (13).jpg,repression
C:\Users\mainh\OneDrive\Attachments\Máy tính\facial-emotion-viz\data\raw\happiness\reg_img128 (7).jpg,happiness
C:\Users\mainh\OneDrive\Attachments\Máy tính\facial-emotion-viz\data\raw\disgust\reg_img117 (19).jpg,disgust
C:\Users\mainh\OneDrive\Attachments\Máy tính\facial-emotion-viz\data\raw\disgust\reg_img143 (5).jpg,disgust
C:\Users\mainh\OneDrive\Attachments\Máy tính\facial-emotion-viz\data\raw\surprise\reg_img175.jpg,surprise
C:\Users\mainh\OneDrive\Attachments\Máy tính\facial-emotion-viz\data\raw\happiness\reg_img129 (7).jpg,happiness
C:\Users\mainh\OneDrive\Attachments\Máy tính\facial-emotion-viz\data\raw\surprise\reg_img65 (12).jpg,surprise
C:\Users\mainh\OneDrive\Attachments\Máy tính\facial-emotion-viz\data\raw\sadness\reg_img343 (2).jpg,sadness
C:\Users\mainh\OneDrive\Attachments\Máy tính\facial-emotion-viz\data\raw\repression\reg_img81 (8).jpg,repression
C:\Users\mainh\OneDrive\Attachments\Máy tính\facial-emotion-viz\data\raw\happiness\reg_img82 (2).jpg,happiness
C:\Users\mainh\OneDrive\Attachments\Máy tính\facial-emotion-viz\data\raw\disgust\reg_img101 (31).jpg,disgust
C:\Users\mainh\OneDrive\Attachments\Máy tính\facial-emotion-viz\data\raw\happiness\reg_img160 (4).jpg,happiness
C:\Users\mainh\OneDrive\Attachments\Máy tính\facial-emotion-viz\data\raw\disgust\reg_img82 (2).jpg,disgust
C:\Users\mainh\OneDrive\Attachments\Máy tính\facial-emotion-viz\data\raw\happiness\reg_img41 (13).jpg,happiness
C:\Users\mainh\OneDrive\Attachments\Máy tính\facial-emotion-viz\data\raw\disgust\reg_img156.jpg,disgust
C:\Users\mainh\OneDrive\Attachments\Máy tính\facial-emotion-viz\data\raw\happiness\reg_img52 (9).jpg,happiness
C:\Users\mainh\OneDrive\Attachments\Máy tính\facial-emotion-viz\data\raw\disgust\reg_img27 (6).jpg,disgust
C:\Users\mainh\OneDrive\Attachments\Máy tính\facial-emotion-viz\data\raw\repression\reg_img44 (2).jpg,repression
C:\Users\mainh\OneDrive\Attachments\Máy tính\facial-emotion-viz\data\raw\repression\reg_img80 (5).jpg,repression
C:\Users\mainh\OneDrive\Attachments\Máy tính\facial-emotion-viz\data\raw\disgust\reg_img47 (6).jpg,disgust
C:\Users\mainh\OneDrive\Attachments\Máy tính\facial-emotion-viz\data\raw\repression\reg_img156 (5).jpg,repression
C:\Users\mainh\OneDrive\Attachments\Máy tính\facial-emotion-viz\data\raw\disgust\reg_img101 (26).jpg,disgust
C:\Users\mainh\OneDrive\Attachments\Máy tính\facial-emotion-viz\data\raw\disgust\reg_img192 (2).jpg,disgust
C:\Users\mainh\OneDrive\Attachments\Máy tính\facial-emotion-viz\data\raw\happiness\reg_img233.jpg,happiness
C:\Users\mainh\OneDrive\Attachments\Máy tính\facial-emotion-viz\data\raw\sadness\reg_img65.jpg,sadness
C:\Users\mainh\OneDrive\Attachments\Máy tính\facial-emotion-viz\data\raw\repression\reg_img153 (4).jpg,repression
C:\Users\mainh\OneDrive\Attachments\Máy tính\facial-emotion-viz\data\raw\repression\reg_img64 (14).jpg,repression
C:\Users\mainh\OneDrive\Attachments\Máy tính\facial-emotion-viz\data\raw\happiness\reg_img8.jpg,happiness
C:\Users\mainh\OneDrive\Attachments\Máy tính\facial-emotion-viz\data\raw\disgust\reg_img117 (9).jpg,disgust
C:\Users\mainh\OneDrive\Attachments\Máy tính\facial-emotion-viz\data\raw\disgust\reg_img75 (12).jpg,disgust
C:\Users\mainh\OneDrive\Attachments\Máy tính\facial-emotion-viz\data\raw\disgust\reg_img28 (2).jpg,disgust
C:\Users\mainh\OneDrive\Attachments\Máy tính\facial-emotion-viz\data\raw\surprise\reg_img102 (4).jpg,surprise
C:\Users\mainh\OneDrive\Attachments\Máy tính\facial-emotion-viz\data\raw\happiness\reg_img99 (17).jpg,happiness
C:\Users\mainh\OneDrive\Attachments\Máy tính\facial-emotion-viz\data\raw\surprise\reg_img78 (2).jpg,surprise
C:\Users\mainh\OneDrive\Attachments\Máy tính\facial-emotion-viz\data\raw\surprise\reg_img124 (3).jpg,surprise
C:\Users\mainh\OneDrive\Attachments\Máy tính\facial-emotion-viz\data\raw\repression\reg_img189 (3).jpg,repression
C:\Users\mainh\OneDrive\Attachments\Máy tính\facial-emotion-viz\data\raw\disgust\reg_img46 (16).jpg,disgust
C:\Users\mainh\OneDrive\Attachments\Máy tính\facial-emotion-viz\data\raw\disgust\reg_img98 (5).jpg,disgust
C:\Users\mainh\OneDrive\Attachments\Máy tính\facial-emotion-viz\data\raw\disgust\reg_img77 (6).jpg,disgust
C:\Users\mainh\OneDrive\Attachments\Máy tính\facial-emotion-viz\data\raw\disgust\reg_img85 (29).jpg,disgust
C:\Users\mainh\OneDrive\Attachments\Máy tính\facial-emotion-viz\data\raw\repression\reg_img40 (4).jpg,repression
C:\Users\mainh\OneDrive\Attachments\Máy tính\facial-emotion-viz\data\raw\sadness\reg_img71.jpg,sadness
C:\Users\mainh\OneDrive\Attachments\Máy tính\facial-emotion-viz\data\raw\disgust\reg_img87 (2).jpg,disgust
C:\Users\mainh\OneDrive\Attachments\Máy tính\facial-emotion-viz\data\raw\disgust\reg_img110 (3).jpg,disgust
C:\Users\mainh\OneDrive\Attachments\Máy tính\facial-emotion-viz\data\raw\disgust\reg_img77 (22).jpg,disgust
C:\Users\mainh\OneDrive\Attachments\Máy tính\facial-emotion-viz\data\raw\happiness\reg_img103 (9).jpg,happiness
C:\Users\mainh\OneDrive\Attachments\Máy tính\facial-emotion-viz\data\raw\disgust\reg_img57 (7).jpg,disgust
C:\Users\mainh\OneDrive\Attachments\Máy tính\facial-emotion-viz\data\raw\repression\reg_img113.jpg,repression
C:\Users\mainh\OneDrive\Attachments\Máy tính\facial-emotion-viz\data\raw\disgust\reg_img73 (11).jpg,disgust
C:\Users\mainh\OneDrive\Attachments\Máy tính\facial-emotion-viz\data\raw\repression\reg_img58 (7).jpg,repression
C:\Users\mainh\OneDrive\Attachments\Máy tính\facial-emotion-viz\data\raw\happiness\reg_img89 (5).jpg,happiness
C:\Users\mainh\OneDrive\Attachments\Máy tính\facial-emotion-viz\data\raw\disgust\reg_img74 (27).jpg,disgust
C:\Users\mainh\OneDrive\Attachments\Máy tính\facial-emotion-viz\data\raw\disgust\reg_img39 (3).jpg,disgust
C:\Users\mainh\OneDrive\Attachments\Máy tính\facial-emotion-viz\data\raw\disgust\reg_img63 (25).jpg,disgust
C:\Users\mainh\OneDrive\Attachments\Máy tính\facial-emotion-viz\data\raw\sadness\reg_img56 (2).jpg,sadness
C:\Users\mainh\OneDrive\Attachments\Máy tính\facial-emotion-viz\data\raw\disgust\reg_img24 (6).jpg,disgust
C:\Users\mainh\OneDrive\Attachments\Máy tính\facial-emotion-viz\data\raw\disgust\reg_img54 (25).jpg,disgust
C:\Users\mainh\OneDrive\Attachments\Máy tính\facial-emotion-viz\data\raw\disgust\reg_img113 (9).jpg,disgust
C:\Users\mainh\OneDrive\Attachments\Máy tính\facial-emotion-viz\data\raw\disgust\reg_img68 (15).jpg,disgust
C:\Users\mainh\OneDrive\Attachments\Máy tính\facial-emotion-viz\data\raw\disgust\reg_img74 (9).jpg,disgust
C:\Users\mainh\OneDrive\Attachments\Máy tính\facial-emotion-viz\data\raw\happiness\reg_img83 (5).jpg,happiness
C:\Users\mainh\OneDrive\Attachments\Máy tính\facial-emotion-viz\data\raw\disgust\reg_img427.jpg,disgust
C:\Users\mainh\OneDrive\Attachments\Máy tính\facial-emotion-viz\data\raw\surprise\reg_img97 (11).jpg,surprise
C:\Users\mainh\OneDrive\Attachments\Máy tính\facial-emotion-viz\data\raw\surprise\reg_img27 (2).jpg,surprise
C:\Users\mainh\OneDrive\Attachments\Máy tính\facial-emotion-viz\data\raw\happiness\reg_img35 (7).jpg,happiness
C:\Users\mainh\OneDrive\Attachments\Máy tính\facial-emotion-viz\data\raw\sadness\reg_img66.jpg,sadness
C:\Users\mainh\OneDrive\Attachments\Máy tính\facial-emotion-viz\data\raw\sadness\reg_img86.jpg,sadness
C:\Users\mainh\OneDrive\Attachments\Máy tính\facial-emotion-viz\data\raw\happiness\reg_img35 (2).jpg,happiness
C:\Users\mainh\OneDrive\Attachments\Máy tính\facial-emotion-viz\data\raw\disgust\reg_img62 (18).jpg,disgust
C:\Users\mainh\OneDrive\Attachments\Máy tính\facial-emotion-viz\data\raw\disgust\reg_img69 (25).jpg,disgust
C:\Users\mainh\OneDrive\Attachments\Máy tính\facial-emotion-viz\data\raw\disgust\reg_img109 (23).jpg,disgust
C:\Users\mainh\OneDrive\Attachments\Máy tính\facial-emotion-viz\data\raw\disgust\reg_img99 (38).jpg,disgust
C:\Users\mainh\OneDrive\Attachments\Máy tính\facial-emotion-viz\data\raw\disgust\reg_img109 (25).jpg,disgust
C:\Users\mainh\OneDrive\Attachments\Máy tính\facial-emotion-viz\data\raw\disgust\reg_img114 (24).jpg,disgust
C:\Users\mainh\OneDrive\Attachments\Máy tính\facial-emotion-viz\data\raw\happiness\reg_img35 (6).jpg,happiness
C:\Users\mainh\OneDrive\Attachments\Máy tính\facial-emotion-viz\data\raw\disgust\reg_img115 (21).jpg,disgust
C:\Users\mainh\OneDrive\Attachments\Máy tính\facial-emotion-viz\data\raw\happiness\reg_img105 (9).jpg,happiness
C:\Users\mainh\OneDrive\Attachments\Máy tính\facial-emotion-viz\data\raw\disgust\reg_img95 (33).jpg,disgust
C:\Users\mainh\OneDrive\Attachments\Máy tính\facial-emotion-viz\data\raw\surprise\reg_img59 (9).jpg,surprise
C:\Users\mainh\OneDrive\Attachments\Máy tính\facial-emotion-viz\data\raw\disgust\reg_img64 (25).jpg,disgust
C:\Users\mainh\OneDrive\Attachments\Máy tính\facial-emotion-viz\data\raw\repression\reg_img135 (2).jpg,repression
C:\Users\mainh\OneDrive\Attachments\Máy tính\facial-emotion-viz\data\raw\disgust\reg_img92 (17).jpg,disgust
C:\Users\mainh\OneDrive\Attachments\Máy tính\facial-emotion-viz\data\raw\repression\reg_img124 (6).jpg,repression
C:\Users\mainh\OneDrive\Attachments\Máy tính\facial-emotion-viz\data\raw\happiness\reg_img102 (2).jpg,happiness
C:\Users\mainh\OneDrive\Attachments\Máy tính\facial-emotion-viz\data\raw\happiness\reg_img200.jpg,happiness
C:\Users\mainh\OneDrive\Attachments\Máy tính\facial-emotion-viz\data\raw\surprise\reg_img31 (3).jpg,surprise
C:\Users\mainh\OneDrive\Attachments\Máy tính\facial-emotion-viz\data\raw\surprise\reg_img96 (6).jpg,surprise
C:\Users\mainh\OneDrive\Attachments\Máy tính\facial-emotion-viz\data\raw\happiness\reg_img218 (2).jpg,happiness
C:\Users\mainh\OneDrive\Attachments\Máy tính\facial-emotion-viz\data\raw\disgust\reg_img125 (3).jpg,disgust
C:\Users\mainh\OneDrive\Attachments\Máy tính\facial-emotion-viz\data\raw\disgust\reg_img26 (15).jpg,disgust
C:\Users\mainh\OneDrive\Attachments\Máy tính\facial-emotion-viz\data\raw\disgust\reg_img149 (8).jpg,disgust
C:\Users\mainh\OneDrive\Attachments\Máy tính\facial-emotion-viz\data\raw\surprise\reg_img78 (5).jpg,surprise
C:\Users\mainh\OneDrive\Attachments\Máy tính\facial-emotion-viz\data\raw\disgust\reg_img133 (6).jpg,disgust
C:\Users\mainh\OneDrive\Attachments\Máy tính\facial-emotion-viz\data\raw\disgust\reg_img104 (28).jpg,disgust
C:\Users\mainh\OneDrive\Attachments\Máy tính\facial-emotion-viz\data\raw\disgust\reg_img221.jpg,disgust
C:\Users\mainh\OneDrive\Attachments\Máy tính\facial-emotion-viz\data\raw\happiness\reg_img75 (15).jpg,happiness
C:\Users\mainh\OneDrive\Attachments\Máy tính\facial-emotion-viz\data\raw\disgust\reg_img105.jpg,disgust
C:\Users\mainh\OneDrive\Attachments\Máy tính\facial-emotion-viz\data\raw\happiness\reg_img69 (21).jpg,happiness
C:\Users\mainh\OneDrive\Attachments\Máy tính\facial-emotion-viz\data\raw\repression\reg_img84 (3).jpg,repression
C:\Users\mainh\OneDrive\Attachments\Máy tính\facial-emotion-viz\data\raw\repression\reg_img120 (6).jpg,repression
C:\Users\mainh\OneDrive\Attachments\Máy tính\facial-emotion-viz\data\raw\repression\reg_img80 (2).jpg,repression
C:\Users\mainh\OneDrive\Attachments\Máy tính\facial-emotion-viz\data\raw\repression\reg_img111 (3).jpg,repression
C:\Users\mainh\OneDrive\Attachments\Máy tính\facial-emotion-viz\data\raw\repression\reg_img89 (13).jpg,repression
C:\Users\mainh\OneDrive\Attachments\Máy tính\facial-emotion-viz\data\raw\disgust\reg_img77 (28).jpg,disgust
C:\Users\mainh\OneDrive\Attachments\Máy tính\facial-emotion-viz\data\raw\repression\reg_img155 (3).jpg,repression
C:\Users\mainh\OneDrive\Attachments\Máy tính\facial-emotion-viz\data\raw\disgust\reg_img58 (11).jpg,disgust
C:\Users\mainh\OneDrive\Attachments\Máy tính\facial-emotion-viz\data\raw\disgust\reg_img140 (12).jpg,disgust
C:\Users\mainh\OneDrive\Attachments\Máy tính\facial-emotion-viz\data\raw\happiness\reg_img107 (16).jpg,happiness
C:\Users\mainh\OneDrive\Attachments\Máy tính\facial-emotion-viz\data\raw\happiness\reg_img100 (19).jpg,happiness
C:\Users\mainh\OneDrive\Attachments\Máy tính\facial-emotion-viz\data\raw\happiness\reg_img96 (6).jpg,happiness
C:\Users\mainh\OneDrive\Attachments\Máy tính\facial-emotion-viz\data\raw\surprise\reg_img117 (3).jpg,surprise
C:\Users\mainh\OneDrive\Attachments\Máy tính\facial-emotion-viz\data\raw\repression\reg_img34 (2).jpg,repression
C:\Users\mainh\OneDrive\Attachments\Máy tính\facial-emotion-viz\data\raw\repression\reg_img80 (8).jpg,repression
C:\Users\mainh\OneDrive\Attachments\Máy tính\facial-emotion-viz\data\raw\repression\reg_img125 (12).jpg,repression
C:\Users\mainh\OneDrive\Attachments\Máy tính\facial-emotion-viz\data\raw\disgust\reg_img111 (5).jpg,disgust
C:\Users\mainh\OneDrive\Attachments\Máy tính\facial-emotion-viz\data\raw\repression\reg_img61 (12).jpg,repression
C:\Users\mainh\OneDrive\Attachments\Máy tính\facial-emotion-viz\data\raw\happiness\reg_img90 (22).jpg,happiness
C:\Users\mainh\OneDrive\Attachments\Máy tính\facial-emotion-viz\data\raw\surprise\reg_img108 (9).jpg,surprise
C:\Users\mainh\OneDrive\Attachments\Máy tính\facial-emotion-viz\data\raw\disgust\reg_img70 (7).jpg,disgust
C:\Users\mainh\OneDrive\Attachments\Máy tính\facial-emotion-viz\data\raw\disgust\reg_img96 (29).jpg,disgust
C:\Users\mainh\OneDrive\Attachments\Máy tính\facial-emotion-viz\data\raw\surprise\reg_img134.jpg,surprise
C:\Users\mainh\OneDrive\Attachments\Máy tính\facial-emotion-viz\data\raw\disgust\reg_img102 (19).jpg,disgust
C:\Users\mainh\OneDrive\Attachments\Máy tính\facial-emotion-viz\data\raw\disgust\reg_img13 (3).jpg,disgust
C:\Users\mainh\OneDrive\Attachments\Máy tính\facial-emotion-viz\data\raw\disgust\reg_img133 (8).jpg,disgust
C:\Users\mainh\OneDrive\Attachments\Máy tính\facial-emotion-viz\data\raw\happiness\reg_img110 (10).jpg,happiness
C:\Users\mainh\OneDrive\Attachments\Máy tính\facial-emotion-viz\data\raw\disgust\reg_img103 (5).jpg,disgust
C:\Users\mainh\OneDrive\Attachments\Máy tính\facial-emotion-viz\data\raw\happiness\reg_img115 (5).jpg,happiness
C:\Users\mainh\OneDrive\Attachments\Máy tính\facial-emotion-viz\data\raw\disgust\reg_img140 (8).jpg,disgust
C:\Users\mainh\OneDrive\Attachments\Máy tính\facial-emotion-viz\data\raw\disgust\reg_img34 (18).jpg,disgust
C:\Users\mainh\OneDrive\Attachments\Máy tính\facial-emotion-viz\data\raw\disgust\reg_img161 (9).jpg,disgust
C:\Users\mainh\OneDrive\Attachments\Máy tính\facial-emotion-viz\data\raw\disgust\reg_img160 (3).jpg,disgust
C:\Users\mainh\OneDrive\Attachments\Máy tính\facial-emotion-viz\data\raw\repression\reg_img203 (3).jpg,repression
C:\Users\mainh\OneDrive\Attachments\Máy tính\facial-emotion-viz\data\raw\happiness\reg_img65 (7).jpg,happiness
C:\Users\mainh\OneDrive\Attachments\Máy tính\facial-emotion-viz\data\raw\disgust\reg_img155 (3).jpg,disgust
C:\Users\mainh\OneDrive\Attachments\Máy tính\facial-emotion-viz\data\raw\disgust\reg_img86 (34).jpg,disgust
C:\Users\mainh\OneDrive\Attachments\Máy tính\facial-emotion-viz\data\raw\happiness\reg_img184 (3).jpg,happiness
C:\Users\mainh\OneDrive\Attachments\Máy tính\facial-emotion-viz\data\raw\happiness\reg_img61 (5).jpg,happiness
C:\Users\mainh\OneDrive\Attachments\Máy tính\facial-emotion-viz\data\raw\repression\reg_img78 (5).jpg,repression
C:\Users\mainh\OneDrive\Attachments\Máy tính\facial-emotion-viz\data\raw\disgust\reg_img112 (26).jpg,disgust
C:\Users\mainh\OneDrive\Attachments\Máy tính\facial-emotion-viz\data\raw\repression\reg_img109.jpg,repression
C:\Users\mainh\OneDrive\Attachments\Máy tính\facial-emotion-viz\data\raw\disgust\reg_img183 (4).jpg,disgust
C:\Users\mainh\OneDrive\Attachments\Máy tính\facial-emotion-viz\data\raw\disgust\reg_img50 (7).jpg,disgust
C:\Users\mainh\OneDrive\Attachments\Máy tính\facial-emotion-viz\data\raw\disgust\reg_img81 (21).jpg,disgust
C:\Users\mainh\OneDrive\Attachments\Máy tính\facial-emotion-viz\data\raw\repression\reg_img100 (13).jpg,repression
C:\Users\mainh\OneDrive\Attachments\Máy tính\facial-emotion-viz\data\raw\disgust\reg_img135 (4).jpg,disgust
C:\Users\mainh\OneDrive\Attachments\Máy tính\facial-emotion-viz\data\raw\disgust\reg_img135 (10).jpg,disgust
C:\Users\mainh\OneDrive\Attachments\Máy tính\facial-emotion-viz\data\raw\disgust\reg_img94 (29).jpg,disgust
C:\Users\mainh\OneDrive\Attachments\Máy tính\facial-emotion-viz\data\raw\happiness\reg_img89 (19).jpg,happiness
C:\Users\mainh\OneDrive\Attachments\Máy tính\facial-emotion-viz\data\raw\disgust\reg_img17 (2).jpg,disgust
C:\Users\mainh\OneDrive\Attachments\Máy tính\facial-emotion-viz\data\raw\disgust\reg_img133 (16).jpg,disgust
C:\Users\mainh\OneDrive\Attachments\Máy tính\facial-emotion-viz\data\raw\surprise\reg_img169 (2).jpg,surprise
C:\Users\mainh\OneDrive\Attachments\Máy tính\facial-emotion-viz\data\raw\happiness\reg_img38 (4).jpg,happiness
C:\Users\mainh\OneDrive\Attachments\Máy tính\facial-emotion-viz\data\raw\disgust\reg_img44 (15).jpg,disgust
C:\Users\mainh\OneDrive\Attachments\Máy tính\facial-emotion-viz\data\raw\surprise\reg_img101 (13).jpg,surprise
C:\Users\mainh\OneDrive\Attachments\Máy tính\facial-emotion-viz\data\raw\fear\reg_img23.jpg,fear
C:\Users\mainh\OneDrive\Attachments\Máy tính\facial-emotion-viz\data\raw\happiness\reg_img41 (4).jpg,happiness
C:\Users\mainh\OneDrive\Attachments\Máy tính\facial-emotion-viz\data\raw\happiness\reg_img78 (6).jpg,happiness
C:\Users\mainh\OneDrive\Attachments\Máy tính\facial-emotion-viz\data\raw\disgust\reg_img101 (13).jpg,disgust
C:\Users\mainh\OneDrive\Attachments\Máy tính\facial-emotion-viz\data\raw\disgust\reg_img426.jpg,disgust
C:\Users\mainh\OneDrive\Attachments\Máy tính\facial-emotion-viz\data\raw\disgust\reg_img68 (33).jpg,disgust
C:\Users\mainh\OneDrive\Attachments\Máy tính\facial-emotion-viz\data\raw\surprise\reg_img101 (8).jpg,surprise
C:\Users\mainh\OneDrive\Attachments\Máy tính\facial-emotion-viz\data\raw\repression\reg_img144 (3).jpg,repression
C:\Users\mainh\OneDrive\Attachments\Máy tính\facial-emotion-viz\data\raw\happiness\reg_img67 (11).jpg,happiness
C:\Users\mainh\OneDrive\Attachments\Máy tính\facial-emotion-viz\data\raw\surprise\reg_img59 (2).jpg,surprise
C:\Users\mainh\OneDrive\Attachments\Máy tính\facial-emotion-viz\data\raw\repression\reg_img69 (9).jpg,repression
C:\Users\mainh\OneDrive\Attachments\Máy tính\facial-emotion-viz\data\raw\surprise\reg_img19 (4).jpg,surprise
C:\Users\mainh\OneDrive\Attachments\Máy tính\facial-emotion-viz\data\raw\happiness\reg_img117.jpg,happiness
C:\Users\mainh\OneDrive\Attachments\Máy tính\facial-emotion-viz\data\raw\surprise\reg_img82 (17).jpg,surprise
C:\Users\mainh\OneDrive\Attachments\Máy tính\facial-emotion-viz\data\raw\disgust\reg_img376.jpg,disgust
C:\Users\mainh\OneDrive\Attachments\Máy tính\facial-emotion-viz\data\raw\disgust\reg_img38 (16).jpg,disgust
C:\Users\mainh\OneDrive\Attachments\Máy tính\facial-emotion-viz\data\raw\surprise\reg_img109 (7).jpg,surprise
C:\Users\mainh\OneDrive\Attachments\Máy tính\facial-emotion-viz\data\raw\disgust\reg_img393.jpg,disgust
C:\Users\mainh\OneDrive\Attachments\Máy tính\facial-emotion-viz\data\raw\surprise\reg_img128 (5).jpg,surprise
C:\Users\mainh\OneDrive\Attachments\Máy tính\facial-emotion-viz\data\raw\disgust\reg_img50 (26).jpg,disgust
C:\Users\mainh\OneDrive\Attachments\Máy tính\facial-emotion-viz\data\raw\disgust\reg_img97 (29).jpg,disgust
C:\Users\mainh\OneDrive\Attachments\Máy tính\facial-emotion-viz\data\raw\repression\reg_img142 (3).jpg,repression
C:\Users\mainh\OneDrive\Attachments\Máy tính\facial-emotion-viz\data\raw\surprise\reg_img106 (4).jpg,surprise
C:\Users\mainh\OneDrive\Attachments\Máy tính\facial-emotion-viz\data\raw\happiness\reg_img206 (2).jpg,happiness
C:\Users\mainh\OneDrive\Attachments\Máy tính\facial-emotion-viz\data\raw\disgust\reg_img79 (13).jpg,disgust
C:\Users\mainh\OneDrive\Attachments\Máy tính\facial-emotion-viz\data\raw\surprise\reg_img76 (10).jpg,surprise
C:\Users\mainh\OneDrive\Attachments\Máy tính\facial-emotion-viz\data\raw\happiness\reg_img71 (4).jpg,happiness
C:\Users\mainh\OneDrive\Attachments\Máy tính\facial-emotion-viz\data\raw\surprise\reg_img98 (14).jpg,surprise
C:\Users\mainh\OneDrive\Attachments\Máy tính\facial-emotion-viz\data\raw\happiness\reg_img212 (2).jpg,happiness
C:\Users\mainh\OneDrive\Attachments\Máy tính\facial-emotion-viz\data\raw\happiness\reg_img30 (8).jpg,happiness
C:\Users\mainh\OneDrive\Attachments\Máy tính\facial-emotion-viz\data\raw\surprise\reg_img31.jpg,surprise
C:\Users\mainh\OneDrive\Attachments\Máy tính\facial-emotion-viz\data\raw\happiness\reg_img208 (2).jpg,happiness
C:\Users\mainh\OneDrive\Attachments\Máy tính\facial-emotion-viz\data\raw\disgust\reg_img89 (12).jpg,disgust
C:\Users\mainh\OneDrive\Attachments\Máy tính\facial-emotion-viz\data\raw\happiness\reg_img42.jpg,happiness
C:\Users\mainh\OneDrive\Attachments\Máy tính\facial-emotion-viz\data\raw\sadness\reg_img26 (2).jpg,sadness
C:\Users\mainh\OneDrive\Attachments\Máy tính\facial-emotion-viz\data\raw\disgust\reg_img61 (27).jpg,disgust
C:\Users\mainh\OneDrive\Attachments\Máy tính\facial-emotion-viz\data\raw\surprise\reg_img42 (3).jpg,surprise
C:\Users\mainh\OneDrive\Attachments\Máy tính\facial-emotion-viz\data\raw\disgust\reg_img411.jpg,disgust
C:\Users\mainh\OneDrive\Attachments\Máy tính\facial-emotion-viz\data\raw\happiness\reg_img148 (7).jpg,happiness
C:\Users\mainh\OneDrive\Attachments\Máy tính\facial-emotion-viz\data\raw\disgust\reg_img65 (13).jpg,disgust
C:\Users\mainh\OneDrive\Attachments\Máy tính\facial-emotion-viz\data\raw\disgust\reg_img61 (3).jpg,disgust
C:\Users\mainh\OneDrive\Attachments\Máy tính\facial-emotion-viz\data\raw\happiness\reg_img85 (17).jpg,happiness
C:\Users\mainh\OneDrive\Attachments\Máy tính\facial-emotion-viz\data\raw\disgust\reg_img100 (26).jpg,disgust
C:\Users\mainh\OneDrive\Attachments\Máy tính\facial-emotion-viz\data\raw\happiness\reg_img52 (5).jpg,happiness
C:\Users\mainh\OneDrive\Attachments\Máy tính\facial-emotion-viz\data\raw\repression\reg_img218 (2).jpg,repression
C:\Users\mainh\OneDrive\Attachments\Máy tính\facial-emotion-viz\data\raw\disgust\reg_img43 (13).jpg,disgust
C:\Users\mainh\OneDrive\Attachments\Máy tính\facial-emotion-viz\data\raw\disgust\reg_img129 (22).jpg,disgust
C:\Users\mainh\OneDrive\Attachments\Máy tính\facial-emotion-viz\data\raw\surprise\reg_img41 (2).jpg,surprise
C:\Users\mainh\OneDrive\Attachments\Máy tính\facial-emotion-viz\data\raw\disgust\reg_img69 (17).jpg,disgust
C:\Users\mainh\OneDrive\Attachments\Máy tính\facial-emotion-viz\data\raw\disgust\reg_img79 (33).jpg,disgust
C:\Users\mainh\OneDrive\Attachments\Máy tính\facial-emotion-viz\data\raw\repression\reg_img36 (8).jpg,repression
C:\Users\mainh\OneDrive\Attachments\Máy tính\facial-emotion-viz\data\raw\surprise\reg_img153 (2).jpg,surprise
C:\Users\mainh\OneDrive\Attachments\Máy tính\facial-emotion-viz\data\raw\surprise\reg_img108 (7).jpg,surprise
C:\Users\mainh\OneDrive\Attachments\Máy tính\facial-emotion-viz\data\raw\disgust\reg_img153 (9).jpg,disgust
C:\Users\mainh\OneDrive\Attachments\Máy tính\facial-emotion-viz\data\raw\repression\reg_img130 (9).jpg,repression
C:\Users\mainh\OneDrive\Attachments\Máy tính\facial-emotion-viz\data\raw\surprise\reg_img144 (2).jpg,surprise
C:\Users\mainh\OneDrive\Attachments\Máy tính\facial-emotion-viz\data\raw\happiness\reg_img53 (5).jpg,happiness
C:\Users\mainh\OneDrive\Attachments\Máy tính\facial-emotion-viz\data\raw\disgust\reg_img139 (3).jpg,disgust
C:\Users\mainh\OneDrive\Attachments\Máy tính\facial-emotion-viz\data\raw\surprise\reg_img82 (16).jpg,surprise
C:\Users\mainh\OneDrive\Attachments\Máy tính\facial-emotion-viz\data\raw\disgust\reg_img120 (15).jpg,disgust
C:\Users\mainh\OneDrive\Attachments\Máy tính\facial-emotion-viz\data\raw\disgust\reg_img86 (39).jpg,disgust
C:\Users\mainh\OneDrive\Attachments\Máy tính\facial-emotion-viz\data\raw\repression\reg_img29 (3).jpg,repression
C:\Users\mainh\OneDrive\Attachments\Máy tính\facial-emotion-viz\data\raw\surprise\reg_img165 (3).jpg,surprise
C:\Users\mainh\OneDrive\Attachments\Máy tính\facial-emotion-viz\data\raw\disgust\reg_img155 (11).jpg,disgust
C:\Users\mainh\OneDrive\Attachments\Máy tính\facial-emotion-viz\data\raw\surprise\reg_img128 (2).jpg,surprise
C:\Users\mainh\OneDrive\Attachments\Máy tính\facial-emotion-viz\data\raw\surprise\reg_img80 (11).jpg,surprise
C:\Users\mainh\OneDrive\Attachments\Máy tính\facial-emotion-viz\data\raw\disgust\reg_img135 (13).jpg,disgust
C:\Users\mainh\OneDrive\Attachments\Máy tính\facial-emotion-viz\data\raw\repression\reg_img56 (3).jpg,repression
C:\Users\mainh\OneDrive\Attachments\Máy tính\facial-emotion-viz\data\raw\repression\reg_img100 (3).jpg,repression
C:\Users\mainh\OneDrive\Attachments\Máy tính\facial-emotion-viz\data\raw\surprise\reg_img90 (9).jpg,surprise
C:\Users\mainh\OneDrive\Attachments\Máy tính\facial-emotion-viz\data\raw\disgust\reg_img35 (16).jpg,disgust
C:\Users\mainh\OneDrive\Attachments\Máy tính\facial-emotion-viz\data\raw\repression\reg_img41 (7).jpg,repression
C:\Users\mainh\OneDrive\Attachments\Máy tính\facial-emotion-viz\data\raw\disgust\reg_img105 (4).jpg,disgust
C:\Users\mainh\OneDrive\Attachments\Máy tính\facial-emotion-viz\data\raw\sadness\reg_img335.jpg,sadness
C:\Users\mainh\OneDrive\Attachments\Máy tính\facial-emotion-viz\data\raw\repression\reg_img164.jpg,repression
C:\Users\mainh\OneDrive\Attachments\Máy tính\facial-emotion-viz\data\raw\repression\reg_img126 (6).jpg,repression
C:\Users\mainh\OneDrive\Attachments\Máy tính\facial-emotion-viz\data\raw\repression\reg_img176 (2).jpg,repression
C:\Users\mainh\OneDrive\Attachments\Máy tính\facial-emotion-viz\data\raw\disgust\reg_img46 (13).jpg,disgust
C:\Users\mainh\OneDrive\Attachments\Máy tính\facial-emotion-viz\data\raw\disgust\reg_img33 (8).jpg,disgust
C:\Users\mainh\OneDrive\Attachments\Máy tính\facial-emotion-viz\data\raw\happiness\reg_img19 (2).jpg,happiness
C:\Users\mainh\OneDrive\Attachments\Máy tính\facial-emotion-viz\data\raw\repression\reg_img48 (6).jpg,repression
C:\Users\mainh\OneDrive\Attachments\Máy tính\facial-emotion-viz\data\raw\repression\reg_img71.jpg,repression
C:\Users\mainh\OneDrive\Attachments\Máy tính\facial-emotion-viz\data\raw\disgust\reg_img116 (13).jpg,disgust
C:\Users\mainh\OneDrive\Attachments\Máy tính\facial-emotion-viz\data\raw\disgust\reg_img117 (15).jpg,disgust
C:\Users\mainh\OneDrive\Attachments\Máy tính\facial-emotion-viz\data\raw\surprise\reg_img42 (4).jpg,surprise
C:\Users\mainh\OneDrive\Attachments\Máy tính\facial-emotion-viz\data\raw\disgust\reg_img103 (15).jpg,disgust
C:\Users\mainh\OneDrive\Attachments\Máy tính\facial-emotion-viz\data\raw\happiness\reg_img45 (4).jpg,happiness
C:\Users\mainh\OneDrive\Attachments\Máy tính\facial-emotion-viz\data\raw\sadness\reg_img53.jpg,sadness
C:\Users\mainh\OneDrive\Attachments\Máy tính\facial-emotion-viz\data\raw\repression\reg_img33 (9).jpg,repression
C:\Users\mainh\OneDrive\Attachments\Máy tính\facial-emotion-viz\data\raw\repression\reg_img134 (10).jpg,repression
C:\Users\mainh\OneDrive\Attachments\Máy tính\facial-emotion-viz\data\raw\surprise\reg_img123 (2).jpg,surprise
C:\Users\mainh\OneDrive\Attachments\Máy tính\facial-emotion-viz\data\raw\disgust\reg_img83 (34).jpg,disgust
C:\Users\mainh\OneDrive\Attachments\Máy tính\facial-emotion-viz\data\raw\happiness\reg_img66 (5).jpg,happiness
C:\Users\mainh\OneDrive\Attachments\Máy tính\facial-emotion-viz\data\raw\happiness\reg_img33 (8).jpg,happiness
C:\Users\mainh\OneDrive\Attachments\Máy tính\facial-emotion-viz\data\raw\disgust\reg_img57 (15).jpg,disgust
C:\Users\mainh\OneDrive\Attachments\Máy tính\facial-emotion-viz\data\raw\disgust\reg_img83 (12).jpg,disgust
C:\Users\mainh\OneDrive\Attachments\Máy tính\facial-emotion-viz\data\raw\surprise\reg_img51 (4).jpg,surprise
C:\Users\mainh\OneDrive\Attachments\Máy tính\facial-emotion-viz\data\raw\happiness\reg_img48 (16).jpg,happiness
C:\Users\mainh\OneDrive\Attachments\Máy tính\facial-emotion-viz\data\raw\repression\reg_img41 (10).jpg,repression
C:\Users\mainh\OneDrive\Attachments\Máy tính\facial-emotion-viz\data\raw\disgust\reg_img142 (13).jpg,disgust
C:\Users\mainh\OneDrive\Attachments\Máy tính\facial-emotion-viz\data\raw\disgust\reg_img116 (27).jpg,disgust
C:\Users\mainh\OneDrive\Attachments\Máy tính\facial-emotion-viz\data\raw\disgust\reg_img198 (2).jpg,disgust
C:\Users\mainh\OneDrive\Attachments\Máy tính\facial-emotion-viz\data\raw\disgust\reg_img37 (24).jpg,disgust
C:\Users\mainh\OneDrive\Attachments\Máy tính\facial-emotion-viz\data\raw\surprise\reg_img84 (12).jpg,surprise
C:\Users\mainh\OneDrive\Attachments\Máy tính\facial-emotion-viz\data\raw\happiness\reg_img90 (21).jpg,happiness
C:\Users\mainh\OneDrive\Attachments\Máy tính\facial-emotion-viz\data\raw\disgust\reg_img15 (6).jpg,disgust
C:\Users\mainh\OneDrive\Attachments\Máy tính\facial-emotion-viz\data\raw\sadness\reg_img72 (2).jpg,sadness
C:\Users\mainh\OneDrive\Attachments\Máy tính\facial-emotion-viz\data\raw\disgust\reg_img73 (14).jpg,disgust
C:\Users\mainh\OneDrive\Attachments\Máy tính\facial-emotion-viz\data\raw\disgust\reg_img73 (32).jpg,disgust
C:\Users\mainh\OneDrive\Attachments\Máy tính\facial-emotion-viz\data\raw\disgust\reg_img72 (18).jpg,disgust
C:\Users\mainh\OneDrive\Attachments\Máy tính\facial-emotion-viz\data\raw\surprise\reg_img184.jpg,surprise
C:\Users\mainh\OneDrive\Attachments\Máy tính\facial-emotion-viz\data\raw\disgust\reg_img80 (10).jpg,disgust
C:\Users\mainh\OneDrive\Attachments\Máy tính\facial-emotion-viz\data\raw\repression\reg_img111 (8).jpg,repression
C:\Users\mainh\OneDrive\Attachments\Máy tính\facial-emotion-viz\data\raw\repression\reg_img140 (12).jpg,repression
C:\Users\mainh\OneDrive\Attachments\Máy tính\facial-emotion-viz\data\raw\happiness\reg_img101 (10).jpg,happiness
C:\Users\mainh\OneDrive\Attachments\Máy tính\facial-emotion-viz\data\raw\disgust\reg_img44 (26).jpg,disgust
C:\Users\mainh\OneDrive\Attachments\Máy tính\facial-emotion-viz\data\raw\surprise\reg_img197.jpg,surprise
C:\Users\mainh\OneDrive\Attachments\Máy tính\facial-emotion-viz\data\raw\disgust\reg_img134 (9).jpg,disgust
C:\Users\mainh\OneDrive\Attachments\Máy tính\facial-emotion-viz\data\raw\happiness\reg_img80 (14).jpg,happiness
C:\Users\mainh\OneDrive\Attachments\Máy tính\facial-emotion-viz\data\raw\happiness\reg_img112 (6).jpg,happiness
C:\Users\mainh\OneDrive\Attachments\Máy tính\facial-emotion-viz\data\raw\disgust\reg_img55 (12).jpg,disgust
C:\Users\mainh\OneDrive\Attachments\Máy tính\facial-emotion-viz\data\raw\disgust\reg_img61 (8).jpg,disgust
C:\Users\mainh\OneDrive\Attachments\Máy tính\facial-emotion-viz\data\raw\happiness\reg_img72 (7).jpg,happiness
C:\Users\mainh\OneDrive\Attachments\Máy tính\facial-emotion-viz\data\raw\disgust\reg_img111 (26).jpg,disgust
C:\Users\mainh\OneDrive\Attachments\Máy tính\facial-emotion-viz\data\raw\happiness\reg_img37 (15).jpg,happiness
C:\Users\mainh\OneDrive\Attachments\Máy tính\facial-emotion-viz\data\raw\disgust\reg_img54 (30).jpg,disgust
C:\Users\mainh\OneDrive\Attachments\Máy tính\facial-emotion-viz\data\raw\happiness\reg_img120 (6).jpg,happiness
C:\Users\mainh\OneDrive\Attachments\Máy tính\facial-emotion-viz\data\raw\repression\reg_img62 (14).jpg,repression
C:\Users\mainh\OneDrive\Attachments\Máy tính\facial-emotion-viz\data\raw\happiness\reg_img107 (9).jpg,happiness
C:\Users\mainh\OneDrive\Attachments\Máy tính\facial-emotion-viz\data\raw\repression\reg_img81 (4).jpg,repression
C:\Users\mainh\OneDrive\Attachments\Máy tính\facial-emotion-viz\data\raw\disgust\reg_img31 (12).jpg,disgust
C:\Users\mainh\OneDrive\Attachments\Máy tính\facial-emotion-viz\data\raw\disgust\reg_img39 (12).jpg,disgust
C:\Users\mainh\OneDrive\Attachments\Máy tính\facial-emotion-viz\data\raw\happiness\reg_img52 (4).jpg,happiness
C:\Users\mainh\OneDrive\Attachments\Máy tính\facial-emotion-viz\data\raw\disgust\reg_img99 (14).jpg,disgust
C:\Users\mainh\OneDrive\Attachments\Máy tính\facial-emotion-viz\data\raw\disgust\reg_img80 (27).jpg,disgust
C:\Users\mainh\OneDrive\Attachments\Máy tính\facial-emotion-viz\data\raw\repression\reg_img93 (2).jpg,repression
C:\Users\mainh\OneDrive\Attachments\Máy tính\facial-emotion-viz\data\raw\disgust\reg_img71 (20).jpg,disgust
C:\Users\mainh\OneDrive\Attachments\Máy tính\facial-emotion-viz\data\raw\fear\reg_img86.jpg,fear
C:\Users\mainh\OneDrive\Attachments\Máy tính\facial-emotion-viz\data\raw\disgust\reg_img60 (22).jpg,disgust
C:\Users\mainh\OneDrive\Attachments\Máy tính\facial-emotion-viz\data\raw\repression\reg_img194 (2).jpg,repression
C:\Users\mainh\OneDrive\Attachments\Máy tính\facial-emotion-viz\data\raw\repression\reg_img149 (4).jpg,repression
C:\Users\mainh\OneDrive\Attachments\Máy tính\facial-emotion-viz\data\raw\happiness\reg_img127 (5).jpg,happiness
C:\Users\mainh\OneDrive\Attachments\Máy tính\facial-emotion-viz\data\raw\surprise\reg_img103 (8).jpg,surprise
C:\Users\mainh\OneDrive\Attachments\Máy tính\facial-emotion-viz\data\raw\repression\reg_img93 (4).jpg,repression
C:\Users\mainh\OneDrive\Attachments\Máy tính\facial-emotion-viz\data\raw\disgust\reg_img149 (10).jpg,disgust
C:\Users\mainh\OneDrive\Attachments\Máy tính\facial-emotion-viz\data\raw\surprise\reg_img24 (3).jpg,surprise
C:\Users\mainh\OneDrive\Attachments\Máy tính\facial-emotion-viz\data\raw\surprise\reg_img93 (8).jpg,surprise
C:\Users\mainh\OneDrive\Attachments\Máy tính\facial-emotion-viz\data\raw\repression\reg_img97 (5).jpg,repression
C:\Users\mainh\OneDrive\Attachments\Máy tính\facial-emotion-viz\data\raw\repression\reg_img200 (3).jpg,repression
C:\Users\mainh\OneDrive\Attachments\Máy tính\facial-emotion-viz\data\raw\repression\reg_img64 (3).jpg,repression
C:\Users\mainh\OneDrive\Attachments\Máy tính\facial-emotion-viz\data\raw\disgust\reg_img110 (15).jpg,disgust
C:\Users\mainh\OneDrive\Attachments\Máy tính\facial-emotion-viz\data\raw\surprise\reg_img118 (5).jpg,surprise
C:\Users\mainh\OneDrive\Attachments\Máy tính\facial-emotion-viz\data\raw\disgust\reg_img48 (8).jpg,disgust
C:\Users\mainh\OneDrive\Attachments\Máy tính\facial-emotion-viz\data\raw\happiness\reg_img65 (15).jpg,happiness
C:\Users\mainh\OneDrive\Attachments\Máy tính\facial-emotion-viz\data\raw\disgust\reg_img60 (20).jpg,disgust
C:\Users\mainh\OneDrive\Attachments\Máy tính\facial-emotion-viz\data\raw\disgust\reg_img56 (4).jpg,disgust
C:\Users\mainh\OneDrive\Attachments\Máy tính\facial-emotion-viz\data\raw\happiness\reg_img57 (14).jpg,happiness
C:\Users\mainh\OneDrive\Attachments\Máy tính\facial-emotion-viz\data\raw\repression\reg_img12 (2).jpg,repression
C:\Users\mainh\OneDrive\Attachments\Máy tính\facial-emotion-viz\data\raw\repression\reg_img204.jpg,repression
C:\Users\mainh\OneDrive\Attachments\Máy tính\facial-emotion-viz\data\raw\disgust\reg_img22 (4).jpg,disgust
C:\Users\mainh\OneDrive\Attachments\Máy tính\facial-emotion-viz\data\raw\disgust\reg_img90 (4).jpg,disgust
C:\Users\mainh\OneDrive\Attachments\Máy tính\facial-emotion-viz\data\raw\disgust\reg_img96 (6).jpg,disgust
C:\Users\mainh\OneDrive\Attachments\Máy tính\facial-emotion-viz\data\raw\surprise\reg_img87 (16).jpg,surprise
C:\Users\mainh\OneDrive\Attachments\Máy tính\facial-emotion-viz\data\raw\repression\reg_img83 (4).jpg,repression
C:\Users\mainh\OneDrive\Attachments\Máy tính\facial-emotion-viz\data\raw\surprise\reg_img43.jpg,surprise
C:\Users\mainh\OneDrive\Attachments\Máy tính\facial-emotion-viz\data\raw\repression\reg_img49 (10).jpg,repression
C:\Users\mainh\OneDrive\Attachments\Máy tính\facial-emotion-viz\data\raw\disgust\reg_img101 (37).jpg,disgust
C:\Users\mainh\OneDrive\Attachments\Máy tính\facial-emotion-viz\data\raw\disgust\reg_img137 (9).jpg,disgust
C:\Users\mainh\OneDrive\Attachments\Máy tính\facial-emotion-viz\data\raw\disgust\reg_img65 (9).jpg,disgust
C:\Users\mainh\OneDrive\Attachments\Máy tính\facial-emotion-viz\data\raw\repression\reg_img81.jpg,repression
C:\Users\mainh\OneDrive\Attachments\Máy tính\facial-emotion-viz\data\raw\repression\reg_img142 (2).jpg,repression
C:\Users\mainh\OneDrive\Attachments\Máy tính\facial-emotion-viz\data\raw\disgust\reg_img71 (6).jpg,disgust
C:\Users\mainh\OneDrive\Attachments\Máy tính\facial-emotion-viz\data\raw\happiness\reg_img264.jpg,happiness
C:\Users\mainh\OneDrive\Attachments\Máy tính\facial-emotion-viz\data\raw\disgust\reg_img94 (21).jpg,disgust
C:\Users\mainh\OneDrive\Attachments\Máy tính\facial-emotion-viz\data\raw\happiness\reg_img37 (4).jpg,happiness
C:\Users\mainh\OneDrive\Attachments\Máy tính\facial-emotion-viz\data\raw\happiness\reg_img99 (6).jpg,happiness
C:\Users\mainh\OneDrive\Attachments\Máy tính\facial-emotion-viz\data\raw\repression\reg_img61 (2).jpg,repression
C:\Users\mainh\OneDrive\Attachments\Máy tính\facial-emotion-viz\data\raw\disgust\reg_img160 (7).jpg,disgust
C:\Users\mainh\OneDrive\Attachments\Máy tính\facial-emotion-viz\data\raw\disgust\reg_img50 (6).jpg,disgust
C:\Users\mainh\OneDrive\Attachments\Máy tính\facial-emotion-viz\data\raw\fear\reg_img60.jpg,fear
C:\Users\mainh\OneDrive\Attachments\Máy tính\facial-emotion-viz\data\raw\disgust\reg_img104 (27).jpg,disgust
C:\Users\mainh\OneDrive\Attachments\Máy tính\facial-emotion-viz\data\raw\disgust\reg_img129.jpg,disgust
C:\Users\mainh\OneDrive\Attachments\Máy tính\facial-emotion-viz\data\raw\happiness\reg_img51 (6).jpg,happiness
C:\Users\mainh\OneDrive\Attachments\Máy tính\facial-emotion-viz\data\raw\disgust\reg_img63 (10).jpg,disgust
C:\Users\mainh\OneDrive\Attachments\Máy tính\facial-emotion-viz\data\raw\happiness\reg_img252.jpg,happiness
C:\Users\mainh\OneDrive\Attachments\Máy tính\facial-emotion-viz\data\raw\disgust\reg_img44 (5).jpg,disgust
C:\Users\mainh\OneDrive\Attachments\Máy tính\facial-emotion-viz\data\raw\happiness\reg_img108 (8).jpg,happiness
C:\Users\mainh\OneDrive\Attachments\Máy tính\facial-emotion-viz\data\raw\repression\reg_img35.jpg,repression
C:\Users\mainh\OneDrive\Attachments\Máy tính\facial-emotion-viz\data\raw\surprise\reg_img85 (15).jpg,surprise
C:\Users\mainh\OneDrive\Attachments\Máy tính\facial-emotion-viz\data\raw\disgust\reg_img41 (8).jpg,disgust
C:\Users\mainh\OneDrive\Attachments\Máy tính\facial-emotion-viz\data\raw\repression\reg_img155 (8).jpg,repression
C:\Users\mainh\OneDrive\Attachments\Máy tính\facial-emotion-viz\data\raw\disgust\reg_img81 (30).jpg,disgust
C:\Users\mainh\OneDrive\Attachments\Máy tính\facial-emotion-viz\data\raw\happiness\reg_img131.jpg,happiness
C:\Users\mainh\OneDrive\Attachments\Máy tính\facial-emotion-viz\data\raw\disgust\reg_img85 (9).jpg,disgust
C:\Users\mainh\OneDrive\Attachments\Máy tính\facial-emotion-viz\data\raw\fear\reg_img127.jpg,fear
C:\Users\mainh\OneDrive\Attachments\Máy tính\facial-emotion-viz\data\raw\repression\reg_img17.jpg,repression
C:\Users\mainh\OneDrive\Attachments\Máy tính\facial-emotion-viz\data\raw\surprise\reg_img145 (5).jpg,surprise
C:\Users\mainh\OneDrive\Attachments\Máy tính\facial-emotion-viz\data\raw\surprise\reg_img106 (10).jpg,surprise
C:\Users\mainh\OneDrive\Attachments\Máy tính\facial-emotion-viz\data\raw\disgust\reg_img72 (24).jpg,disgust
C:\Users\mainh\OneDrive\Attachments\Máy tính\facial-emotion-viz\data\raw\repression\reg_img157 (6).jpg,repression
C:\Users\mainh\OneDrive\Attachments\Máy tính\facial-emotion-viz\data\raw\disgust\reg_img98 (3).jpg,disgust
C:\Users\mainh\OneDrive\Attachments\Máy tính\facial-emotion-viz\data\raw\happiness\reg_img123.jpg,happiness
C:\Users\mainh\OneDrive\Attachments\Máy tính\facial-emotion-viz\data\raw\repression\reg_img34 (10).jpg,repression
C:\Users\mainh\OneDrive\Attachments\Máy tính\facial-emotion-viz\data\raw\repression\reg_img214 (2).jpg,repression
C:\Users\mainh\OneDrive\Attachments\Máy tính\facial-emotion-viz\data\raw\happiness\reg_img115 (11).jpg,happiness
C:\Users\mainh\OneDrive\Attachments\Máy tính\facial-emotion-viz\data\raw\surprise\reg_img76.jpg,surprise
C:\Users\mainh\OneDrive\Attachments\Máy tính\facial-emotion-viz\data\raw\repression\reg_img76 (11).jpg,repression
C:\Users\mainh\OneDrive\Attachments\Máy tính\facial-emotion-viz\data\raw\repression\reg_img72 (13).jpg,repression
C:\Users\mainh\OneDrive\Attachments\Máy tính\facial-emotion-viz\data\raw\disgust\reg_img114 (17).jpg,disgust
C:\Users\mainh\OneDrive\Attachments\Máy tính\facial-emotion-viz\data\raw\disgust\reg_img37 (6).jpg,disgust
C:\Users\mainh\OneDrive\Attachments\Máy tính\facial-emotion-viz\data\raw\repression\reg_img111 (17).jpg,repression
C:\Users\mainh\OneDrive\Attachments\Máy tính\facial-emotion-viz\data\raw\disgust\reg_img56 (20).jpg,disgust
C:\Users\mainh\OneDrive\Attachments\Máy tính\facial-emotion-viz\data\raw\surprise\reg_img29 (4).jpg,surprise
C:\Users\mainh\OneDrive\Attachments\Máy tính\facial-emotion-viz\data\raw\disgust\reg_img92 (14).jpg,disgust
C:\Users\mainh\OneDrive\Attachments\Máy tính\facial-emotion-viz\data\raw\repression\reg_img64 (8).jpg,repression
C:\Users\mainh\OneDrive\Attachments\Máy tính\facial-emotion-viz\data\raw\disgust\reg_img151 (12).jpg,disgust
C:\Users\mainh\OneDrive\Attachments\Máy tính\facial-emotion-viz\data\raw\surprise\reg_img69 (4).jpg,surprise
C:\Users\mainh\OneDrive\Attachments\Máy tính\facial-emotion-viz\data\raw\happiness\reg_img99 (5).jpg,happiness
C:\Users\mainh\OneDrive\Attachments\Máy tính\facial-emotion-viz\data\raw\repression\reg_img123 (5).jpg,repression
C:\Users\mainh\OneDrive\Attachments\Máy tính\facial-emotion-viz\data\raw\repression\reg_img95 (7).jpg,repression
C:\Users\mainh\OneDrive\Attachments\Máy tính\facial-emotion-viz\data\raw\happiness\reg_img48 (12).jpg,happiness
C:\Users\mainh\OneDrive\Attachments\Máy tính\facial-emotion-viz\data\raw\happiness\reg_img91 (14).jpg,happiness
C:\Users\mainh\OneDrive\Attachments\Máy tính\facial-emotion-viz\data\raw\repression\reg_img77 (2).jpg,repression
C:\Users\mainh\OneDrive\Attachments\Máy tính\facial-emotion-viz\data\raw\disgust\reg_img96 (12).jpg,disgust
C:\Users\mainh\OneDrive\Attachments\Máy tính\facial-emotion-viz\data\raw\repression\reg_img11 (2).jpg,repression
C:\Users\mainh\OneDrive\Attachments\Máy tính\facial-emotion-viz\data\raw\disgust\reg_img71 (30).jpg,disgust
C:\Users\mainh\OneDrive\Attachments\Máy tính\facial-emotion-viz\data\raw\happiness\reg_img64 (16).jpg,happiness
C:\Users\mainh\OneDrive\Attachments\Máy tính\facial-emotion-viz\data\raw\disgust\reg_img156 (10).jpg,disgust
C:\Users\mainh\OneDrive\Attachments\Máy tính\facial-emotion-viz\data\raw\repression\reg_img191 (3).jpg,repression
C:\Users\mainh\OneDrive\Attachments\Máy tính\facial-emotion-viz\data\raw\happiness\reg_img76 (8).jpg,happiness
C:\Users\mainh\OneDrive\Attachments\Máy tính\facial-emotion-viz\data\raw\disgust\reg_img121 (15).jpg,disgust
C:\Users\mainh\OneDrive\Attachments\Máy tính\facial-emotion-viz\data\raw\disgust\reg_img87 (34).jpg,disgust
C:\Users\mainh\OneDrive\Attachments\Máy tính\facial-emotion-viz\data\raw\disgust\reg_img31 (13).jpg,disgust
C:\Users\mainh\OneDrive\Attachments\Máy tính\facial-emotion-viz\data\raw\happiness\reg_img37 (9).jpg,happiness
C:\Users\mainh\OneDrive\Attachments\Máy tính\facial-emotion-viz\data\raw\happiness\reg_img64 (13).jpg,happiness
C:\Users\mainh\OneDrive\Attachments\Máy tính\facial-emotion-viz\data\raw\disgust\reg_img64 (23).jpg,disgust
C:\Users\mainh\OneDrive\Attachments\Máy tính\facial-emotion-viz\data\raw\disgust\reg_img392.jpg,disgust
C:\Users\mainh\OneDrive\Attachments\Máy tính\facial-emotion-viz\data\raw\repression\reg_img21 (2).jpg,repression
C:\Users\mainh\OneDrive\Attachments\Máy tính\facial-emotion-viz\data\raw\happiness\reg_img69 (16).jpg,happiness
C:\Users\mainh\OneDrive\Attachments\Máy tính\facial-emotion-viz\data\raw\disgust\reg_img48 (24).jpg,disgust
C:\Users\mainh\OneDrive\Attachments\Máy tính\facial-emotion-viz\data\raw\repression\reg_img118 (9).jpg,repression
C:\Users\mainh\OneDrive\Attachments\Máy tính\facial-emotion-viz\data\raw\surprise\reg_img113 (3).jpg,surprise
C:\Users\mainh\OneDrive\Attachments\Máy tính\facial-emotion-viz\data\raw\repression\reg_img87 (13).jpg,repression
C:\Users\mainh\OneDrive\Attachments\Máy tính\facial-emotion-viz\data\raw\sadness\reg_img356 (2).jpg,sadness
C:\Users\mainh\OneDrive\Attachments\Máy tính\facial-emotion-viz\data\raw\disgust\reg_img97 (11).jpg,disgust
C:\Users\mainh\OneDrive\Attachments\Máy tính\facial-emotion-viz\data\raw\repression\reg_img20 (2).jpg,repression
C:\Users\mainh\OneDrive\Attachments\Máy tính\facial-emotion-viz\data\raw\disgust\reg_img62 (15).jpg,disgust
C:\Users\mainh\OneDrive\Attachments\Máy tính\facial-emotion-viz\data\raw\disgust\reg_img114 (29).jpg,disgust
C:\Users\mainh\OneDrive\Attachments\Máy tính\facial-emotion-viz\data\raw\repression\reg_img87 (11).jpg,repression
C:\Users\mainh\OneDrive\Attachments\Máy tính\facial-emotion-viz\data\raw\repression\reg_img47 (7).jpg,repression
C:\Users\mainh\OneDrive\Attachments\Máy tính\facial-emotion-viz\data\raw\disgust\reg_img13.jpg,disgust
C:\Users\mainh\OneDrive\Attachments\Máy tính\facial-emotion-viz\data\raw\disgust\reg_img74 (23).jpg,disgust
C:\Users\mainh\OneDrive\Attachments\Máy tính\facial-emotion-viz\data\raw\disgust\reg_img112 (11).jpg,disgust
C:\Users\mainh\OneDrive\Attachments\Máy tính\facial-emotion-viz\data\raw\repression\reg_img99 (6).jpg,repression
C:\Users\mainh\OneDrive\Attachments\Máy tính\facial-emotion-viz\data\raw\surprise\reg_img75 (9).jpg,surprise
C:\Users\mainh\OneDrive\Attachments\Máy tính\facial-emotion-viz\data\raw\happiness\reg_img97 (15).jpg,happiness
C:\Users\mainh\OneDrive\Attachments\Máy tính\facial-emotion-viz\data\raw\repression\reg_img171 (3).jpg,repression
C:\Users\mainh\OneDrive\Attachments\Máy tính\facial-emotion-viz\data\raw\sadness\reg_img103.jpg,sadness
C:\Users\mainh\OneDrive\Attachments\Máy tính\facial-emotion-viz\data\raw\disgust\reg_img90 (37).jpg,disgust
C:\Users\mainh\OneDrive\Attachments\Máy tính\facial-emotion-viz\data\raw\disgust\reg_img80 (25).jpg,disgust
C:\Users\mainh\OneDrive\Attachments\Máy tính\facial-emotion-viz\data\raw\disgust\reg_img310.jpg,disgust
C:\Users\mainh\OneDrive\Attachments\Máy tính\facial-emotion-viz\data\raw\disgust\reg_img203 (2).jpg,disgust
C:\Users\mainh\OneDrive\Attachments\Máy tính\facial-emotion-viz\data\raw\repression\reg_img102 (6).jpg,repression
C:\Users\mainh\OneDrive\Attachments\Máy tính\facial-emotion-viz\data\raw\surprise\reg_img67 (13).jpg,surprise
C:\Users\mainh\OneDrive\Attachments\Máy tính\facial-emotion-viz\data\raw\disgust\reg_img97 (36).jpg,disgust
C:\Users\mainh\OneDrive\Attachments\Máy tính\facial-emotion-viz\data\raw\happiness\reg_img66 (18).jpg,happiness
C:\Users\mainh\OneDrive\Attachments\Máy tính\facial-emotion-viz\data\raw\sadness\reg_img13.jpg,sadness
C:\Users\mainh\OneDrive\Attachments\Máy tính\facial-emotion-viz\data\raw\repression\reg_img101 (5).jpg,repression
C:\Users\mainh\OneDrive\Attachments\Máy tính\facial-emotion-viz\data\raw\happiness\reg_img87 (17).jpg,happiness
C:\Users\mainh\OneDrive\Attachments\Máy tính\facial-emotion-viz\data\raw\repression\reg_img120 (13).jpg,repression
C:\Users\mainh\OneDrive\Attachments\Máy tính\facial-emotion-viz\data\raw\repression\reg_img38.jpg,repression
C:\Users\mainh\OneDrive\Attachments\Máy tính\facial-emotion-viz\data\raw\disgust\reg_img141 (4).jpg,disgust
C:\Users\mainh\OneDrive\Attachments\Máy tính\facial-emotion-viz\data\raw\happiness\reg_img184 (2).jpg,happiness
C:\Users\mainh\OneDrive\Attachments\Máy tính\facial-emotion-viz\data\raw\repression\reg_img40 (3).jpg,repression
C:\Users\mainh\OneDrive\Attachments\Máy tính\facial-emotion-viz\data\raw\disgust\reg_img58 (20).jpg,disgust
C:\Users\mainh\OneDrive\Attachments\Máy tính\facial-emotion-viz\data\raw\disgust\reg_img190 (4).jpg,disgust
C:\Users\mainh\OneDrive\Attachments\Máy tính\facial-emotion-viz\data\raw\repression\reg_img99 (10).jpg,repression
C:\Users\mainh\OneDrive\Attachments\Máy tính\facial-emotion-viz\data\raw\disgust\reg_img386.jpg,disgust
C:\Users\mainh\OneDrive\Attachments\Máy tính\facial-emotion-viz\data\raw\surprise\reg_img72 (3).jpg,surprise
C:\Users\mainh\OneDrive\Attachments\Máy tính\facial-emotion-viz\data\raw\disgust\reg_img105 (34).jpg,disgust
C:\Users\mainh\OneDrive\Attachments\Máy tính\facial-emotion-viz\data\raw\disgust\reg_img103 (4).jpg,disgust
C:\Users\mainh\OneDrive\Attachments\Máy tính\facial-emotion-viz\data\raw\repression\reg_img129 (7).jpg,repression
C:\Users\mainh\OneDrive\Attachments\Máy tính\facial-emotion-viz\data\raw\repression\reg_img76 (6).jpg,repression
C:\Users\mainh\OneDrive\Attachments\Máy tính\facial-emotion-viz\data\raw\disgust\reg_img85 (4).jpg,disgust
C:\Users\mainh\OneDrive\Attachments\Máy tính\facial-emotion-viz\data\raw\disgust\reg_img71 (11).jpg,disgust
C:\Users\mainh\OneDrive\Attachments\Máy tính\facial-emotion-viz\data\raw\disgust\reg_img49 (19).jpg,disgust
C:\Users\mainh\OneDrive\Attachments\Máy tính\facial-emotion-viz\data\raw\repression\reg_img20 (4).jpg,repression
C:\Users\mainh\OneDrive\Attachments\Máy tính\facial-emotion-viz\data\raw\disgust\reg_img424.jpg,disgust
C:\Users\mainh\OneDrive\Attachments\Máy tính\facial-emotion-viz\data\raw\surprise\reg_img141 (4).jpg,surprise
C:\Users\mainh\OneDrive\Attachments\Máy tính\facial-emotion-viz\data\raw\happiness\reg_img55 (17).jpg,happiness
C:\Users\mainh\OneDrive\Attachments\Máy tính\facial-emotion-viz\data\raw\happiness\reg_img56 (7).jpg,happiness
C:\Users\mainh\OneDrive\Attachments\Máy tính\facial-emotion-viz\data\raw\disgust\reg_img380.jpg,disgust
C:\Users\mainh\OneDrive\Attachments\Máy tính\facial-emotion-viz\data\raw\happiness\reg_img148.jpg,happiness
C:\Users\mainh\OneDrive\Attachments\Máy tính\facial-emotion-viz\data\raw\surprise\reg_img82 (7).jpg,surprise
C:\Users\mainh\OneDrive\Attachments\Máy tính\facial-emotion-viz\data\raw\disgust\reg_img80 (33).jpg,disgust
C:\Users\mainh\OneDrive\Attachments\Máy tính\facial-emotion-viz\data\raw\repression\reg_img67.jpg,repression
C:\Users\mainh\OneDrive\Attachments\Máy tính\facial-emotion-viz\data\raw\disgust\reg_img31 (19).jpg,disgust
C:\Users\mainh\OneDrive\Attachments\Máy tính\facial-emotion-viz\data\raw\repression\reg_img40 (5).jpg,repression
C:\Users\mainh\OneDrive\Attachments\Máy tính\facial-emotion-viz\data\raw\happiness\reg_img64 (10).jpg,happiness
C:\Users\mainh\OneDrive\Attachments\Máy tính\facial-emotion-viz\data\raw\happiness\reg_img82 (18).jpg,happiness
C:\Users\mainh\OneDrive\Attachments\Máy tính\facial-emotion-viz\data\raw\surprise\reg_img98 (7).jpg,surprise
C:\Users\mainh\OneDrive\Attachments\Máy tính\facial-emotion-viz\data\raw\disgust\reg_img129 (15).jpg,disgust
C:\Users\mainh\OneDrive\Attachments\Máy tính\facial-emotion-viz\data\raw\sadness\reg_img4.jpg,sadness
C:\Users\mainh\OneDrive\Attachments\Máy tính\facial-emotion-viz\data\raw\happiness\reg_img167.jpg,happiness
C:\Users\mainh\OneDrive\Attachments\Máy tính\facial-emotion-viz\data\raw\repression\reg_img81 (9).jpg,repression
C:\Users\mainh\OneDrive\Attachments\Máy tính\facial-emotion-viz\data\raw\disgust\reg_img113 (28).jpg,disgust
C:\Users\mainh\OneDrive\Attachments\Máy tính\facial-emotion-viz\data\raw\sadness\reg_img84 (2).jpg,sadness
C:\Users\mainh\OneDrive\Attachments\Máy tính\facial-emotion-viz\data\raw\repression\reg_img180 (3).jpg,repression
C:\Users\mainh\OneDrive\Attachments\Máy tính\facial-emotion-viz\data\raw\happiness\reg_img123 (14).jpg,happiness
C:\Users\mainh\OneDrive\Attachments\Máy tính\facial-emotion-viz\data\raw\repression\reg_img33.jpg,repression
C:\Users\mainh\OneDrive\Attachments\Máy tính\facial-emotion-viz\data\raw\happiness\reg_img86 (4).jpg,happiness
C:\Users\mainh\OneDrive\Attachments\Máy tính\facial-emotion-viz\data\raw\disgust\reg_img42 (21).jpg,disgust
C:\Users\mainh\OneDrive\Attachments\Máy tính\facial-emotion-viz\data\raw\disgust\reg_img67 (18).jpg,disgust
C:\Users\mainh\OneDrive\Attachments\Máy tính\facial-emotion-viz\data\raw\repression\reg_img84 (12).jpg,repression
C:\Users\mainh\OneDrive\Attachments\Máy tính\facial-emotion-viz\data\raw\disgust\reg_img117 (20).jpg,disgust
C:\Users\mainh\OneDrive\Attachments\Máy tính\facial-emotion-viz\data\raw\happiness\reg_img73 (9).jpg,happiness
C:\Users\mainh\OneDrive\Attachments\Máy tính\facial-emotion-viz\data\raw\repression\reg_img136 (10).jpg,repression
C:\Users\mainh\OneDrive\Attachments\Máy tính\facial-emotion-viz\data\raw\repression\reg_img70 (7).jpg,repression
C:\Users\mainh\OneDrive\Attachments\Máy tính\facial-emotion-viz\data\raw\repression\reg_img103 (3).jpg,repression
C:\Users\mainh\OneDrive\Attachments\Máy tính\facial-emotion-viz\data\raw\repression\reg_img116 (14).jpg,repression
C:\Users\mainh\OneDrive\Attachments\Máy tính\facial-emotion-viz\data\raw\disgust\reg_img129 (9).jpg,disgust
C:\Users\mainh\OneDrive\Attachments\Máy tính\facial-emotion-viz\data\raw\disgust\reg_img114 (8).jpg,disgust
C:\Users\mainh\OneDrive\Attachments\Máy tính\facial-emotion-viz\data\raw\disgust\reg_img87 (38).jpg,disgust
C:\Users\mainh\OneDrive\Attachments\Máy tính\facial-emotion-viz\data\raw\disgust\reg_img98 (33).jpg,disgust
C:\Users\mainh\OneDrive\Attachments\Máy tính\facial-emotion-viz\data\raw\disgust\reg_img60 (24).jpg,disgust
C:\Users\mainh\OneDrive\Attachments\Máy tính\facial-emotion-viz\data\raw\disgust\reg_img60 (4).jpg,disgust
C:\Users\mainh\OneDrive\Attachments\Máy tính\facial-emotion-viz\data\raw\happiness\reg_img82 (3).jpg,happiness
C:\Users\mainh\OneDrive\Attachments\Máy tính\facial-emotion-viz\data\raw\surprise\reg_img41.jpg,surprise
C:\Users\mainh\OneDrive\Attachments\Máy tính\facial-emotion-viz\data\raw\happiness\reg_img125 (6).jpg,happiness
C:\Users\mainh\OneDrive\Attachments\Máy tính\facial-emotion-viz\data\raw\disgust\reg_img96 (8).jpg,disgust
C:\Users\mainh\OneDrive\Attachments\Máy tính\facial-emotion-viz\data\raw\disgust\reg_img76 (15).jpg,disgust
C:\Users\mainh\OneDrive\Attachments\Máy tính\facial-emotion-viz\data\raw\disgust\reg_img18.jpg,disgust
C:\Users\mainh\OneDrive\Attachments\Máy tính\facial-emotion-viz\data\raw\surprise\reg_img28 (4).jpg,surprise
C:\Users\mainh\OneDrive\Attachments\Máy tính\facial-emotion-viz\data\raw\surprise\reg_img95 (4).jpg,surprise
C:\Users\mainh\OneDrive\Attachments\Máy tính\facial-emotion-viz\data\raw\disgust\reg_img49 (10).jpg,disgust
C:\Users\mainh\OneDrive\Attachments\Máy tính\facial-emotion-viz\data\raw\surprise\reg_img68 (6).jpg,surprise
C:\Users\mainh\OneDrive\Attachments\Máy tính\facial-emotion-viz\data\raw\disgust\reg_img11 (4).jpg,disgust
C:\Users\mainh\OneDrive\Attachments\Máy tính\facial-emotion-viz\data\raw\disgust\reg_img79 (18).jpg,disgust
C:\Users\mainh\OneDrive\Attachments\Máy tính\facial-emotion-viz\data\raw\surprise\reg_img74 (14).jpg,surprise
C:\Users\mainh\OneDrive\Attachments\Máy tính\facial-emotion-viz\data\raw\disgust\reg_img118 (27).jpg,disgust
C:\Users\mainh\OneDrive\Attachments\Máy tính\facial-emotion-viz\data\raw\surprise\reg_img122 (2).jpg,surprise
C:\Users\mainh\OneDrive\Attachments\Máy tính\facial-emotion-viz\data\raw\disgust\reg_img127 (3).jpg,disgust
C:\Users\mainh\OneDrive\Attachments\Máy tính\facial-emotion-viz\data\raw\sadness\reg_img15.jpg,sadness
C:\Users\mainh\OneDrive\Attachments\Máy tính\facial-emotion-viz\data\raw\disgust\reg_img17 (4).jpg,disgust
C:\Users\mainh\OneDrive\Attachments\Máy tính\facial-emotion-viz\data\raw\repression\reg_img47 (9).jpg,repression
C:\Users\mainh\OneDrive\Attachments\Máy tính\facial-emotion-viz\data\raw\repression\reg_img90 (6).jpg,repression
C:\Users\mainh\OneDrive\Attachments\Máy tính\facial-emotion-viz\data\raw\disgust\reg_img53 (21).jpg,disgust
C:\Users\mainh\OneDrive\Attachments\Máy tính\facial-emotion-viz\data\raw\happiness\reg_img38 (15).jpg,happiness
C:\Users\mainh\OneDrive\Attachments\Máy tính\facial-emotion-viz\data\raw\disgust\reg_img132 (17).jpg,disgust
C:\Users\mainh\OneDrive\Attachments\Máy tính\facial-emotion-viz\data\raw\happiness\reg_img98 (17).jpg,happiness
C:\Users\mainh\OneDrive\Attachments\Máy tính\facial-emotion-viz\data\raw\happiness\reg_img27 (8).jpg,happiness
C:\Users\mainh\OneDrive\Attachments\Máy tính\facial-emotion-viz\data\raw\disgust\reg_img76 (39).jpg,disgust
C:\Users\mainh\OneDrive\Attachments\Máy tính\facial-emotion-viz\data\raw\happiness\reg_img96 (16).jpg,happiness
C:\Users\mainh\OneDrive\Attachments\Máy tính\facial-emotion-viz\data\raw\disgust\reg_img124 (3).jpg,disgust
C:\Users\mainh\OneDrive\Attachments\Máy tính\facial-emotion-viz\data\raw\surprise\reg_img133.jpg,surprise
C:\Users\mainh\OneDrive\Attachments\Máy tính\facial-emotion-viz\data\raw\repression\reg_img88 (8).jpg,repression
C:\Users\mainh\OneDrive\Attachments\Máy tính\facial-emotion-viz\data\raw\surprise\reg_img60 (13).jpg,surprise
C:\Users\mainh\OneDrive\Attachments\Máy tính\facial-emotion-viz\data\raw\surprise\reg_img83 (10).jpg,surprise
C:\Users\mainh\OneDrive\Attachments\Máy tính\facial-emotion-viz\data\raw\happiness\reg_img34 (11).jpg,happiness
C:\Users\mainh\OneDrive\Attachments\Máy tính\facial-emotion-viz\data\raw\disgust\reg_img14.jpg,disgust
C:\Users\mainh\OneDrive\Attachments\Máy tính\facial-emotion-viz\data\raw\happiness\reg_img236 (2).jpg,happiness
C:\Users\mainh\OneDrive\Attachments\Máy tính\facial-emotion-viz\data\raw\disgust\reg_img154 (8).jpg,disgust
C:\Users\mainh\OneDrive\Attachments\Máy tính\facial-emotion-viz\data\raw\repression\reg_img131 (11).jpg,repression
C:\Users\mainh\OneDrive\Attachments\Máy tính\facial-emotion-viz\data\raw\happiness\reg_img59 (3).jpg,happiness
C:\Users\mainh\OneDrive\Attachments\Máy tính\facial-emotion-viz\data\raw\repression\reg_img39 (9).jpg,repression
C:\Users\mainh\OneDrive\Attachments\Máy tính\facial-emotion-viz\data\raw\surprise\reg_img118 (7).jpg,surprise
C:\Users\mainh\OneDrive\Attachments\Máy tính\facial-emotion-viz\data\raw\surprise\reg_img114 (4).jpg,surprise
C:\Users\mainh\OneDrive\Attachments\Máy tính\facial-emotion-viz\data\raw\surprise\reg_img26 (2).jpg,surprise
C:\Users\mainh\OneDrive\Attachments\Máy tính\facial-emotion-viz\data\raw\disgust\reg_img37 (12).jpg,disgust
C:\Users\mainh\OneDrive\Attachments\Máy tính\facial-emotion-viz\data\raw\surprise\reg_img149 (4).jpg,surprise
C:\Users\mainh\OneDrive\Attachments\Máy tính\facial-emotion-viz\data\raw\disgust\reg_img39 (23).jpg,disgust
C:\Users\mainh\OneDrive\Attachments\Máy tính\facial-emotion-viz\data\raw\disgust\reg_img263.jpg,disgust
C:\Users\mainh\OneDrive\Attachments\Máy tính\facial-emotion-viz\data\raw\disgust\reg_img403 (2).jpg,disgust
C:\Users\mainh\OneDrive\Attachments\Máy tính\facial-emotion-viz\data\raw\disgust\reg_img100 (14).jpg,disgust
C:\Users\mainh\OneDrive\Attachments\Máy tính\facial-emotion-viz\data\raw\repression\reg_img75 (5).jpg,repression
C:\Users\mainh\OneDrive\Attachments\Máy tính\facial-emotion-viz\data\raw\disgust\reg_img141 (7).jpg,disgust
C:\Users\mainh\OneDrive\Attachments\Máy tính\facial-emotion-viz\data\raw\disgust\reg_img61 (16).jpg,disgust
C:\Users\mainh\OneDrive\Attachments\Máy tính\facial-emotion-viz\data\raw\happiness\reg_img102 (9).jpg,happiness
C:\Users\mainh\OneDrive\Attachments\Máy tính\facial-emotion-viz\data\raw\repression\reg_img54.jpg,repression
C:\Users\mainh\OneDrive\Attachments\Máy tính\facial-emotion-viz\data\raw\disgust\reg_img72 (11).jpg,disgust
C:\Users\mainh\OneDrive\Attachments\Máy tính\facial-emotion-viz\data\raw\happiness\reg_img27 (4).jpg,happiness
C:\Users\mainh\OneDrive\Attachments\Máy tính\facial-emotion-viz\data\raw\disgust\reg_img95 (21).jpg,disgust
C:\Users\mainh\OneDrive\Attachments\Máy tính\facial-emotion-viz\data\raw\happiness\reg_img44 (11).jpg,happiness
C:\Users\mainh\OneDrive\Attachments\Máy tính\facial-emotion-viz\data\raw\disgust\reg_img274.jpg,disgust
C:\Users\mainh\OneDrive\Attachments\Máy tính\facial-emotion-viz\data\raw\disgust\reg_img146 (10).jpg,disgust
C:\Users\mainh\OneDrive\Attachments\Máy tính\facial-emotion-viz\data\raw\disgust\reg_img58 (29).jpg,disgust
C:\Users\mainh\OneDrive\Attachments\Máy tính\facial-emotion-viz\data\raw\surprise\reg_img87 (5).jpg,surprise
C:\Users\mainh\OneDrive\Attachments\Máy tính\facial-emotion-viz\data\raw\repression\reg_img107 (13).jpg,repression
C:\Users\mainh\OneDrive\Attachments\Máy tính\facial-emotion-viz\data\raw\happiness\reg_img140 (3).jpg,happiness
C:\Users\mainh\OneDrive\Attachments\Máy tính\facial-emotion-viz\data\raw\disgust\reg_img17 (8).jpg,disgust
C:\Users\mainh\OneDrive\Attachments\Máy tính\facial-emotion-viz\data\raw\repression\reg_img221 (2).jpg,repression
C:\Users\mainh\OneDrive\Attachments\Máy tính\facial-emotion-viz\data\raw\happiness\reg_img56 (8).jpg,happiness
C:\Users\mainh\OneDrive\Attachments\Máy tính\facial-emotion-viz\data\raw\fear\reg_img122.jpg,fear
C:\Users\mainh\OneDrive\Attachments\Máy tính\facial-emotion-viz\data\raw\disgust\reg_img56 (19).jpg,disgust
C:\Users\mainh\OneDrive\Attachments\Máy tính\facial-emotion-viz\data\raw\disgust\reg_img45 (18).jpg,disgust
C:\Users\mainh\OneDrive\Attachments\Máy tính\facial-emotion-viz\data\raw\happiness\reg_img181 (4).jpg,happiness
C:\Users\mainh\OneDrive\Attachments\Máy tính\facial-emotion-viz\data\raw\repression\reg_img90 (9).jpg,repression
C:\Users\mainh\OneDrive\Attachments\Máy tính\facial-emotion-viz\data\raw\disgust\reg_img34 (5).jpg,disgust
C:\Users\mainh\OneDrive\Attachments\Máy tính\facial-emotion-viz\data\raw\happiness\reg_img118 (13).jpg,happiness
C:\Users\mainh\OneDrive\Attachments\Máy tính\facial-emotion-viz\data\raw\surprise\reg_img97 (13).jpg,surprise
C:\Users\mainh\OneDrive\Attachments\Máy tính\facial-emotion-viz\data\raw\disgust\reg_img391.jpg,disgust
C:\Users\mainh\OneDrive\Attachments\Máy tính\facial-emotion-viz\data\raw\surprise\reg_img94 (5).jpg,surprise
C:\Users\mainh\OneDrive\Attachments\Máy tính\facial-emotion-viz\data\raw\disgust\reg_img92 (16).jpg,disgust
C:\Users\mainh\OneDrive\Attachments\Máy tính\facial-emotion-viz\data\raw\disgust\reg_img108 (13).jpg,disgust
C:\Users\mainh\OneDrive\Attachments\Máy tính\facial-emotion-viz\data\raw\disgust\reg_img126 (12).jpg,disgust
C:\Users\mainh\OneDrive\Attachments\Máy tính\facial-emotion-viz\data\raw\repression\reg_img66 (10).jpg,repression
C:\Users\mainh\OneDrive\Attachments\Máy tính\facial-emotion-viz\data\raw\repression\reg_img130 (11).jpg,repression
C:\Users\mainh\OneDrive\Attachments\Máy tính\facial-emotion-viz\data\raw\surprise\reg_img46.jpg,surprise
C:\Users\mainh\OneDrive\Attachments\Máy tính\facial-emotion-viz\data\raw\happiness\reg_img90 (20).jpg,happiness
C:\Users\mainh\OneDrive\Attachments\Máy tính\facial-emotion-viz\data\raw\disgust\reg_img102 (33).jpg,disgust
C:\Users\mainh\OneDrive\Attachments\Máy tính\facial-emotion-viz\data\raw\repression\reg_img126 (2).jpg,repression
C:\Users\mainh\OneDrive\Attachments\Máy tính\facial-emotion-viz\data\raw\disgust\reg_img69 (3).jpg,disgust
C:\Users\mainh\OneDrive\Attachments\Máy tính\facial-emotion-viz\data\raw\happiness\reg_img123 (9).jpg,happiness
C:\Users\mainh\OneDrive\Attachments\Máy tính\facial-emotion-viz\data\raw\happiness\reg_img85 (21).jpg,happiness
C:\Users\mainh\OneDrive\Attachments\Máy tính\facial-emotion-viz\data\raw\fear\reg_img28.jpg,fear
C:\Users\mainh\OneDrive\Attachments\Máy tính\facial-emotion-viz\data\raw\disgust\reg_img136 (2).jpg,disgust
C:\Users\mainh\OneDrive\Attachments\Máy tính\facial-emotion-viz\data\raw\repression\reg_img179 (7).jpg,repression
C:\Users\mainh\OneDrive\Attachments\Máy tính\facial-emotion-viz\data\raw\disgust\reg_img79 (24).jpg,disgust
C:\Users\mainh\OneDrive\Attachments\Máy tính\facial-emotion-viz\data\raw\disgust\reg_img63 (11).jpg,disgust
C:\Users\mainh\OneDrive\Attachments\Máy tính\facial-emotion-viz\data\raw\repression\reg_img30 (3).jpg,repression
C:\Users\mainh\OneDrive\Attachments\Máy tính\facial-emotion-viz\data\raw\disgust\reg_img93 (34).jpg,disgust
C:\Users\mainh\OneDrive\Attachments\Máy tính\facial-emotion-viz\data\raw\repression\reg_img34 (6).jpg,repression
C:\Users\mainh\OneDrive\Attachments\Máy tính\facial-emotion-viz\data\raw\disgust\reg_img37 (19).jpg,disgust
C:\Users\mainh\OneDrive\Attachments\Máy tính\facial-emotion-viz\data\raw\disgust\reg_img65 (7).jpg,disgust
C:\Users\mainh\OneDrive\Attachments\Máy tính\facial-emotion-viz\data\raw\disgust\reg_img112 (15).jpg,disgust
C:\Users\mainh\OneDrive\Attachments\Máy tính\facial-emotion-viz\data\raw\surprise\reg_img59 (8).jpg,surprise
C:\Users\mainh\OneDrive\Attachments\Máy tính\facial-emotion-viz\data\raw\disgust\reg_img47.jpg,disgust
C:\Users\mainh\OneDrive\Attachments\Máy tính\facial-emotion-viz\data\raw\happiness\reg_img245.jpg,happiness
C:\Users\mainh\OneDrive\Attachments\Máy tính\facial-emotion-viz\data\raw\disgust\reg_img46 (27).jpg,disgust
C:\Users\mainh\OneDrive\Attachments\Máy tính\facial-emotion-viz\data\raw\disgust\reg_img109 (27).jpg,disgust
C:\Users\mainh\OneDrive\Attachments\Máy tính\facial-emotion-viz\data\raw\happiness\reg_img131 (8).jpg,happiness
C:\Users\mainh\OneDrive\Attachments\Máy tính\facial-emotion-viz\data\raw\surprise\reg_img96 (11).jpg,surprise
C:\Users\mainh\OneDrive\Attachments\Máy tính\facial-emotion-viz\data\raw\sadness\reg_img361.jpg,sadness
C:\Users\mainh\OneDrive\Attachments\Máy tính\facial-emotion-viz\data\raw\repression\reg_img133 (11).jpg,repression
C:\Users\mainh\OneDrive\Attachments\Máy tính\facial-emotion-viz\data\raw\repression\reg_img126 (4).jpg,repression
C:\Users\mainh\OneDrive\Attachments\Máy tính\facial-emotion-viz\data\raw\repression\reg_img148.jpg,repression
C:\Users\mainh\OneDrive\Attachments\Máy tính\facial-emotion-viz\data\raw\repression\reg_img221.jpg,repression
C:\Users\mainh\OneDrive\Attachments\Máy tính\facial-emotion-viz\data\raw\repression\reg_img111 (14).jpg,repression
C:\Users\mainh\OneDrive\Attachments\Máy tính\facial-emotion-viz\data\raw\disgust\reg_img53 (19).jpg,disgust
C:\Users\mainh\OneDrive\Attachments\Máy tính\facial-emotion-viz\data\raw\happiness\reg_img113 (9).jpg,happiness
C:\Users\mainh\OneDrive\Attachments\Máy tính\facial-emotion-viz\data\raw\disgust\reg_img91 (15).jpg,disgust
C:\Users\mainh\OneDrive\Attachments\Máy tính\facial-emotion-viz\data\raw\fear\reg_img54.jpg,fear
C:\Users\mainh\OneDrive\Attachments\Máy tính\facial-emotion-viz\data\raw\repression\reg_img114 (15).jpg,repression
C:\Users\mainh\OneDrive\Attachments\Máy tính\facial-emotion-viz\data\raw\surprise\reg_img76 (8).jpg,surprise
C:\Users\mainh\OneDrive\Attachments\Máy tính\facial-emotion-viz\data\raw\surprise\reg_img44 (9).jpg,surprise
C:\Users\mainh\OneDrive\Attachments\Máy tính\facial-emotion-viz\data\raw\disgust\reg_img165.jpg,disgust
C:\Users\mainh\OneDrive\Attachments\Máy tính\facial-emotion-viz\data\raw\happiness\reg_img91 (19).jpg,happiness
C:\Users\mainh\OneDrive\Attachments\Máy tính\facial-emotion-viz\data\raw\repression\reg_img183 (6).jpg,repression
C:\Users\mainh\OneDrive\Attachments\Máy tính\facial-emotion-viz\data\raw\surprise\reg_img111 (9).jpg,surprise
C:\Users\mainh\OneDrive\Attachments\Máy tính\facial-emotion-viz\data\raw\sadness\reg_img370.jpg,sadness
C:\Users\mainh\OneDrive\Attachments\Máy tính\facial-emotion-viz\data\raw\disgust\reg_img74 (6).jpg,disgust
C:\Users\mainh\OneDrive\Attachments\Máy tính\facial-emotion-viz\data\raw\disgust\reg_img39 (11).jpg,disgust
C:\Users\mainh\OneDrive\Attachments\Máy tính\facial-emotion-viz\data\raw\disgust\reg_img72 (31).jpg,disgust
C:\Users\mainh\OneDrive\Attachments\Máy tính\facial-emotion-viz\data\raw\disgust\reg_img143 (12).jpg,disgust
C:\Users\mainh\OneDrive\Attachments\Máy tính\facial-emotion-viz\data\raw\disgust\reg_img103 (36).jpg,disgust
C:\Users\mainh\OneDrive\Attachments\Máy tính\facial-emotion-viz\data\raw\happiness\reg_img156 (2).jpg,happiness
C:\Users\mainh\OneDrive\Attachments\Máy tính\facial-emotion-viz\data\raw\happiness\reg_img46 (2).jpg,happiness
C:\Users\mainh\OneDrive\Attachments\Máy tính\facial-emotion-viz\data\raw\surprise\reg_img145 (7).jpg,surprise
C:\Users\mainh\OneDrive\Attachments\Máy tính\facial-emotion-viz\data\raw\surprise\reg_img98 (2).jpg,surprise
C:\Users\mainh\OneDrive\Attachments\Máy tính\facial-emotion-viz\data\raw\happiness\reg_img146 (6).jpg,happiness
C:\Users\mainh\OneDrive\Attachments\Máy tính\facial-emotion-viz\data\raw\disgust\reg_img84 (35).jpg,disgust
C:\Users\mainh\OneDrive\Attachments\Máy tính\facial-emotion-viz\data\raw\surprise\reg_img42.jpg,surprise
C:\Users\mainh\OneDrive\Attachments\Máy tính\facial-emotion-viz\data\raw\repression\reg_img135 (5).jpg,repression
C:\Users\mainh\OneDrive\Attachments\Máy tính\facial-emotion-viz\data\raw\happiness\reg_img105 (10).jpg,happiness
C:\Users\mainh\OneDrive\Attachments\Máy tính\facial-emotion-viz\data\raw\disgust\reg_img21 (11).jpg,disgust
C:\Users\mainh\OneDrive\Attachments\Máy tính\facial-emotion-viz\data\raw\repression\reg_img109 (9).jpg,repression
C:\Users\mainh\OneDrive\Attachments\Máy tính\facial-emotion-viz\data\raw\disgust\reg_img95 (30).jpg,disgust
C:\Users\mainh\OneDrive\Attachments\Máy tính\facial-emotion-viz\data\raw\disgust\reg_img32 (16).jpg,disgust
C:\Users\mainh\OneDrive\Attachments\Máy tính\facial-emotion-viz\data\raw\repression\reg_img112 (3).jpg,repression
C:\Users\mainh\OneDrive\Attachments\Máy tính\facial-emotion-viz\data\raw\disgust\reg_img94 (28).jpg,disgust
C:\Users\mainh\OneDrive\Attachments\Máy tính\facial-emotion-viz\data\raw\surprise\reg_img58 (5).jpg,surprise
C:\Users\mainh\OneDrive\Attachments\Máy tính\facial-emotion-viz\data\raw\sadness\reg_img5.jpg,sadness
C:\Users\mainh\OneDrive\Attachments\Máy tính\facial-emotion-viz\data\raw\disgust\reg_img88 (24).jpg,disgust
C:\Users\mainh\OneDrive\Attachments\Máy tính\facial-emotion-viz\data\raw\surprise\reg_img182 (2).jpg,surprise
C:\Users\mainh\OneDrive\Attachments\Máy tính\facial-emotion-viz\data\raw\surprise\reg_img70 (4).jpg,surprise
C:\Users\mainh\OneDrive\Attachments\Máy tính\facial-emotion-viz\data\raw\disgust\reg_img34 (19).jpg,disgust
C:\Users\mainh\OneDrive\Attachments\Máy tính\facial-emotion-viz\data\raw\disgust\reg_img64 (11).jpg,disgust
C:\Users\mainh\OneDrive\Attachments\Máy tính\facial-emotion-viz\data\raw\surprise\reg_img47 (7).jpg,surprise
C:\Users\mainh\OneDrive\Attachments\Máy tính\facial-emotion-viz\data\raw\happiness\reg_img124 (6).jpg,happiness
C:\Users\mainh\OneDrive\Attachments\Máy tính\facial-emotion-viz\data\raw\repression\reg_img120 (10).jpg,repression
C:\Users\mainh\OneDrive\Attachments\Máy tính\facial-emotion-viz\data\raw\surprise\reg_img91 (11).jpg,surprise
C:\Users\mainh\OneDrive\Attachments\Máy tính\facial-emotion-viz\data\raw\disgust\reg_img75 (35).jpg,disgust
C:\Users\mainh\OneDrive\Attachments\Máy tính\facial-emotion-viz\data\raw\surprise\reg_img71 (8).jpg,surprise
C:\Users\mainh\OneDrive\Attachments\Máy tính\facial-emotion-viz\data\raw\repression\reg_img217.jpg,repression
C:\Users\mainh\OneDrive\Attachments\Máy tính\facial-emotion-viz\data\raw\surprise\reg_img51 (2).jpg,surprise
C:\Users\mainh\OneDrive\Attachments\Máy tính\facial-emotion-viz\data\raw\happiness\reg_img119 (7).jpg,happiness
C:\Users\mainh\OneDrive\Attachments\Máy tính\facial-emotion-viz\data\raw\disgust\reg_img153.jpg,disgust
C:\Users\mainh\OneDrive\Attachments\Máy tính\facial-emotion-viz\data\raw\disgust\reg_img32 (2).jpg,disgust
C:\Users\mainh\OneDrive\Attachments\Máy tính\facial-emotion-viz\data\raw\disgust\reg_img108 (5).jpg,disgust
C:\Users\mainh\OneDrive\Attachments\Máy tính\facial-emotion-viz\data\raw\disgust\reg_img63 (14).jpg,disgust
C:\Users\mainh\OneDrive\Attachments\Máy tính\facial-emotion-viz\data\raw\happiness\reg_img75 (18).jpg,happiness
C:\Users\mainh\OneDrive\Attachments\Máy tính\facial-emotion-viz\data\raw\disgust\reg_img134 (4).jpg,disgust
C:\Users\mainh\OneDrive\Attachments\Máy tính\facial-emotion-viz\data\raw\happiness\reg_img114 (2).jpg,happiness
C:\Users\mainh\OneDrive\Attachments\Máy tính\facial-emotion-viz\data\raw\repression\reg_img173 (6).jpg,repression
C:\Users\mainh\OneDrive\Attachments\Máy tính\facial-emotion-viz\data\raw\repression\reg_img26 (6).jpg,repression
C:\Users\mainh\OneDrive\Attachments\Máy tính\facial-emotion-viz\data\raw\surprise\reg_img110 (5).jpg,surprise
C:\Users\mainh\OneDrive\Attachments\Máy tính\facial-emotion-viz\data\raw\happiness\reg_img130 (6).jpg,happiness
C:\Users\mainh\OneDrive\Attachments\Máy tính\facial-emotion-viz\data\raw\repression\reg_img128 (7).jpg,repression
C:\Users\mainh\OneDrive\Attachments\Máy tính\facial-emotion-viz\data\raw\surprise\reg_img161.jpg,surprise
C:\Users\mainh\OneDrive\Attachments\Máy tính\facial-emotion-viz\data\raw\disgust\reg_img107 (23).jpg,disgust
C:\Users\mainh\OneDrive\Attachments\Máy tính\facial-emotion-viz\data\raw\repression\reg_img44 (10).jpg,repression
C:\Users\mainh\OneDrive\Attachments\Máy tính\facial-emotion-viz\data\raw\disgust\reg_img83 (11).jpg,disgust
C:\Users\mainh\OneDrive\Attachments\Máy tính\facial-emotion-viz\data\raw\happiness\reg_img74 (21).jpg,happiness
C:\Users\mainh\OneDrive\Attachments\Máy tính\facial-emotion-viz\data\raw\disgust\reg_img103 (12).jpg,disgust
C:\Users\mainh\OneDrive\Attachments\Máy tính\facial-emotion-viz\data\raw\disgust\reg_img78 (5).jpg,disgust
C:\Users\mainh\OneDrive\Attachments\Máy tính\facial-emotion-viz\data\raw\surprise\reg_img91 (12).jpg,surprise
C:\Users\mainh\OneDrive\Attachments\Máy tính\facial-emotion-viz\data\raw\happiness\reg_img103 (4).jpg,happiness
C:\Users\mainh\OneDrive\Attachments\Máy tính\facial-emotion-viz\data\raw\disgust\reg_img42 (12).jpg,disgust
C:\Users\mainh\OneDrive\Attachments\Máy tính\facial-emotion-viz\data\raw\happiness\reg_img147 (6).jpg,happiness
C:\Users\mainh\OneDrive\Attachments\Máy tính\facial-emotion-viz\data\raw\surprise\reg_img42 (5).jpg,surprise
C:\Users\mainh\OneDrive\Attachments\Máy tính\facial-emotion-viz\data\raw\disgust\reg_img152.jpg,disgust
C:\Users\mainh\OneDrive\Attachments\Máy tính\facial-emotion-viz\data\raw\disgust\reg_img101 (21).jpg,disgust
C:\Users\mainh\OneDrive\Attachments\Máy tính\facial-emotion-viz\data\raw\happiness\reg_img51 (12).jpg,happiness
C:\Users\mainh\OneDrive\Attachments\Máy tính\facial-emotion-viz\data\raw\surprise\reg_img105 (9).jpg,surprise
C:\Users\mainh\OneDrive\Attachments\Máy tính\facial-emotion-viz\data\raw\repression\reg_img59 (8).jpg,repression
C:\Users\mainh\OneDrive\Attachments\Máy tính\facial-emotion-viz\data\raw\repression\reg_img70 (10).jpg,repression
C:\Users\mainh\OneDrive\Attachments\Máy tính\facial-emotion-viz\data\raw\disgust\reg_img69 (27).jpg,disgust
C:\Users\mainh\OneDrive\Attachments\Máy tính\facial-emotion-viz\data\raw\disgust\reg_img112 (24).jpg,disgust
C:\Users\mainh\OneDrive\Attachments\Máy tính\facial-emotion-viz\data\raw\happiness\reg_img171 (2).jpg,happiness
C:\Users\mainh\OneDrive\Attachments\Máy tính\facial-emotion-viz\data\raw\happiness\reg_img25 (4).jpg,happiness
C:\Users\mainh\OneDrive\Attachments\Máy tính\facial-emotion-viz\data\raw\disgust\reg_img99 (26).jpg,disgust
C:\Users\mainh\OneDrive\Attachments\Máy tính\facial-emotion-viz\data\raw\happiness\reg_img156.jpg,happiness
C:\Users\mainh\OneDrive\Attachments\Máy tính\facial-emotion-viz\data\raw\happiness\reg_img183.jpg,happiness
C:\Users\mainh\OneDrive\Attachments\Máy tính\facial-emotion-viz\data\raw\happiness\reg_img204.jpg,happiness
C:\Users\mainh\OneDrive\Attachments\Máy tính\facial-emotion-viz\data\raw\happiness\reg_img71 (13).jpg,happiness
C:\Users\mainh\OneDrive\Attachments\Máy tính\facial-emotion-viz\data\raw\surprise\reg_img79 (3).jpg,surprise
C:\Users\mainh\OneDrive\Attachments\Máy tính\facial-emotion-viz\data\raw\disgust\reg_img11.jpg,disgust
C:\Users\mainh\OneDrive\Attachments\Máy tính\facial-emotion-viz\data\raw\disgust\reg_img59.jpg,disgust
C:\Users\mainh\OneDrive\Attachments\Máy tính\facial-emotion-viz\data\raw\surprise\reg_img124 (6).jpg,surprise
C:\Users\mainh\OneDrive\Attachments\Máy tính\facial-emotion-viz\data\raw\surprise\reg_img76 (9).jpg,surprise
C:\Users\mainh\OneDrive\Attachments\Máy tính\facial-emotion-viz\data\raw\disgust\reg_img100 (30).jpg,disgust
C:\Users\mainh\OneDrive\Attachments\Máy tính\facial-emotion-viz\data\raw\surprise\reg_img58 (2).jpg,surprise
C:\Users\mainh\OneDrive\Attachments\Máy tính\facial-emotion-viz\data\raw\happiness\reg_img93 (14).jpg,happiness
C:\Users\mainh\OneDrive\Attachments\Máy tính\facial-emotion-viz\data\raw\surprise\reg_img96 (4).jpg,surprise
C:\Users\mainh\OneDrive\Attachments\Máy tính\facial-emotion-viz\data\raw\repression\reg_img65 (7).jpg,repression
C:\Users\mainh\OneDrive\Attachments\Máy tính\facial-emotion-viz\data\raw\disgust\reg_img132 (4).jpg,disgust
C:\Users\mainh\OneDrive\Attachments\Máy tính\facial-emotion-viz\data\raw\repression\reg_img145.jpg,repression
C:\Users\mainh\OneDrive\Attachments\Máy tính\facial-emotion-viz\data\raw\disgust\reg_img416.jpg,disgust
C:\Users\mainh\OneDrive\Attachments\Máy tính\facial-emotion-viz\data\raw\surprise\reg_img68 (2).jpg,surprise
C:\Users\mainh\OneDrive\Attachments\Máy tính\facial-emotion-viz\data\raw\surprise\reg_img65 (6).jpg,surprise
C:\Users\mainh\OneDrive\Attachments\Máy tính\facial-emotion-viz\data\raw\disgust\reg_img71 (31).jpg,disgust
C:\Users\mainh\OneDrive\Attachments\Máy tính\facial-emotion-viz\data\raw\disgust\reg_img58 (9).jpg,disgust
C:\Users\mainh\OneDrive\Attachments\Máy tính\facial-emotion-viz\data\raw\repression\reg_img131 (2).jpg,repression
C:\Users\mainh\OneDrive\Attachments\Máy tính\facial-emotion-viz\data\raw\happiness\reg_img126 (3).jpg,happiness
C:\Users\mainh\OneDrive\Attachments\Máy tính\facial-emotion-viz\data\raw\happiness\reg_img80 (9).jpg,happiness
C:\Users\mainh\OneDrive\Attachments\Máy tính\facial-emotion-viz\data\raw\happiness\reg_img118 (10).jpg,happiness
C:\Users\mainh\OneDrive\Attachments\Máy tính\facial-emotion-viz\data\raw\happiness\reg_img187 (3).jpg,happiness
C:\Users\mainh\OneDrive\Attachments\Máy tính\facial-emotion-viz\data\raw\repression\reg_img178 (2).jpg,repression
C:\Users\mainh\OneDrive\Attachments\Máy tính\facial-emotion-viz\data\raw\repression\reg_img50 (14).jpg,repression
C:\Users\mainh\OneDrive\Attachments\Máy tính\facial-emotion-viz\data\raw\disgust\reg_img23 (12).jpg,disgust
C:\Users\mainh\OneDrive\Attachments\Máy tính\facial-emotion-viz\data\raw\happiness\reg_img62 (18).jpg,happiness
C:\Users\mainh\OneDrive\Attachments\Máy tính\facial-emotion-viz\data\raw\happiness\reg_img82 (20).jpg,happiness
C:\Users\mainh\OneDrive\Attachments\Máy tính\facial-emotion-viz\data\raw\surprise\reg_img66 (9).jpg,surprise
C:\Users\mainh\OneDrive\Attachments\Máy tính\facial-emotion-viz\data\raw\disgust\reg_img54 (16).jpg,disgust
C:\Users\mainh\OneDrive\Attachments\Máy tính\facial-emotion-viz\data\raw\happiness\reg_img92 (2).jpg,happiness
C:\Users\mainh\OneDrive\Attachments\Máy tính\facial-emotion-viz\data\raw\disgust\reg_img135 (12).jpg,disgust
C:\Users\mainh\OneDrive\Attachments\Máy tính\facial-emotion-viz\data\raw\repression\reg_img247.jpg,repression
C:\Users\mainh\OneDrive\Attachments\Máy tính\facial-emotion-viz\data\raw\surprise\reg_img109 (9).jpg,surprise
C:\Users\mainh\OneDrive\Attachments\Máy tính\facial-emotion-viz\data\raw\happiness\reg_img42 (13).jpg,happiness
C:\Users\mainh\OneDrive\Attachments\Máy tính\facial-emotion-viz\data\raw\repression\reg_img95 (12).jpg,repression
C:\Users\mainh\OneDrive\Attachments\Máy tính\facial-emotion-viz\data\raw\disgust\reg_img137 (6).jpg,disgust
C:\Users\mainh\OneDrive\Attachments\Máy tính\facial-emotion-viz\data\raw\surprise\reg_img68 (10).jpg,surprise
C:\Users\mainh\OneDrive\Attachments\Máy tính\facial-emotion-viz\data\raw\disgust\reg_img44 (23).jpg,disgust
C:\Users\mainh\OneDrive\Attachments\Máy tính\facial-emotion-viz\data\raw\disgust\reg_img153 (4).jpg,disgust
C:\Users\mainh\OneDrive\Attachments\Máy tính\facial-emotion-viz\data\raw\disgust\reg_img398 (2).jpg,disgust
C:\Users\mainh\OneDrive\Attachments\Máy tính\facial-emotion-viz\data\raw\sadness\reg_img87.jpg,sadness
C:\Users\mainh\OneDrive\Attachments\Máy tính\facial-emotion-viz\data\raw\happiness\reg_img83 (21).jpg,happiness
C:\Users\mainh\OneDrive\Attachments\Máy tính\facial-emotion-viz\data\raw\repression\reg_img27 (7).jpg,repression
C:\Users\mainh\OneDrive\Attachments\Máy tính\facial-emotion-viz\data\raw\surprise\reg_img142 (6).jpg,surprise
C:\Users\mainh\OneDrive\Attachments\Máy tính\facial-emotion-viz\data\raw\surprise\reg_img130 (2).jpg,surprise
C:\Users\mainh\OneDrive\Attachments\Máy tính\facial-emotion-viz\data\raw\disgust\reg_img57 (4).jpg,disgust
C:\Users\mainh\OneDrive\Attachments\Máy tính\facial-emotion-viz\data\raw\repression\reg_img127 (9).jpg,repression
C:\Users\mainh\OneDrive\Attachments\Máy tính\facial-emotion-viz\data\raw\happiness\reg_img130 (5).jpg,happiness
C:\Users\mainh\OneDrive\Attachments\Máy tính\facial-emotion-viz\data\raw\disgust\reg_img40 (23).jpg,disgust
C:\Users\mainh\OneDrive\Attachments\Máy tính\facial-emotion-viz\data\raw\fear\reg_img17.jpg,fear
C:\Users\mainh\OneDrive\Attachments\Máy tính\facial-emotion-viz\data\raw\surprise\reg_img150 (2).jpg,surprise
C:\Users\mainh\OneDrive\Attachments\Máy tính\facial-emotion-viz\data\raw\disgust\reg_img109 (13).jpg,disgust
C:\Users\mainh\OneDrive\Attachments\Máy tính\facial-emotion-viz\data\raw\disgust\reg_img93 (24).jpg,disgust
C:\Users\mainh\OneDrive\Attachments\Máy tính\facial-emotion-viz\data\raw\disgust\reg_img17 (7).jpg,disgust
C:\Users\mainh\OneDrive\Attachments\Máy tính\facial-emotion-viz\data\raw\repression\reg_img138 (12).jpg,repression
C:\Users\mainh\OneDrive\Attachments\Máy tính\facial-emotion-viz\data\raw\disgust\reg_img89 (30).jpg,disgust
C:\Users\mainh\OneDrive\Attachments\Máy tính\facial-emotion-viz\data\raw\repression\reg_img93 (6).jpg,repression
C:\Users\mainh\OneDrive\Attachments\Máy tính\facial-emotion-viz\data\raw\repression\reg_img33 (10).jpg,repression
C:\Users\mainh\OneDrive\Attachments\Máy tính\facial-emotion-viz\data\raw\disgust\reg_img123 (10).jpg,disgust
C:\Users\mainh\OneDrive\Attachments\Máy tính\facial-emotion-viz\data\raw\repression\reg_img85 (9).jpg,repression
C:\Users\mainh\OneDrive\Attachments\Máy tính\facial-emotion-viz\data\raw\disgust\reg_img58 (14).jpg,disgust
C:\Users\mainh\OneDrive\Attachments\Máy tính\facial-emotion-viz\data\raw\disgust\reg_img33 (6).jpg,disgust
C:\Users\mainh\OneDrive\Attachments\Máy tính\facial-emotion-viz\data\raw\repression\reg_img124 (2).jpg,repression
C:\Users\mainh\OneDrive\Attachments\Máy tính\facial-emotion-viz\data\raw\happiness\reg_img61 (15).jpg,happiness
C:\Users\mainh\OneDrive\Attachments\Máy tính\facial-emotion-viz\data\raw\happiness\reg_img146 (7).jpg,happiness
C:\Users\mainh\OneDrive\Attachments\Máy tính\facial-emotion-viz\data\raw\repression\reg_img148 (3).jpg,repression
C:\Users\mainh\OneDrive\Attachments\Máy tính\facial-emotion-viz\data\raw\disgust\reg_img6 (2).jpg,disgust
C:\Users\mainh\OneDrive\Attachments\Máy tính\facial-emotion-viz\data\raw\repression\reg_img97 (6).jpg,repression
C:\Users\mainh\OneDrive\Attachments\Máy tính\facial-emotion-viz\data\raw\disgust\reg_img129 (12).jpg,disgust
C:\Users\mainh\OneDrive\Attachments\Máy tính\facial-emotion-viz\data\raw\disgust\reg_img75 (19).jpg,disgust
C:\Users\mainh\OneDrive\Attachments\Máy tính\facial-emotion-viz\data\raw\disgust\reg_img59 (15).jpg,disgust
C:\Users\mainh\OneDrive\Attachments\Máy tính\facial-emotion-viz\data\raw\happiness\reg_img85 (23).jpg,happiness
C:\Users\mainh\OneDrive\Attachments\Máy tính\facial-emotion-viz\data\raw\disgust\reg_img95 (20).jpg,disgust
C:\Users\mainh\OneDrive\Attachments\Máy tính\facial-emotion-viz\data\raw\happiness\reg_img79 (15).jpg,happiness
C:\Users\mainh\OneDrive\Attachments\Máy tính\facial-emotion-viz\data\raw\disgust\reg_img89 (16).jpg,disgust
C:\Users\mainh\OneDrive\Attachments\Máy tính\facial-emotion-viz\data\raw\repression\reg_img77 (11).jpg,repression
C:\Users\mainh\OneDrive\Attachments\Máy tính\facial-emotion-viz\data\raw\repression\reg_img191.jpg,repression
C:\Users\mainh\OneDrive\Attachments\Máy tính\facial-emotion-viz\data\raw\disgust\reg_img102 (37).jpg,disgust
C:\Users\mainh\OneDrive\Attachments\Máy tính\facial-emotion-viz\data\raw\happiness\reg_img116 (3).jpg,happiness
C:\Users\mainh\OneDrive\Attachments\Máy tính\facial-emotion-viz\data\raw\disgust\reg_img87 (19).jpg,disgust
C:\Users\mainh\OneDrive\Attachments\Máy tính\facial-emotion-viz\data\raw\surprise\reg_img69 (14).jpg,surprise
C:\Users\mainh\OneDrive\Attachments\Máy tính\facial-emotion-viz\data\raw\disgust\reg_img68 (13).jpg,disgust
C:\Users\mainh\OneDrive\Attachments\Máy tính\facial-emotion-viz\data\raw\happiness\reg_img262.jpg,happiness
C:\Users\mainh\OneDrive\Attachments\Máy tính\facial-emotion-viz\data\raw\happiness\reg_img82 (22).jpg,happiness
C:\Users\mainh\OneDrive\Attachments\Máy tính\facial-emotion-viz\data\raw\repression\reg_img28 (5).jpg,repression
C:\Users\mainh\OneDrive\Attachments\Máy tính\facial-emotion-viz\data\raw\disgust\reg_img287.jpg,disgust
C:\Users\mainh\OneDrive\Attachments\Máy tính\facial-emotion-viz\data\raw\surprise\reg_img42 (2).jpg,surprise
C:\Users\mainh\OneDrive\Attachments\Máy tính\facial-emotion-viz\data\raw\disgust\reg_img187 (2).jpg,disgust
C:\Users\mainh\OneDrive\Attachments\Máy tính\facial-emotion-viz\data\raw\repression\reg_img118 (3).jpg,repression
C:\Users\mainh\OneDrive\Attachments\Máy tính\facial-emotion-viz\data\raw\disgust\reg_img128 (16).jpg,disgust
C:\Users\mainh\OneDrive\Attachments\Máy tính\facial-emotion-viz\data\raw\fear\reg_img49.jpg,fear
C:\Users\mainh\OneDrive\Attachments\Máy tính\facial-emotion-viz\data\raw\happiness\reg_img89 (11).jpg,happiness
C:\Users\mainh\OneDrive\Attachments\Máy tính\facial-emotion-viz\data\raw\disgust\reg_img63 (9).jpg,disgust
C:\Users\mainh\OneDrive\Attachments\Máy tính\facial-emotion-viz\data\raw\happiness\reg_img64 (5).jpg,happiness
C:\Users\mainh\OneDrive\Attachments\Máy tính\facial-emotion-viz\data\raw\disgust\reg_img202 (2).jpg,disgust
C:\Users\mainh\OneDrive\Attachments\Máy tính\facial-emotion-viz\data\raw\repression\reg_img45 (2).jpg,repression
C:\Users\mainh\OneDrive\Attachments\Máy tính\facial-emotion-viz\data\raw\repression\reg_img47 (10).jpg,repression
C:\Users\mainh\OneDrive\Attachments\Máy tính\facial-emotion-viz\data\raw\repression\reg_img132 (2).jpg,repression
C:\Users\mainh\OneDrive\Attachments\Máy tính\facial-emotion-viz\data\raw\repression\reg_img117 (7).jpg,repression
C:\Users\mainh\OneDrive\Attachments\Máy tính\facial-emotion-viz\data\raw\disgust\reg_img112.jpg,disgust
C:\Users\mainh\OneDrive\Attachments\Máy tính\facial-emotion-viz\data\raw\happiness\reg_img96 (21).jpg,happiness
C:\Users\mainh\OneDrive\Attachments\Máy tính\facial-emotion-viz\data\raw\disgust\reg_img51 (31).jpg,disgust
C:\Users\mainh\OneDrive\Attachments\Máy tính\facial-emotion-viz\data\raw\disgust\reg_img32 (11).jpg,disgust
C:\Users\mainh\OneDrive\Attachments\Máy tính\facial-emotion-viz\data\raw\surprise\reg_img114 (6).jpg,surprise
C:\Users\mainh\OneDrive\Attachments\Máy tính\facial-emotion-viz\data\raw\disgust\reg_img126 (24).jpg,disgust
C:\Users\mainh\OneDrive\Attachments\Máy tính\facial-emotion-viz\data\raw\surprise\reg_img134 (2).jpg,surprise
C:\Users\mainh\OneDrive\Attachments\Máy tính\facial-emotion-viz\data\raw\repression\reg_img95 (8).jpg,repression
C:\Users\mainh\OneDrive\Attachments\Máy tính\facial-emotion-viz\data\raw\disgust\reg_img88 (18).jpg,disgust
C:\Users\mainh\OneDrive\Attachments\Máy tính\facial-emotion-viz\data\raw\happiness\reg_img16 (3).jpg,happiness
C:\Users\mainh\OneDrive\Attachments\Máy tính\facial-emotion-viz\data\raw\disgust\reg_img203 (3).jpg,disgust
C:\Users\mainh\OneDrive\Attachments\Máy tính\facial-emotion-viz\data\raw\surprise\reg_img120 (5).jpg,surprise
C:\Users\mainh\OneDrive\Attachments\Máy tính\facial-emotion-viz\data\raw\disgust\reg_img137 (12).jpg,disgust
C:\Users\mainh\OneDrive\Attachments\Máy tính\facial-emotion-viz\data\raw\disgust\reg_img88 (5).jpg,disgust
C:\Users\mainh\OneDrive\Attachments\Máy tính\facial-emotion-viz\data\raw\fear\reg_img76 (2).jpg,fear
C:\Users\mainh\OneDrive\Attachments\Máy tính\facial-emotion-viz\data\raw\repression\reg_img173 (7).jpg,repression
C:\Users\mainh\OneDrive\Attachments\Máy tính\facial-emotion-viz\data\raw\happiness\reg_img94 (2).jpg,happiness
C:\Users\mainh\OneDrive\Attachments\Máy tính\facial-emotion-viz\data\raw\surprise\reg_img103 (13).jpg,surprise
C:\Users\mainh\OneDrive\Attachments\Máy tính\facial-emotion-viz\data\raw\disgust\reg_img91 (12).jpg,disgust
C:\Users\mainh\OneDrive\Attachments\Máy tính\facial-emotion-viz\data\raw\happiness\reg_img148 (4).jpg,happiness
C:\Users\mainh\OneDrive\Attachments\Máy tính\facial-emotion-viz\data\raw\disgust\reg_img122 (13).jpg,disgust
C:\Users\mainh\OneDrive\Attachments\Máy tính\facial-emotion-viz\data\raw\disgust\reg_img133 (5).jpg,disgust
C:\Users\mainh\OneDrive\Attachments\Máy tính\facial-emotion-viz\data\raw\happiness\reg_img87 (9).jpg,happiness
C:\Users\mainh\OneDrive\Attachments\Máy tính\facial-emotion-viz\data\raw\surprise\reg_img43 (7).jpg,surprise
C:\Users\mainh\OneDrive\Attachments\Máy tính\facial-emotion-viz\data\raw\repression\reg_img65 (9).jpg,repression
C:\Users\mainh\OneDrive\Attachments\Máy tính\facial-emotion-viz\data\raw\happiness\reg_img60 (3).jpg,happiness
C:\Users\mainh\OneDrive\Attachments\Máy tính\facial-emotion-viz\data\raw\disgust\reg_img90 (5).jpg,disgust
C:\Users\mainh\OneDrive\Attachments\Máy tính\facial-emotion-viz\data\raw\happiness\reg_img45 (8).jpg,happiness
C:\Users\mainh\OneDrive\Attachments\Máy tính\facial-emotion-viz\data\raw\disgust\reg_img71.jpg,disgust
C:\Users\mainh\OneDrive\Attachments\Máy tính\facial-emotion-viz\data\raw\happiness\reg_img81 (11).jpg,happiness
C:\Users\mainh\OneDrive\Attachments\Máy tính\facial-emotion-viz\data\raw\repression\reg_img91 (4).jpg,repression
C:\Users\mainh\OneDrive\Attachments\Máy tính\facial-emotion-viz\data\raw\disgust\reg_img147 (12).jpg,disgust
C:\Users\mainh\OneDrive\Attachments\Máy tính\facial-emotion-viz\data\raw\disgust\reg_img62 (26).jpg,disgust
C:\Users\mainh\OneDrive\Attachments\Máy tính\facial-emotion-viz\data\raw\fear\reg_img105.jpg,fear
C:\Users\mainh\OneDrive\Attachments\Máy tính\facial-emotion-viz\data\raw\disgust\reg_img117 (26).jpg,disgust
C:\Users\mainh\OneDrive\Attachments\Máy tính\facial-emotion-viz\data\raw\happiness\reg_img257.jpg,happiness
C:\Users\mainh\OneDrive\Attachments\Máy tính\facial-emotion-viz\data\raw\surprise\reg_img94 (3).jpg,surprise
C:\Users\mainh\OneDrive\Attachments\Máy tính\facial-emotion-viz\data\raw\repression\reg_img150 (3).jpg,repression
C:\Users\mainh\OneDrive\Attachments\Máy tính\facial-emotion-viz\data\raw\repression\reg_img136 (3).jpg,repression
C:\Users\mainh\OneDrive\Attachments\Máy tính\facial-emotion-viz\data\raw\repression\reg_img56 (2).jpg,repression
C:\Users\mainh\OneDrive\Attachments\Máy tính\facial-emotion-viz\data\raw\disgust\reg_img409.jpg,disgust
C:\Users\mainh\OneDrive\Attachments\Máy tính\facial-emotion-viz\data\raw\repression\reg_img133 (9).jpg,repression
C:\Users\mainh\OneDrive\Attachments\Máy tính\facial-emotion-viz\data\raw\repression\reg_img127 (5).jpg,repression
C:\Users\mainh\OneDrive\Attachments\Máy tính\facial-emotion-viz\data\raw\disgust\reg_img103 (29).jpg,disgust
C:\Users\mainh\OneDrive\Attachments\Máy tính\facial-emotion-viz\data\raw\disgust\reg_img26 (4).jpg,disgust
C:\Users\mainh\OneDrive\Attachments\Máy tính\facial-emotion-viz\data\raw\happiness\reg_img22 (4).jpg,happiness
C:\Users\mainh\OneDrive\Attachments\Máy tính\facial-emotion-viz\data\raw\disgust\reg_img109 (12).jpg,disgust
C:\Users\mainh\OneDrive\Attachments\Máy tính\facial-emotion-viz\data\raw\surprise\reg_img93.jpg,surprise
C:\Users\mainh\OneDrive\Attachments\Máy tính\facial-emotion-viz\data\raw\disgust\reg_img110 (7).jpg,disgust
C:\Users\mainh\OneDrive\Attachments\Máy tính\facial-emotion-viz\data\raw\fear\reg_img30.jpg,fear
C:\Users\mainh\OneDrive\Attachments\Máy tính\facial-emotion-viz\data\raw\disgust\reg_img36 (24).jpg,disgust
C:\Users\mainh\OneDrive\Attachments\Máy tính\facial-emotion-viz\data\raw\disgust\reg_img79 (5).jpg,disgust
C:\Users\mainh\OneDrive\Attachments\Máy tính\facial-emotion-viz\data\raw\disgust\reg_img103 (24).jpg,disgust
C:\Users\mainh\OneDrive\Attachments\Máy tính\facial-emotion-viz\data\raw\happiness\reg_img48 (2).jpg,happiness
C:\Users\mainh\OneDrive\Attachments\Máy tính\facial-emotion-viz\data\raw\repression\reg_img145 (4).jpg,repression
C:\Users\mainh\OneDrive\Attachments\Máy tính\facial-emotion-viz\data\raw\surprise\reg_img37 (9).jpg,surprise
C:\Users\mainh\OneDrive\Attachments\Máy tính\facial-emotion-viz\data\raw\repression\reg_img230 (2).jpg,repression
C:\Users\mainh\OneDrive\Attachments\Máy tính\facial-emotion-viz\data\raw\repression\reg_img79 (6).jpg,repression
C:\Users\mainh\OneDrive\Attachments\Máy tính\facial-emotion-viz\data\raw\happiness\reg_img111 (16).jpg,happiness
C:\Users\mainh\OneDrive\Attachments\Máy tính\facial-emotion-viz\data\raw\disgust\reg_img86 (37).jpg,disgust
C:\Users\mainh\OneDrive\Attachments\Máy tính\facial-emotion-viz\data\raw\disgust\reg_img78 (34).jpg,disgust
C:\Users\mainh\OneDrive\Attachments\Máy tính\facial-emotion-viz\data\raw\disgust\reg_img87 (6).jpg,disgust
C:\Users\mainh\OneDrive\Attachments\Máy tính\facial-emotion-viz\data\raw\happiness\reg_img57 (10).jpg,happiness
C:\Users\mainh\OneDrive\Attachments\Máy tính\facial-emotion-viz\data\raw\happiness\reg_img83 (7).jpg,happiness
C:\Users\mainh\OneDrive\Attachments\Máy tính\facial-emotion-viz\data\raw\repression\reg_img56 (9).jpg,repression
C:\Users\mainh\OneDrive\Attachments\Máy tính\facial-emotion-viz\data\raw\disgust\reg_img104 (3).jpg,disgust
C:\Users\mainh\OneDrive\Attachments\Máy tính\facial-emotion-viz\data\raw\repression\reg_img74 (13).jpg,repression
C:\Users\mainh\OneDrive\Attachments\Máy tính\facial-emotion-viz\data\raw\disgust\reg_img86 (20).jpg,disgust
C:\Users\mainh\OneDrive\Attachments\Máy tính\facial-emotion-viz\data\raw\disgust\reg_img145 (6).jpg,disgust
C:\Users\mainh\OneDrive\Attachments\Máy tính\facial-emotion-viz\data\raw\surprise\reg_img91 (4).jpg,surprise
C:\Users\mainh\OneDrive\Attachments\Máy tính\facial-emotion-viz\data\raw\surprise\reg_img32 (3).jpg,surprise
C:\Users\mainh\OneDrive\Attachments\Máy tính\facial-emotion-viz\data\raw\disgust\reg_img124 (19).jpg,disgust
C:\Users\mainh\OneDrive\Attachments\Máy tính\facial-emotion-viz\data\raw\sadness\reg_img340 (2).jpg,sadness
C:\Users\mainh\OneDrive\Attachments\Máy tính\facial-emotion-viz\data\raw\repression\reg_img73 (9).jpg,repression
C:\Users\mainh\OneDrive\Attachments\Máy tính\facial-emotion-viz\data\raw\disgust\reg_img92 (36).jpg,disgust
C:\Users\mainh\OneDrive\Attachments\Máy tính\facial-emotion-viz\data\raw\repression\reg_img112 (4).jpg,repression
C:\Users\mainh\OneDrive\Attachments\Máy tính\facial-emotion-viz\data\raw\disgust\reg_img90 (35).jpg,disgust
C:\Users\mainh\OneDrive\Attachments\Máy tính\facial-emotion-viz\data\raw\disgust\reg_img95 (8).jpg,disgust
C:\Users\mainh\OneDrive\Attachments\Máy tính\facial-emotion-viz\data\raw\happiness\reg_img142 (5).jpg,happiness
C:\Users\mainh\OneDrive\Attachments\Máy tính\facial-emotion-viz\data\raw\repression\reg_img120 (8).jpg,repression
C:\Users\mainh\OneDrive\Attachments\Máy tính\facial-emotion-viz\data\raw\disgust\reg_img105 (24).jpg,disgust
C:\Users\mainh\OneDrive\Attachments\Máy tính\facial-emotion-viz\data\raw\disgust\reg_img69 (15).jpg,disgust
C:\Users\mainh\OneDrive\Attachments\Máy tính\facial-emotion-viz\data\raw\repression\reg_img66 (3).jpg,repression
C:\Users\mainh\OneDrive\Attachments\Máy tính\facial-emotion-viz\data\raw\repression\reg_img138 (11).jpg,repression
C:\Users\mainh\OneDrive\Attachments\Máy tính\facial-emotion-viz\data\raw\disgust\reg_img293.jpg,disgust
C:\Users\mainh\OneDrive\Attachments\Máy tính\facial-emotion-viz\data\raw\disgust\reg_img46 (26).jpg,disgust
C:\Users\mainh\OneDrive\Attachments\Máy tính\facial-emotion-viz\data\raw\disgust\reg_img138 (9).jpg,disgust
C:\Users\mainh\OneDrive\Attachments\Máy tính\facial-emotion-viz\data\raw\disgust\reg_img101 (36).jpg,disgust
C:\Users\mainh\OneDrive\Attachments\Máy tính\facial-emotion-viz\data\raw\repression\reg_img94 (3).jpg,repression
C:\Users\mainh\OneDrive\Attachments\Máy tính\facial-emotion-viz\data\raw\sadness\reg_img88.jpg,sadness
C:\Users\mainh\OneDrive\Attachments\Máy tính\facial-emotion-viz\data\raw\repression\reg_img191 (2).jpg,repression
C:\Users\mainh\OneDrive\Attachments\Máy tính\facial-emotion-viz\data\raw\surprise\reg_img78 (11).jpg,surprise
C:\Users\mainh\OneDrive\Attachments\Máy tính\facial-emotion-viz\data\raw\happiness\reg_img66 (21).jpg,happiness
C:\Users\mainh\OneDrive\Attachments\Máy tính\facial-emotion-viz\data\raw\surprise\reg_img111.jpg,surprise
C:\Users\mainh\OneDrive\Attachments\Máy tính\facial-emotion-viz\data\raw\sadness\reg_img70 (2).jpg,sadness
C:\Users\mainh\OneDrive\Attachments\Máy tính\facial-emotion-viz\data\raw\disgust\reg_img77 (24).jpg,disgust
C:\Users\mainh\OneDrive\Attachments\Máy tính\facial-emotion-viz\data\raw\fear\reg_img119.jpg,fear
C:\Users\mainh\OneDrive\Attachments\Máy tính\facial-emotion-viz\data\raw\happiness\reg_img40 (3).jpg,happiness
C:\Users\mainh\OneDrive\Attachments\Máy tính\facial-emotion-viz\data\raw\disgust\reg_img109 (16).jpg,disgust
C:\Users\mainh\OneDrive\Attachments\Máy tính\facial-emotion-viz\data\raw\disgust\reg_img94 (30).jpg,disgust
C:\Users\mainh\OneDrive\Attachments\Máy tính\facial-emotion-viz\data\raw\repression\reg_img159 (7).jpg,repression
C:\Users\mainh\OneDrive\Attachments\Máy tính\facial-emotion-viz\data\raw\surprise\reg_img76 (12).jpg,surprise
C:\Users\mainh\OneDrive\Attachments\Máy tính\facial-emotion-viz\data\raw\happiness\reg_img164 (2).jpg,happiness
C:\Users\mainh\OneDrive\Attachments\Máy tính\facial-emotion-viz\data\raw\repression\reg_img32 (9).jpg,repression
C:\Users\mainh\OneDrive\Attachments\Máy tính\facial-emotion-viz\data\raw\disgust\reg_img49 (3).jpg,disgust
C:\Users\mainh\OneDrive\Attachments\Máy tính\facial-emotion-viz\data\raw\happiness\reg_img99 (19).jpg,happiness
C:\Users\mainh\OneDrive\Attachments\Máy tính\facial-emotion-viz\data\raw\disgust\reg_img79 (39).jpg,disgust
C:\Users\mainh\OneDrive\Attachments\Máy tính\facial-emotion-viz\data\raw\disgust\reg_img201.jpg,disgust
C:\Users\mainh\OneDrive\Attachments\Máy tính\facial-emotion-viz\data\raw\disgust\reg_img45 (17).jpg,disgust
C:\Users\mainh\OneDrive\Attachments\Máy tính\facial-emotion-viz\data\raw\happiness\reg_img91 (6).jpg,happiness
C:\Users\mainh\OneDrive\Attachments\Máy tính\facial-emotion-viz\data\raw\repression\reg_img65 (10).jpg,repression
C:\Users\mainh\OneDrive\Attachments\Máy tính\facial-emotion-viz\data\raw\surprise\reg_img126 (8).jpg,surprise
C:\Users\mainh\OneDrive\Attachments\Máy tính\facial-emotion-viz\data\raw\disgust\reg_img127 (6).jpg,disgust
C:\Users\mainh\OneDrive\Attachments\Máy tính\facial-emotion-viz\data\raw\repression\reg_img41.jpg,repression
C:\Users\mainh\OneDrive\Attachments\Máy tính\facial-emotion-viz\data\raw\disgust\reg_img176.jpg,disgust
C:\Users\mainh\OneDrive\Attachments\Máy tính\facial-emotion-viz\data\raw\happiness\reg_img29 (10).jpg,happiness
C:\Users\mainh\OneDrive\Attachments\Máy tính\facial-emotion-viz\data\raw\happiness\reg_img98 (10).jpg,happiness
C:\Users\mainh\OneDrive\Attachments\Máy tính\facial-emotion-viz\data\raw\happiness\reg_img208.jpg,happiness
C:\Users\mainh\OneDrive\Attachments\Máy tính\facial-emotion-viz\data\raw\happiness\reg_img84 (9).jpg,happiness
C:\Users\mainh\OneDrive\Attachments\Máy tính\facial-emotion-viz\data\raw\happiness\reg_img80 (8).jpg,happiness
C:\Users\mainh\OneDrive\Attachments\Máy tính\facial-emotion-viz\data\raw\happiness\reg_img63 (19).jpg,happiness
C:\Users\mainh\OneDrive\Attachments\Máy tính\facial-emotion-viz\data\raw\disgust\reg_img108.jpg,disgust
C:\Users\mainh\OneDrive\Attachments\Máy tính\facial-emotion-viz\data\raw\disgust\reg_img102 (20).jpg,disgust
C:\Users\mainh\OneDrive\Attachments\Máy tính\facial-emotion-viz\data\raw\surprise\reg_img30 (4).jpg,surprise
C:\Users\mainh\OneDrive\Attachments\Máy tính\facial-emotion-viz\data\raw\disgust\reg_img36 (11).jpg,disgust
C:\Users\mainh\OneDrive\Attachments\Máy tính\facial-emotion-viz\data\raw\disgust\reg_img45 (24).jpg,disgust
C:\Users\mainh\OneDrive\Attachments\Máy tính\facial-emotion-viz\data\raw\surprise\reg_img89 (15).jpg,surprise
C:\Users\mainh\OneDrive\Attachments\Máy tính\facial-emotion-viz\data\raw\repression\reg_img24 (4).jpg,repression
C:\Users\mainh\OneDrive\Attachments\Máy tính\facial-emotion-viz\data\raw\happiness\reg_img128.jpg,happiness
C:\Users\mainh\OneDrive\Attachments\Máy tính\facial-emotion-viz\data\raw\repression\reg_img138 (3).jpg,repression
C:\Users\mainh\OneDrive\Attachments\Máy tính\facial-emotion-viz\data\raw\repression\reg_img75 (9).jpg,repression
C:\Users\mainh\OneDrive\Attachments\Máy tính\facial-emotion-viz\data\raw\disgust\reg_img119 (9).jpg,disgust
C:\Users\mainh\OneDrive\Attachments\Máy tính\facial-emotion-viz\data\raw\surprise\reg_img92.jpg,surprise
C:\Users\mainh\OneDrive\Attachments\Máy tính\facial-emotion-viz\data\raw\repression\reg_img114 (11).jpg,repression
C:\Users\mainh\OneDrive\Attachments\Máy tính\facial-emotion-viz\data\raw\happiness\reg_img100 (4).jpg,happiness
C:\Users\mainh\OneDrive\Attachments\Máy tính\facial-emotion-viz\data\raw\repression\reg_img49 (5).jpg,repression
C:\Users\mainh\OneDrive\Attachments\Máy tính\facial-emotion-viz\data\raw\disgust\reg_img155 (5).jpg,disgust
C:\Users\mainh\OneDrive\Attachments\Máy tính\facial-emotion-viz\data\raw\sadness\reg_img62.jpg,sadness
C:\Users\mainh\OneDrive\Attachments\Máy tính\facial-emotion-viz\data\raw\disgust\reg_img282.jpg,disgust
C:\Users\mainh\OneDrive\Attachments\Máy tính\facial-emotion-viz\data\raw\happiness\reg_img95 (4).jpg,happiness
C:\Users\mainh\OneDrive\Attachments\Máy tính\facial-emotion-viz\data\raw\disgust\reg_img68 (16).jpg,disgust
C:\Users\mainh\OneDrive\Attachments\Máy tính\facial-emotion-viz\data\raw\repression\reg_img113 (4).jpg,repression
C:\Users\mainh\OneDrive\Attachments\Máy tính\facial-emotion-viz\data\raw\happiness\reg_img54 (18).jpg,happiness
C:\Users\mainh\OneDrive\Attachments\Máy tính\facial-emotion-viz\data\raw\disgust\reg_img29 (16).jpg,disgust
C:\Users\mainh\OneDrive\Attachments\Máy tính\facial-emotion-viz\data\raw\happiness\reg_img71 (20).jpg,happiness
C:\Users\mainh\OneDrive\Attachments\Máy tính\facial-emotion-viz\data\raw\disgust\reg_img55 (18).jpg,disgust
C:\Users\mainh\OneDrive\Attachments\Máy tính\facial-emotion-viz\data\raw\happiness\reg_img86 (13).jpg,happiness
C:\Users\mainh\OneDrive\Attachments\Máy tính\facial-emotion-viz\data\raw\happiness\reg_img19 (3).jpg,happiness
C:\Users\mainh\OneDrive\Attachments\Máy tính\facial-emotion-viz\data\raw\repression\reg_img72.jpg,repression
C:\Users\mainh\OneDrive\Attachments\Máy tính\facial-emotion-viz\data\raw\surprise\reg_img87 (4).jpg,surprise
C:\Users\mainh\OneDrive\Attachments\Máy tính\facial-emotion-viz\data\raw\happiness\reg_img190 (3).jpg,happiness
C:\Users\mainh\OneDrive\Attachments\Máy tính\facial-emotion-viz\data\raw\happiness\reg_img133 (8).jpg,happiness
C:\Users\mainh\OneDrive\Attachments\Máy tính\facial-emotion-viz\data\raw\disgust\reg_img51 (3).jpg,disgust
C:\Users\mainh\OneDrive\Attachments\Máy tính\facial-emotion-viz\data\raw\disgust\reg_img89 (37).jpg,disgust
C:\Users\mainh\OneDrive\Attachments\Máy tính\facial-emotion-viz\data\raw\repression\reg_img154 (8).jpg,repression
C:\Users\mainh\OneDrive\Attachments\Máy tính\facial-emotion-viz\data\raw\surprise\reg_img32 (5).jpg,surprise
C:\Users\mainh\OneDrive\Attachments\Máy tính\facial-emotion-viz\data\raw\repression\reg_img43 (2).jpg,repression
C:\Users\mainh\OneDrive\Attachments\Máy tính\facial-emotion-viz\data\raw\repression\reg_img101 (6).jpg,repression
C:\Users\mainh\OneDrive\Attachments\Máy tính\facial-emotion-viz\data\raw\happiness\reg_img114 (14).jpg,happiness
C:\Users\mainh\OneDrive\Attachments\Máy tính\facial-emotion-viz\data\raw\disgust\reg_img78 (32).jpg,disgust
C:\Users\mainh\OneDrive\Attachments\Máy tính\facial-emotion-viz\data\raw\disgust\reg_img129 (21).jpg,disgust
C:\Users\mainh\OneDrive\Attachments\Máy tính\facial-emotion-viz\data\raw\surprise\reg_img118 (6).jpg,surprise
C:\Users\mainh\OneDrive\Attachments\Máy tính\facial-emotion-viz\data\raw\disgust\reg_img22 (7).jpg,disgust
C:\Users\mainh\OneDrive\Attachments\Máy tính\facial-emotion-viz\data\raw\disgust\reg_img204.jpg,disgust
C:\Users\mainh\OneDrive\Attachments\Máy tính\facial-emotion-viz\data\raw\surprise\reg_img21 (5).jpg,surprise
C:\Users\mainh\OneDrive\Attachments\Máy tính\facial-emotion-viz\data\raw\disgust\reg_img112 (29).jpg,disgust
C:\Users\mainh\OneDrive\Attachments\Máy tính\facial-emotion-viz\data\raw\disgust\reg_img436.jpg,disgust
C:\Users\mainh\OneDrive\Attachments\Máy tính\facial-emotion-viz\data\raw\disgust\reg_img75 (22).jpg,disgust
C:\Users\mainh\OneDrive\Attachments\Máy tính\facial-emotion-viz\data\raw\disgust\reg_img141 (3).jpg,disgust
C:\Users\mainh\OneDrive\Attachments\Máy tính\facial-emotion-viz\data\raw\happiness\reg_img131 (5).jpg,happiness
C:\Users\mainh\OneDrive\Attachments\Máy tính\facial-emotion-viz\data\raw\repression\reg_img63 (14).jpg,repression
C:\Users\mainh\OneDrive\Attachments\Máy tính\facial-emotion-viz\data\raw\happiness\reg_img120 (3).jpg,happiness
C:\Users\mainh\OneDrive\Attachments\Máy tính\facial-emotion-viz\data\raw\happiness\reg_img125 (10).jpg,happiness
C:\Users\mainh\OneDrive\Attachments\Máy tính\facial-emotion-viz\data\raw\repression\reg_img74 (9).jpg,repression
C:\Users\mainh\OneDrive\Attachments\Máy tính\facial-emotion-viz\data\raw\happiness\reg_img30 (6).jpg,happiness
C:\Users\mainh\OneDrive\Attachments\Máy tính\facial-emotion-viz\data\raw\repression\reg_img50 (2).jpg,repression
C:\Users\mainh\OneDrive\Attachments\Máy tính\facial-emotion-viz\data\raw\happiness\reg_img35.jpg,happiness
C:\Users\mainh\OneDrive\Attachments\Máy tính\facial-emotion-viz\data\raw\happiness\reg_img80 (16).jpg,happiness
C:\Users\mainh\OneDrive\Attachments\Máy tính\facial-emotion-viz\data\raw\fear\reg_img26.jpg,fear
C:\Users\mainh\OneDrive\Attachments\Máy tính\facial-emotion-viz\data\raw\disgust\reg_img103 (34).jpg,disgust
C:\Users\mainh\OneDrive\Attachments\Máy tính\facial-emotion-viz\data\raw\surprise\reg_img76 (11).jpg,surprise
C:\Users\mainh\OneDrive\Attachments\Máy tính\facial-emotion-viz\data\raw\repression\reg_img54 (12).jpg,repression
C:\Users\mainh\OneDrive\Attachments\Máy tính\facial-emotion-viz\data\raw\disgust\reg_img56 (27).jpg,disgust
C:\Users\mainh\OneDrive\Attachments\Máy tính\facial-emotion-viz\data\raw\disgust\reg_img69.jpg,disgust
C:\Users\mainh\OneDrive\Attachments\Máy tính\facial-emotion-viz\data\raw\disgust\reg_img60 (13).jpg,disgust
C:\Users\mainh\OneDrive\Attachments\Máy tính\facial-emotion-viz\data\raw\repression\reg_img89 (11).jpg,repression
C:\Users\mainh\OneDrive\Attachments\Máy tính\facial-emotion-viz\data\raw\disgust\reg_img70 (17).jpg,disgust
C:\Users\mainh\OneDrive\Attachments\Máy tính\facial-emotion-viz\data\raw\repression\reg_img64 (13).jpg,repression
C:\Users\mainh\OneDrive\Attachments\Máy tính\facial-emotion-viz\data\raw\sadness\reg_img368.jpg,sadness
C:\Users\mainh\OneDrive\Attachments\Máy tính\facial-emotion-viz\data\raw\repression\reg_img55.jpg,repression
C:\Users\mainh\OneDrive\Attachments\Máy tính\facial-emotion-viz\data\raw\disgust\reg_img118 (19).jpg,disgust
C:\Users\mainh\OneDrive\Attachments\Máy tính\facial-emotion-viz\data\raw\happiness\reg_img70 (20).jpg,happiness
C:\Users\mainh\OneDrive\Attachments\Máy tính\facial-emotion-viz\data\raw\surprise\reg_img158.jpg,surprise
C:\Users\mainh\OneDrive\Attachments\Máy tính\facial-emotion-viz\data\raw\disgust\reg_img130 (6).jpg,disgust
C:\Users\mainh\OneDrive\Attachments\Máy tính\facial-emotion-viz\data\raw\disgust\reg_img196 (2).jpg,disgust
C:\Users\mainh\OneDrive\Attachments\Máy tính\facial-emotion-viz\data\raw\happiness\reg_img31 (2).jpg,happiness
C:\Users\mainh\OneDrive\Attachments\Máy tính\facial-emotion-viz\data\raw\happiness\reg_img198 (2).jpg,happiness
C:\Users\mainh\OneDrive\Attachments\Máy tính\facial-emotion-viz\data\raw\happiness\reg_img59 (11).jpg,happiness
C:\Users\mainh\OneDrive\Attachments\Máy tính\facial-emotion-viz\data\raw\repression\reg_img93 (13).jpg,repression
C:\Users\mainh\OneDrive\Attachments\Máy tính\facial-emotion-viz\data\raw\surprise\reg_img58 (13).jpg,surprise
C:\Users\mainh\OneDrive\Attachments\Máy tính\facial-emotion-viz\data\raw\disgust\reg_img122.jpg,disgust
C:\Users\mainh\OneDrive\Attachments\Máy tính\facial-emotion-viz\data\raw\disgust\reg_img87 (39).jpg,disgust
C:\Users\mainh\OneDrive\Attachments\Máy tính\facial-emotion-viz\data\raw\happiness\reg_img43 (15).jpg,happiness
C:\Users\mainh\OneDrive\Attachments\Máy tính\facial-emotion-viz\data\raw\disgust\reg_img43 (7).jpg,disgust
C:\Users\mainh\OneDrive\Attachments\Máy tính\facial-emotion-viz\data\raw\disgust\reg_img123 (14).jpg,disgust
C:\Users\mainh\OneDrive\Attachments\Máy tính\facial-emotion-viz\data\raw\disgust\reg_img51 (24).jpg,disgust
C:\Users\mainh\OneDrive\Attachments\Máy tính\facial-emotion-viz\data\raw\disgust\reg_img67 (27).jpg,disgust
C:\Users\mainh\OneDrive\Attachments\Máy tính\facial-emotion-viz\data\raw\happiness\reg_img119 (11).jpg,happiness
C:\Users\mainh\OneDrive\Attachments\Máy tính\facial-emotion-viz\data\raw\repression\reg_img103 (12).jpg,repression
C:\Users\mainh\OneDrive\Attachments\Máy tính\facial-emotion-viz\data\raw\repression\reg_img119 (5).jpg,repression
C:\Users\mainh\OneDrive\Attachments\Máy tính\facial-emotion-viz\data\raw\disgust\reg_img104 (22).jpg,disgust
C:\Users\mainh\OneDrive\Attachments\Máy tính\facial-emotion-viz\data\raw\repression\reg_img42 (3).jpg,repression
C:\Users\mainh\OneDrive\Attachments\Máy tính\facial-emotion-viz\data\raw\fear\reg_img100.jpg,fear
C:\Users\mainh\OneDrive\Attachments\Máy tính\facial-emotion-viz\data\raw\disgust\reg_img130 (7).jpg,disgust
C:\Users\mainh\OneDrive\Attachments\Máy tính\facial-emotion-viz\data\raw\repression\reg_img151 (8).jpg,repression
C:\Users\mainh\OneDrive\Attachments\Máy tính\facial-emotion-viz\data\raw\disgust\reg_img137 (4).jpg,disgust
C:\Users\mainh\OneDrive\Attachments\Máy tính\facial-emotion-viz\data\raw\disgust\reg_img121 (11).jpg,disgust
C:\Users\mainh\OneDrive\Attachments\Máy tính\facial-emotion-viz\data\raw\disgust\reg_img53 (31).jpg,disgust
C:\Users\mainh\OneDrive\Attachments\Máy tính\facial-emotion-viz\data\raw\disgust\reg_img20.jpg,disgust
C:\Users\mainh\OneDrive\Attachments\Máy tính\facial-emotion-viz\data\raw\repression\reg_img102 (10).jpg,repression
C:\Users\mainh\OneDrive\Attachments\Máy tính\facial-emotion-viz\data\raw\repression\reg_img73 (3).jpg,repression
C:\Users\mainh\OneDrive\Attachments\Máy tính\facial-emotion-viz\data\raw\disgust\reg_img132 (6).jpg,disgust
C:\Users\mainh\OneDrive\Attachments\Máy tính\facial-emotion-viz\data\raw\happiness\reg_img96 (12).jpg,happiness
C:\Users\mainh\OneDrive\Attachments\Máy tính\facial-emotion-viz\data\raw\surprise\reg_img63 (9).jpg,surprise
C:\Users\mainh\OneDrive\Attachments\Máy tính\facial-emotion-viz\data\raw\fear\reg_img107.jpg,fear
C:\Users\mainh\OneDrive\Attachments\Máy tính\facial-emotion-viz\data\raw\repression\reg_img18 (5).jpg,repression
C:\Users\mainh\OneDrive\Attachments\Máy tính\facial-emotion-viz\data\raw\disgust\reg_img272.jpg,disgust
C:\Users\mainh\OneDrive\Attachments\Máy tính\facial-emotion-viz\data\raw\disgust\reg_img104 (20).jpg,disgust
C:\Users\mainh\OneDrive\Attachments\Máy tính\facial-emotion-viz\data\raw\disgust\reg_img134 (10).jpg,disgust
C:\Users\mainh\OneDrive\Attachments\Máy tính\facial-emotion-viz\data\raw\repression\reg_img26 (8).jpg,repression
C:\Users\mainh\OneDrive\Attachments\Máy tính\facial-emotion-viz\data\raw\happiness\reg_img61 (13).jpg,happiness
C:\Users\mainh\OneDrive\Attachments\Máy tính\facial-emotion-viz\data\raw\disgust\reg_img181 (4).jpg,disgust
C:\Users\mainh\OneDrive\Attachments\Máy tính\facial-emotion-viz\data\raw\surprise\reg_img71 (5).jpg,surprise
C:\Users\mainh\OneDrive\Attachments\Máy tính\facial-emotion-viz\data\raw\disgust\reg_img132 (2).jpg,disgust
C:\Users\mainh\OneDrive\Attachments\Máy tính\facial-emotion-viz\data\raw\repression\reg_img133 (10).jpg,repression
C:\Users\mainh\OneDrive\Attachments\Máy tính\facial-emotion-viz\data\raw\surprise\reg_img56.jpg,surprise
C:\Users\mainh\OneDrive\Attachments\Máy tính\facial-emotion-viz\data\raw\repression\reg_img132.jpg,repression
C:\Users\mainh\OneDrive\Attachments\Máy tính\facial-emotion-viz\data\raw\repression\reg_img140 (4).jpg,repression
C:\Users\mainh\OneDrive\Attachments\Máy tính\facial-emotion-viz\data\raw\disgust\reg_img69 (14).jpg,disgust
C:\Users\mainh\OneDrive\Attachments\Máy tính\facial-emotion-viz\data\raw\disgust\reg_img68 (22).jpg,disgust
C:\Users\mainh\OneDrive\Attachments\Máy tính\facial-emotion-viz\data\raw\disgust\reg_img172 (5).jpg,disgust
C:\Users\mainh\OneDrive\Attachments\Máy tính\facial-emotion-viz\data\raw\disgust\reg_img106 (11).jpg,disgust
C:\Users\mainh\OneDrive\Attachments\Máy tính\facial-emotion-viz\data\raw\surprise\reg_img136.jpg,surprise
C:\Users\mainh\OneDrive\Attachments\Máy tính\facial-emotion-viz\data\raw\happiness\reg_img64 (3).jpg,happiness
C:\Users\mainh\OneDrive\Attachments\Máy tính\facial-emotion-viz\data\raw\surprise\reg_img97 (2).jpg,surprise
C:\Users\mainh\OneDrive\Attachments\Máy tính\facial-emotion-viz\data\raw\disgust\reg_img76 (33).jpg,disgust
C:\Users\mainh\OneDrive\Attachments\Máy tính\facial-emotion-viz\data\raw\disgust\reg_img55 (23).jpg,disgust
C:\Users\mainh\OneDrive\Attachments\Máy tính\facial-emotion-viz\data\raw\disgust\reg_img118 (22).jpg,disgust
C:\Users\mainh\OneDrive\Attachments\Máy tính\facial-emotion-viz\data\raw\disgust\reg_img205 (2).jpg,disgust
C:\Users\mainh\OneDrive\Attachments\Máy tính\facial-emotion-viz\data\raw\repression\reg_img78 (11).jpg,repression
C:\Users\mainh\OneDrive\Attachments\Máy tính\facial-emotion-viz\data\raw\disgust\reg_img88 (28).jpg,disgust
C:\Users\mainh\OneDrive\Attachments\Máy tính\facial-emotion-viz\data\raw\repression\reg_img150 (2).jpg,repression
C:\Users\mainh\OneDrive\Attachments\Máy tính\facial-emotion-viz\data\raw\disgust\reg_img133.jpg,disgust
C:\Users\mainh\OneDrive\Attachments\Máy tính\facial-emotion-viz\data\raw\disgust\reg_img98 (16).jpg,disgust
C:\Users\mainh\OneDrive\Attachments\Máy tính\facial-emotion-viz\data\raw\disgust\reg_img133 (10).jpg,disgust
C:\Users\mainh\OneDrive\Attachments\Máy tính\facial-emotion-viz\data\raw\disgust\reg_img134.jpg,disgust
C:\Users\mainh\OneDrive\Attachments\Máy tính\facial-emotion-viz\data\raw\repression\reg_img127 (8).jpg,repression
C:\Users\mainh\OneDrive\Attachments\Máy tính\facial-emotion-viz\data\raw\disgust\reg_img158 (2).jpg,disgust
C:\Users\mainh\OneDrive\Attachments\Máy tính\facial-emotion-viz\data\raw\surprise\reg_img45 (4).jpg,surprise
C:\Users\mainh\OneDrive\Attachments\Máy tính\facial-emotion-viz\data\raw\disgust\reg_img61 (4).jpg,disgust
C:\Users\mainh\OneDrive\Attachments\Máy tính\facial-emotion-viz\data\raw\surprise\reg_img49 (10).jpg,surprise
C:\Users\mainh\OneDrive\Attachments\Máy tính\facial-emotion-viz\data\raw\repression\reg_img61 (10).jpg,repression
C:\Users\mainh\OneDrive\Attachments\Máy tính\facial-emotion-viz\data\raw\disgust\reg_img36.jpg,disgust
C:\Users\mainh\OneDrive\Attachments\Máy tính\facial-emotion-viz\data\raw\repression\reg_img62 (15).jpg,repression
C:\Users\mainh\OneDrive\Attachments\Máy tính\facial-emotion-viz\data\raw\happiness\reg_img63 (20).jpg,happiness
C:\Users\mainh\OneDrive\Attachments\Máy tính\facial-emotion-viz\data\raw\surprise\reg_img63 (15).jpg,surprise
C:\Users\mainh\OneDrive\Attachments\Máy tính\facial-emotion-viz\data\raw\disgust\reg_img72 (21).jpg,disgust
C:\Users\mainh\OneDrive\Attachments\Máy tính\facial-emotion-viz\data\raw\surprise\reg_img109 (3).jpg,surprise
C:\Users\mainh\OneDrive\Attachments\Máy tính\facial-emotion-viz\data\raw\disgust\reg_img105 (3).jpg,disgust
C:\Users\mainh\OneDrive\Attachments\Máy tính\facial-emotion-viz\data\raw\disgust\reg_img53 (25).jpg,disgust
C:\Users\mainh\OneDrive\Attachments\Máy tính\facial-emotion-viz\data\raw\disgust\reg_img47 (27).jpg,disgust
C:\Users\mainh\OneDrive\Attachments\Máy tính\facial-emotion-viz\data\raw\disgust\reg_img59 (21).jpg,disgust
C:\Users\mainh\OneDrive\Attachments\Máy tính\facial-emotion-viz\data\raw\disgust\reg_img31 (15).jpg,disgust
C:\Users\mainh\OneDrive\Attachments\Máy tính\facial-emotion-viz\data\raw\surprise\reg_img118 (8).jpg,surprise
C:\Users\mainh\OneDrive\Attachments\Máy tính\facial-emotion-viz\data\raw\disgust\reg_img94 (36).jpg,disgust
C:\Users\mainh\OneDrive\Attachments\Máy tính\facial-emotion-viz\data\raw\disgust\reg_img71 (28).jpg,disgust
C:\Users\mainh\OneDrive\Attachments\Máy tính\facial-emotion-viz\data\raw\surprise\reg_img146 (5).jpg,surprise
C:\Users\mainh\OneDrive\Attachments\Máy tính\facial-emotion-viz\data\raw\surprise\reg_img36 (8).jpg,surprise
C:\Users\mainh\OneDrive\Attachments\Máy tính\facial-emotion-viz\data\raw\disgust\reg_img110 (26).jpg,disgust
C:\Users\mainh\OneDrive\Attachments\Máy tính\facial-emotion-viz\data\raw\disgust\reg_img133 (7).jpg,disgust
C:\Users\mainh\OneDrive\Attachments\Máy tính\facial-emotion-viz\data\raw\repression\reg_img122 (12).jpg,repression
C:\Users\mainh\OneDrive\Attachments\Máy tính\facial-emotion-viz\data\raw\repression\reg_img139 (10).jpg,repression
C:\Users\mainh\OneDrive\Attachments\Máy tính\facial-emotion-viz\data\raw\disgust\reg_img65 (26).jpg,disgust
C:\Users\mainh\OneDrive\Attachments\Máy tính\facial-emotion-viz\data\raw\repression\reg_img39 (8).jpg,repression
C:\Users\mainh\OneDrive\Attachments\Máy tính\facial-emotion-viz\data\raw\disgust\reg_img84 (8).jpg,disgust
C:\Users\mainh\OneDrive\Attachments\Máy tính\facial-emotion-viz\data\raw\happiness\reg_img36 (14).jpg,happiness
C:\Users\mainh\OneDrive\Attachments\Máy tính\facial-emotion-viz\data\raw\sadness\reg_img375.jpg,sadness
C:\Users\mainh\OneDrive\Attachments\Máy tính\facial-emotion-viz\data\raw\happiness\reg_img226 (2).jpg,happiness
C:\Users\mainh\OneDrive\Attachments\Máy tính\facial-emotion-viz\data\raw\repression\reg_img96 (7).jpg,repression
C:\Users\mainh\OneDrive\Attachments\Máy tính\facial-emotion-viz\data\raw\surprise\reg_img39 (3).jpg,surprise
C:\Users\mainh\OneDrive\Attachments\Máy tính\facial-emotion-viz\data\raw\disgust\reg_img88 (29).jpg,disgust
C:\Users\mainh\OneDrive\Attachments\Máy tính\facial-emotion-viz\data\raw\fear\reg_img44.jpg,fear
C:\Users\mainh\OneDrive\Attachments\Máy tính\facial-emotion-viz\data\raw\disgust\reg_img64 (18).jpg,disgust
C:\Users\mainh\OneDrive\Attachments\Máy tính\facial-emotion-viz\data\raw\disgust\reg_img406.jpg,disgust
C:\Users\mainh\OneDrive\Attachments\Máy tính\facial-emotion-viz\data\raw\repression\reg_img146 (11).jpg,repression
C:\Users\mainh\OneDrive\Attachments\Máy tính\facial-emotion-viz\data\raw\disgust\reg_img47 (28).jpg,disgust
C:\Users\mainh\OneDrive\Attachments\Máy tính\facial-emotion-viz\data\raw\surprise\reg_img128 (3).jpg,surprise
C:\Users\mainh\OneDrive\Attachments\Máy tính\facial-emotion-viz\data\raw\repression\reg_img43 (11).jpg,repression
C:\Users\mainh\OneDrive\Attachments\Máy tính\facial-emotion-viz\data\raw\repression\reg_img89 (10).jpg,repression
C:\Users\mainh\OneDrive\Attachments\Máy tính\facial-emotion-viz\data\raw\repression\reg_img167 (6).jpg,repression
C:\Users\mainh\OneDrive\Attachments\Máy tính\facial-emotion-viz\data\raw\surprise\reg_img53 (8).jpg,surprise
C:\Users\mainh\OneDrive\Attachments\Máy tính\facial-emotion-viz\data\raw\sadness\reg_img65 (2).jpg,sadness
C:\Users\mainh\OneDrive\Attachments\Máy tính\facial-emotion-viz\data\raw\disgust\reg_img124 (22).jpg,disgust
C:\Users\mainh\OneDrive\Attachments\Máy tính\facial-emotion-viz\data\raw\happiness\reg_img112 (14).jpg,happiness
C:\Users\mainh\OneDrive\Attachments\Máy tính\facial-emotion-viz\data\raw\surprise\reg_img164 (3).jpg,surprise
C:\Users\mainh\OneDrive\Attachments\Máy tính\facial-emotion-viz\data\raw\happiness\reg_img77 (11).jpg,happiness
C:\Users\mainh\OneDrive\Attachments\Máy tính\facial-emotion-viz\data\raw\repression\reg_img160.jpg,repression
C:\Users\mainh\OneDrive\Attachments\Máy tính\facial-emotion-viz\data\raw\happiness\reg_img115 (12).jpg,happiness
C:\Users\mainh\OneDrive\Attachments\Máy tính\facial-emotion-viz\data\raw\disgust\reg_img48 (10).jpg,disgust
C:\Users\mainh\OneDrive\Attachments\Máy tính\facial-emotion-viz\data\raw\repression\reg_img135 (9).jpg,repression
C:\Users\mainh\OneDrive\Attachments\Máy tính\facial-emotion-viz\data\raw\surprise\reg_img101 (6).jpg,surprise
C:\Users\mainh\OneDrive\Attachments\Máy tính\facial-emotion-viz\data\raw\disgust\reg_img183 (3).jpg,disgust
C:\Users\mainh\OneDrive\Attachments\Máy tính\facial-emotion-viz\data\raw\surprise\reg_img91.jpg,surprise
C:\Users\mainh\OneDrive\Attachments\Máy tính\facial-emotion-viz\data\raw\repression\reg_img63 (4).jpg,repression
C:\Users\mainh\OneDrive\Attachments\Máy tính\facial-emotion-viz\data\raw\surprise\reg_img53 (3).jpg,surprise
C:\Users\mainh\OneDrive\Attachments\Máy tính\facial-emotion-viz\data\raw\disgust\reg_img202.jpg,disgust
C:\Users\mainh\OneDrive\Attachments\Máy tính\facial-emotion-viz\data\raw\happiness\reg_img33 (11).jpg,happiness
C:\Users\mainh\OneDrive\Attachments\Máy tính\facial-emotion-viz\data\raw\repression\reg_img25 (4).jpg,repression
C:\Users\mainh\OneDrive\Attachments\Máy tính\facial-emotion-viz\data\raw\happiness\reg_img54 (15).jpg,happiness
C:\Users\mainh\OneDrive\Attachments\Máy tính\facial-emotion-viz\data\raw\disgust\reg_img112 (18).jpg,disgust
C:\Users\mainh\OneDrive\Attachments\Máy tính\facial-emotion-viz\data\raw\surprise\reg_img88 (12).jpg,surprise
C:\Users\mainh\OneDrive\Attachments\Máy tính\facial-emotion-viz\data\raw\disgust\reg_img91 (39).jpg,disgust
C:\Users\mainh\OneDrive\Attachments\Máy tính\facial-emotion-viz\data\raw\disgust\reg_img96 (33).jpg,disgust
C:\Users\mainh\OneDrive\Attachments\Máy tính\facial-emotion-viz\data\raw\disgust\reg_img91 (5).jpg,disgust
C:\Users\mainh\OneDrive\Attachments\Máy tính\facial-emotion-viz\data\raw\repression\reg_img57.jpg,repression
C:\Users\mainh\OneDrive\Attachments\Máy tính\facial-emotion-viz\data\raw\repression\reg_img60 (12).jpg,repression
C:\Users\mainh\OneDrive\Attachments\Máy tính\facial-emotion-viz\data\raw\fear\reg_img59.jpg,fear
C:\Users\mainh\OneDrive\Attachments\Máy tính\facial-emotion-viz\data\raw\happiness\reg_img86 (7).jpg,happiness
C:\Users\mainh\OneDrive\Attachments\Máy tính\facial-emotion-viz\data\raw\disgust\reg_img31 (9).jpg,disgust
C:\Users\mainh\OneDrive\Attachments\Máy tính\facial-emotion-viz\data\raw\disgust\reg_img90 (24).jpg,disgust
C:\Users\mainh\OneDrive\Attachments\Máy tính\facial-emotion-viz\data\raw\happiness\reg_img242 (2).jpg,happiness
C:\Users\mainh\OneDrive\Attachments\Máy tính\facial-emotion-viz\data\raw\happiness\reg_img86 (12).jpg,happiness
C:\Users\mainh\OneDrive\Attachments\Máy tính\facial-emotion-viz\data\raw\repression\reg_img179.jpg,repression
C:\Users\mainh\OneDrive\Attachments\Máy tính\facial-emotion-viz\data\raw\disgust\reg_img283.jpg,disgust
C:\Users\mainh\OneDrive\Attachments\Máy tính\facial-emotion-viz\data\raw\surprise\reg_img96.jpg,surprise
C:\Users\mainh\OneDrive\Attachments\Máy tính\facial-emotion-viz\data\raw\repression\reg_img100 (5).jpg,repression
C:\Users\mainh\OneDrive\Attachments\Máy tính\facial-emotion-viz\data\raw\disgust\reg_img89 (27).jpg,disgust
C:\Users\mainh\OneDrive\Attachments\Máy tính\facial-emotion-viz\data\raw\disgust\reg_img60 (17).jpg,disgust
C:\Users\mainh\OneDrive\Attachments\Máy tính\facial-emotion-viz\data\raw\repression\reg_img23 (3).jpg,repression
C:\Users\mainh\OneDrive\Attachments\Máy tính\facial-emotion-viz\data\raw\disgust\reg_img189 (3).jpg,disgust
C:\Users\mainh\OneDrive\Attachments\Máy tính\facial-emotion-viz\data\raw\sadness\reg_img9.jpg,sadness
C:\Users\mainh\OneDrive\Attachments\Máy tính\facial-emotion-viz\data\raw\repression\reg_img169 (3).jpg,repression
C:\Users\mainh\OneDrive\Attachments\Máy tính\facial-emotion-viz\data\raw\happiness\reg_img121 (11).jpg,happiness
C:\Users\mainh\OneDrive\Attachments\Máy tính\facial-emotion-viz\data\raw\disgust\reg_img83 (8).jpg,disgust
C:\Users\mainh\OneDrive\Attachments\Máy tính\facial-emotion-viz\data\raw\surprise\reg_img81 (16).jpg,surprise
C:\Users\mainh\OneDrive\Attachments\Máy tính\facial-emotion-viz\data\raw\happiness\reg_img87 (13).jpg,happiness
C:\Users\mainh\OneDrive\Attachments\Máy tính\facial-emotion-viz\data\raw\happiness\reg_img91 (8).jpg,happiness
C:\Users\mainh\OneDrive\Attachments\Máy tính\facial-emotion-viz\data\raw\surprise\reg_img125 (3).jpg,surprise
C:\Users\mainh\OneDrive\Attachments\Máy tính\facial-emotion-viz\data\raw\disgust\reg_img388.jpg,disgust
C:\Users\mainh\OneDrive\Attachments\Máy tính\facial-emotion-viz\data\raw\disgust\reg_img63 (15).jpg,disgust
C:\Users\mainh\OneDrive\Attachments\Máy tính\facial-emotion-viz\data\raw\repression\reg_img32 (10).jpg,repression
C:\Users\mainh\OneDrive\Attachments\Máy tính\facial-emotion-viz\data\raw\disgust\reg_img108 (6).jpg,disgust
C:\Users\mainh\OneDrive\Attachments\Máy tính\facial-emotion-viz\data\raw\repression\reg_img60 (7).jpg,repression
C:\Users\mainh\OneDrive\Attachments\Máy tính\facial-emotion-viz\data\raw\disgust\reg_img78 (35).jpg,disgust
C:\Users\mainh\OneDrive\Attachments\Máy tính\facial-emotion-viz\data\raw\happiness\reg_img234 (2).jpg,happiness
C:\Users\mainh\OneDrive\Attachments\Máy tính\facial-emotion-viz\data\raw\disgust\reg_img88 (10).jpg,disgust
C:\Users\mainh\OneDrive\Attachments\Máy tính\facial-emotion-viz\data\raw\repression\reg_img66 (15).jpg,repression
C:\Users\mainh\OneDrive\Attachments\Máy tính\facial-emotion-viz\data\raw\disgust\reg_img226.jpg,disgust
C:\Users\mainh\OneDrive\Attachments\Máy tính\facial-emotion-viz\data\raw\surprise\reg_img49 (2).jpg,surprise
C:\Users\mainh\OneDrive\Attachments\Máy tính\facial-emotion-viz\data\raw\disgust\reg_img45 (19).jpg,disgust
C:\Users\mainh\OneDrive\Attachments\Máy tính\facial-emotion-viz\data\raw\repression\reg_img54 (5).jpg,repression
C:\Users\mainh\OneDrive\Attachments\Máy tính\facial-emotion-viz\data\raw\disgust\reg_img83 (35).jpg,disgust
C:\Users\mainh\OneDrive\Attachments\Máy tính\facial-emotion-viz\data\raw\happiness\reg_img119 (10).jpg,happiness
C:\Users\mainh\OneDrive\Attachments\Máy tính\facial-emotion-viz\data\raw\repression\reg_img66.jpg,repression
C:\Users\mainh\OneDrive\Attachments\Máy tính\facial-emotion-viz\data\raw\disgust\reg_img103 (2).jpg,disgust
C:\Users\mainh\OneDrive\Attachments\Máy tính\facial-emotion-viz\data\raw\disgust\reg_img92 (2).jpg,disgust
C:\Users\mainh\OneDrive\Attachments\Máy tính\facial-emotion-viz\data\raw\disgust\reg_img100 (13).jpg,disgust
C:\Users\mainh\OneDrive\Attachments\Máy tính\facial-emotion-viz\data\raw\disgust\reg_img127 (7).jpg,disgust
C:\Users\mainh\OneDrive\Attachments\Máy tính\facial-emotion-viz\data\raw\repression\reg_img86 (12).jpg,repression
C:\Users\mainh\OneDrive\Attachments\Máy tính\facial-emotion-viz\data\raw\repression\reg_img56 (5).jpg,repression
C:\Users\mainh\OneDrive\Attachments\Máy tính\facial-emotion-viz\data\raw\surprise\reg_img32 (6).jpg,surprise
C:\Users\mainh\OneDrive\Attachments\Máy tính\facial-emotion-viz\data\raw\surprise\reg_img59 (10).jpg,surprise
C:\Users\mainh\OneDrive\Attachments\Máy tính\facial-emotion-viz\data\raw\sadness\reg_img59 (3).jpg,sadness
C:\Users\mainh\OneDrive\Attachments\Máy tính\facial-emotion-viz\data\raw\happiness\reg_img58 (11).jpg,happiness
C:\Users\mainh\OneDrive\Attachments\Máy tính\facial-emotion-viz\data\raw\repression\reg_img117 (5).jpg,repression
C:\Users\mainh\OneDrive\Attachments\Máy tính\facial-emotion-viz\data\raw\disgust\reg_img89 (29).jpg,disgust
C:\Users\mainh\OneDrive\Attachments\Máy tính\facial-emotion-viz\data\raw\surprise\reg_img160 (2).jpg,surprise
C:\Users\mainh\OneDrive\Attachments\Máy tính\facial-emotion-viz\data\raw\repression\reg_img149 (8).jpg,repression
C:\Users\mainh\OneDrive\Attachments\Máy tính\facial-emotion-viz\data\raw\surprise\reg_img28 (3).jpg,surprise
C:\Users\mainh\OneDrive\Attachments\Máy tính\facial-emotion-viz\data\raw\disgust\reg_img45 (25).jpg,disgust
C:\Users\mainh\OneDrive\Attachments\Máy tính\facial-emotion-viz\data\raw\repression\reg_img134 (3).jpg,repression
C:\Users\mainh\OneDrive\Attachments\Máy tính\facial-emotion-viz\data\raw\happiness\reg_img239.jpg,happiness
C:\Users\mainh\OneDrive\Attachments\Máy tính\facial-emotion-viz\data\raw\surprise\reg_img134 (4).jpg,surprise
C:\Users\mainh\OneDrive\Attachments\Máy tính\facial-emotion-viz\data\raw\repression\reg_img116 (8).jpg,repression
C:\Users\mainh\OneDrive\Attachments\Máy tính\facial-emotion-viz\data\raw\repression\reg_img88 (10).jpg,repression
C:\Users\mainh\OneDrive\Attachments\Máy tính\facial-emotion-viz\data\raw\sadness\reg_img68.jpg,sadness
C:\Users\mainh\OneDrive\Attachments\Máy tính\facial-emotion-viz\data\raw\disgust\reg_img90 (39).jpg,disgust
C:\Users\mainh\OneDrive\Attachments\Máy tính\facial-emotion-viz\data\raw\disgust\reg_img179 (4).jpg,disgust
C:\Users\mainh\OneDrive\Attachments\Máy tính\facial-emotion-viz\data\raw\happiness\reg_img63 (11).jpg,happiness
C:\Users\mainh\OneDrive\Attachments\Máy tính\facial-emotion-viz\data\raw\disgust\reg_img46 (12).jpg,disgust
C:\Users\mainh\OneDrive\Attachments\Máy tính\facial-emotion-viz\data\raw\surprise\reg_img73 (2).jpg,surprise
C:\Users\mainh\OneDrive\Attachments\Máy tính\facial-emotion-viz\data\raw\surprise\reg_img120 (8).jpg,surprise
C:\Users\mainh\OneDrive\Attachments\Máy tính\facial-emotion-viz\data\raw\disgust\reg_img84 (2).jpg,disgust
C:\Users\mainh\OneDrive\Attachments\Máy tính\facial-emotion-viz\data\raw\disgust\reg_img87 (28).jpg,disgust
C:\Users\mainh\OneDrive\Attachments\Máy tính\facial-emotion-viz\data\raw\repression\reg_img92.jpg,repression
C:\Users\mainh\OneDrive\Attachments\Máy tính\facial-emotion-viz\data\raw\repression\reg_img164 (4).jpg,repression
C:\Users\mainh\OneDrive\Attachments\Máy tính\facial-emotion-viz\data\raw\happiness\reg_img65 (9).jpg,happiness
C:\Users\mainh\OneDrive\Attachments\Máy tính\facial-emotion-viz\data\raw\repression\reg_img125 (6).jpg,repression
C:\Users\mainh\OneDrive\Attachments\Máy tính\facial-emotion-viz\data\raw\surprise\reg_img127 (7).jpg,surprise
C:\Users\mainh\OneDrive\Attachments\Máy tính\facial-emotion-viz\data\raw\sadness\reg_img56 (3).jpg,sadness
C:\Users\mainh\OneDrive\Attachments\Máy tính\facial-emotion-viz\data\raw\disgust\reg_img404.jpg,disgust
C:\Users\mainh\OneDrive\Attachments\Máy tính\facial-emotion-viz\data\raw\repression\reg_img41 (8).jpg,repression
C:\Users\mainh\OneDrive\Attachments\Máy tính\facial-emotion-viz\data\raw\happiness\reg_img177 (2).jpg,happiness
C:\Users\mainh\OneDrive\Attachments\Máy tính\facial-emotion-viz\data\raw\surprise\reg_img68 (13).jpg,surprise
C:\Users\mainh\OneDrive\Attachments\Máy tính\facial-emotion-viz\data\raw\repression\reg_img134 (13).jpg,repression
C:\Users\mainh\OneDrive\Attachments\Máy tính\facial-emotion-viz\data\raw\disgust\reg_img14 (5).jpg,disgust
C:\Users\mainh\OneDrive\Attachments\Máy tính\facial-emotion-viz\data\raw\disgust\reg_img41 (16).jpg,disgust
C:\Users\mainh\OneDrive\Attachments\Máy tính\facial-emotion-viz\data\raw\disgust\reg_img91 (37).jpg,disgust
C:\Users\mainh\OneDrive\Attachments\Máy tính\facial-emotion-viz\data\raw\disgust\reg_img306.jpg,disgust
C:\Users\mainh\OneDrive\Attachments\Máy tính\facial-emotion-viz\data\raw\happiness\reg_img46 (14).jpg,happiness
C:\Users\mainh\OneDrive\Attachments\Máy tính\facial-emotion-viz\data\raw\repression\reg_img149 (2).jpg,repression
C:\Users\mainh\OneDrive\Attachments\Máy tính\facial-emotion-viz\data\raw\happiness\reg_img76 (2).jpg,happiness
C:\Users\mainh\OneDrive\Attachments\Máy tính\facial-emotion-viz\data\raw\sadness\reg_img346 (2).jpg,sadness
C:\Users\mainh\OneDrive\Attachments\Máy tính\facial-emotion-viz\data\raw\repression\reg_img172 (7).jpg,repression
C:\Users\mainh\OneDrive\Attachments\Máy tính\facial-emotion-viz\data\raw\repression\reg_img45 (5).jpg,repression
C:\Users\mainh\OneDrive\Attachments\Máy tính\facial-emotion-viz\data\raw\happiness\reg_img147 (5).jpg,happiness
C:\Users\mainh\OneDrive\Attachments\Máy tính\facial-emotion-viz\data\raw\happiness\reg_img151 (2).jpg,happiness
C:\Users\mainh\OneDrive\Attachments\Máy tính\facial-emotion-viz\data\raw\sadness\reg_img58 (2).jpg,sadness
C:\Users\mainh\OneDrive\Attachments\Máy tính\facial-emotion-viz\data\raw\happiness\reg_img102 (15).jpg,happiness
C:\Users\mainh\OneDrive\Attachments\Máy tính\facial-emotion-viz\data\raw\surprise\reg_img24 (2).jpg,surprise
C:\Users\mainh\OneDrive\Attachments\Máy tính\facial-emotion-viz\data\raw\disgust\reg_img56 (21).jpg,disgust
C:\Users\mainh\OneDrive\Attachments\Máy tính\facial-emotion-viz\data\raw\repression\reg_img90 (12).jpg,repression
C:\Users\mainh\OneDrive\Attachments\Máy tính\facial-emotion-viz\data\raw\happiness\reg_img219 (2).jpg,happiness
C:\Users\mainh\OneDrive\Attachments\Máy tính\facial-emotion-viz\data\raw\disgust\reg_img85 (22).jpg,disgust
C:\Users\mainh\OneDrive\Attachments\Máy tính\facial-emotion-viz\data\raw\surprise\reg_img133 (3).jpg,surprise
C:\Users\mainh\OneDrive\Attachments\Máy tính\facial-emotion-viz\data\raw\disgust\reg_img190 (3).jpg,disgust
C:\Users\mainh\OneDrive\Attachments\Máy tính\facial-emotion-viz\data\raw\repression\reg_img97 (12).jpg,repression
C:\Users\mainh\OneDrive\Attachments\Máy tính\facial-emotion-viz\data\raw\disgust\reg_img123 (12).jpg,disgust
C:\Users\mainh\OneDrive\Attachments\Máy tính\facial-emotion-viz\data\raw\surprise\reg_img183.jpg,surprise
C:\Users\mainh\OneDrive\Attachments\Máy tính\facial-emotion-viz\data\raw\surprise\reg_img16 (3).jpg,surprise
C:\Users\mainh\OneDrive\Attachments\Máy tính\facial-emotion-viz\data\raw\repression\reg_img55 (4).jpg,repression
C:\Users\mainh\OneDrive\Attachments\Máy tính\facial-emotion-viz\data\raw\surprise\reg_img23 (5).jpg,surprise
C:\Users\mainh\OneDrive\Attachments\Máy tính\facial-emotion-viz\data\raw\surprise\reg_img11 (2).jpg,surprise
C:\Users\mainh\OneDrive\Attachments\Máy tính\facial-emotion-viz\data\raw\disgust\reg_img102 (21).jpg,disgust
C:\Users\mainh\OneDrive\Attachments\Máy tính\facial-emotion-viz\data\raw\repression\reg_img36 (5).jpg,repression
C:\Users\mainh\OneDrive\Attachments\Máy tính\facial-emotion-viz\data\raw\repression\reg_img32 (2).jpg,repression
C:\Users\mainh\OneDrive\Attachments\Máy tính\facial-emotion-viz\data\raw\surprise\reg_img62 (5).jpg,surprise
C:\Users\mainh\OneDrive\Attachments\Máy tính\facial-emotion-viz\data\raw\surprise\reg_img90 (6).jpg,surprise
C:\Users\mainh\OneDrive\Attachments\Máy tính\facial-emotion-viz\data\raw\repression\reg_img103 (6).jpg,repression
C:\Users\mainh\OneDrive\Attachments\Máy tính\facial-emotion-viz\data\raw\happiness\reg_img84 (11).jpg,happiness
C:\Users\mainh\OneDrive\Attachments\Máy tính\facial-emotion-viz\data\raw\repression\reg_img73 (4).jpg,repression
C:\Users\mainh\OneDrive\Attachments\Máy tính\facial-emotion-viz\data\raw\repression\reg_img191 (4).jpg,repression
C:\Users\mainh\OneDrive\Attachments\Máy tính\facial-emotion-viz\data\raw\happiness\reg_img68 (6).jpg,happiness
C:\Users\mainh\OneDrive\Attachments\Máy tính\facial-emotion-viz\data\raw\disgust\reg_img99 (10).jpg,disgust
C:\Users\mainh\OneDrive\Attachments\Máy tính\facial-emotion-viz\data\raw\surprise\reg_img101 (2).jpg,surprise
C:\Users\mainh\OneDrive\Attachments\Máy tính\facial-emotion-viz\data\raw\happiness\reg_img40 (15).jpg,happiness
C:\Users\mainh\OneDrive\Attachments\Máy tính\facial-emotion-viz\data\raw\disgust\reg_img97 (30).jpg,disgust
C:\Users\mainh\OneDrive\Attachments\Máy tính\facial-emotion-viz\data\raw\disgust\reg_img129 (13).jpg,disgust
C:\Users\mainh\OneDrive\Attachments\Máy tính\facial-emotion-viz\data\raw\surprise\reg_img103.jpg,surprise
C:\Users\mainh\OneDrive\Attachments\Máy tính\facial-emotion-viz\data\raw\happiness\reg_img37 (6).jpg,happiness
C:\Users\mainh\OneDrive\Attachments\Máy tính\facial-emotion-viz\data\raw\disgust\reg_img82 (8).jpg,disgust
C:\Users\mainh\OneDrive\Attachments\Máy tính\facial-emotion-viz\data\raw\happiness\reg_img52 (2).jpg,happiness
C:\Users\mainh\OneDrive\Attachments\Máy tính\facial-emotion-viz\data\raw\disgust\reg_img65 (23).jpg,disgust
C:\Users\mainh\OneDrive\Attachments\Máy tính\facial-emotion-viz\data\raw\surprise\reg_img150 (7).jpg,surprise
C:\Users\mainh\OneDrive\Attachments\Máy tính\facial-emotion-viz\data\raw\disgust\reg_img119 (3).jpg,disgust
C:\Users\mainh\OneDrive\Attachments\Máy tính\facial-emotion-viz\data\raw\disgust\reg_img24 (9).jpg,disgust
C:\Users\mainh\OneDrive\Attachments\Máy tính\facial-emotion-viz\data\raw\happiness\reg_img91 (20).jpg,happiness
C:\Users\mainh\OneDrive\Attachments\Máy tính\facial-emotion-viz\data\raw\surprise\reg_img89 (7).jpg,surprise
C:\Users\mainh\OneDrive\Attachments\Máy tính\facial-emotion-viz\data\raw\surprise\reg_img42 (8).jpg,surprise
C:\Users\mainh\OneDrive\Attachments\Máy tính\facial-emotion-viz\data\raw\happiness\reg_img113 (10).jpg,happiness
C:\Users\mainh\OneDrive\Attachments\Máy tính\facial-emotion-viz\data\raw\disgust\reg_img130 (22).jpg,disgust
C:\Users\mainh\OneDrive\Attachments\Máy tính\facial-emotion-viz\data\raw\disgust\reg_img101 (16).jpg,disgust
C:\Users\mainh\OneDrive\Attachments\Máy tính\facial-emotion-viz\data\raw\happiness\reg_img82 (16).jpg,happiness
C:\Users\mainh\OneDrive\Attachments\Máy tính\facial-emotion-viz\data\raw\surprise\reg_img103 (2).jpg,surprise
C:\Users\mainh\OneDrive\Attachments\Máy tính\facial-emotion-viz\data\raw\disgust\reg_img73 (9).jpg,disgust
C:\Users\mainh\OneDrive\Attachments\Máy tính\facial-emotion-viz\data\raw\repression\reg_img152 (7).jpg,repression
C:\Users\mainh\OneDrive\Attachments\Máy tính\facial-emotion-viz\data\raw\disgust\reg_img113 (8).jpg,disgust
C:\Users\mainh\OneDrive\Attachments\Máy tính\facial-emotion-viz\data\raw\disgust\reg_img389.jpg,disgust
C:\Users\mainh\OneDrive\Attachments\Máy tính\facial-emotion-viz\data\raw\disgust\reg_img145 (12).jpg,disgust
C:\Users\mainh\OneDrive\Attachments\Máy tính\facial-emotion-viz\data\raw\happiness\reg_img96 (18).jpg,happiness
C:\Users\mainh\OneDrive\Attachments\Máy tính\facial-emotion-viz\data\raw\repression\reg_img159.jpg,repression
C:\Users\mainh\OneDrive\Attachments\Máy tính\facial-emotion-viz\data\raw\surprise\reg_img129 (2).jpg,surprise
C:\Users\mainh\OneDrive\Attachments\Máy tính\facial-emotion-viz\data\raw\happiness\reg_img163 (3).jpg,happiness
C:\Users\mainh\OneDrive\Attachments\Máy tính\facial-emotion-viz\data\raw\repression\reg_img190 (4).jpg,repression
C:\Users\mainh\OneDrive\Attachments\Máy tính\facial-emotion-viz\data\raw\happiness\reg_img87 (7).jpg,happiness
C:\Users\mainh\OneDrive\Attachments\Máy tính\facial-emotion-viz\data\raw\happiness\reg_img89 (9).jpg,happiness
C:\Users\mainh\OneDrive\Attachments\Máy tính\facial-emotion-viz\data\raw\disgust\reg_img59 (28).jpg,disgust
C:\Users\mainh\OneDrive\Attachments\Máy tính\facial-emotion-viz\data\raw\repression\reg_img108 (6).jpg,repression
C:\Users\mainh\OneDrive\Attachments\Máy tính\facial-emotion-viz\data\raw\happiness\reg_img91 (10).jpg,happiness
C:\Users\mainh\OneDrive\Attachments\Máy tính\facial-emotion-viz\data\raw\repression\reg_img121 (2).jpg,repression
C:\Users\mainh\OneDrive\Attachments\Máy tính\facial-emotion-viz\data\raw\happiness\reg_img72 (4).jpg,happiness
C:\Users\mainh\OneDrive\Attachments\Máy tính\facial-emotion-viz\data\raw\happiness\reg_img33 (7).jpg,happiness
C:\Users\mainh\OneDrive\Attachments\Máy tính\facial-emotion-viz\data\raw\disgust\reg_img86 (29).jpg,disgust
C:\Users\mainh\OneDrive\Attachments\Máy tính\facial-emotion-viz\data\raw\disgust\reg_img362.jpg,disgust
C:\Users\mainh\OneDrive\Attachments\Máy tính\facial-emotion-viz\data\raw\disgust\reg_img82 (20).jpg,disgust
C:\Users\mainh\OneDrive\Attachments\Máy tính\facial-emotion-viz\data\raw\sadness\reg_img331.jpg,sadness
C:\Users\mainh\OneDrive\Attachments\Máy tính\facial-emotion-viz\data\raw\disgust\reg_img109 (14).jpg,disgust
C:\Users\mainh\OneDrive\Attachments\Máy tính\facial-emotion-viz\data\raw\repression\reg_img37 (10).jpg,repression
C:\Users\mainh\OneDrive\Attachments\Máy tính\facial-emotion-viz\data\raw\repression\reg_img120 (12).jpg,repression
C:\Users\mainh\OneDrive\Attachments\Máy tính\facial-emotion-viz\data\raw\happiness\reg_img95 (9).jpg,happiness
C:\Users\mainh\OneDrive\Attachments\Máy tính\facial-emotion-viz\data\raw\happiness\reg_img58 (17).jpg,happiness
C:\Users\mainh\OneDrive\Attachments\Máy tính\facial-emotion-viz\data\raw\repression\reg_img136.jpg,repression
C:\Users\mainh\OneDrive\Attachments\Máy tính\facial-emotion-viz\data\raw\happiness\reg_img105 (15).jpg,happiness
C:\Users\mainh\OneDrive\Attachments\Máy tính\facial-emotion-viz\data\raw\repression\reg_img61 (3).jpg,repression
C:\Users\mainh\OneDrive\Attachments\Máy tính\facial-emotion-viz\data\raw\disgust\reg_img154 (11).jpg,disgust
C:\Users\mainh\OneDrive\Attachments\Máy tính\facial-emotion-viz\data\raw\happiness\reg_img49 (13).jpg,happiness
C:\Users\mainh\OneDrive\Attachments\Máy tính\facial-emotion-viz\data\raw\repression\reg_img132 (11).jpg,repression
C:\Users\mainh\OneDrive\Attachments\Máy tính\facial-emotion-viz\data\raw\disgust\reg_img191.jpg,disgust
C:\Users\mainh\OneDrive\Attachments\Máy tính\facial-emotion-viz\data\raw\disgust\reg_img22 (6).jpg,disgust
C:\Users\mainh\OneDrive\Attachments\Máy tính\facial-emotion-viz\data\raw\repression\reg_img66 (7).jpg,repression
C:\Users\mainh\OneDrive\Attachments\Máy tính\facial-emotion-viz\data\raw\disgust\reg_img52 (8).jpg,disgust
C:\Users\mainh\OneDrive\Attachments\Máy tính\facial-emotion-viz\data\raw\happiness\reg_img74 (8).jpg,happiness
C:\Users\mainh\OneDrive\Attachments\Máy tính\facial-emotion-viz\data\raw\disgust\reg_img121 (14).jpg,disgust
C:\Users\mainh\OneDrive\Attachments\Máy tính\facial-emotion-viz\data\raw\happiness\reg_img100 (16).jpg,happiness
C:\Users\mainh\OneDrive\Attachments\Máy tính\facial-emotion-viz\data\raw\repression\reg_img120 (14).jpg,repression
C:\Users\mainh\OneDrive\Attachments\Máy tính\facial-emotion-viz\data\raw\disgust\reg_img303.jpg,disgust
C:\Users\mainh\OneDrive\Attachments\Máy tính\facial-emotion-viz\data\raw\disgust\reg_img85 (15).jpg,disgust
C:\Users\mainh\OneDrive\Attachments\Máy tính\facial-emotion-viz\data\raw\sadness\reg_img350.jpg,sadness
C:\Users\mainh\OneDrive\Attachments\Máy tính\facial-emotion-viz\data\raw\disgust\reg_img116 (23).jpg,disgust
C:\Users\mainh\OneDrive\Attachments\Máy tính\facial-emotion-viz\data\raw\happiness\reg_img121 (16).jpg,happiness
C:\Users\mainh\OneDrive\Attachments\Máy tính\facial-emotion-viz\data\raw\repression\reg_img75 (13).jpg,repression
C:\Users\mainh\OneDrive\Attachments\Máy tính\facial-emotion-viz\data\raw\repression\reg_img54 (13).jpg,repression
C:\Users\mainh\OneDrive\Attachments\Máy tính\facial-emotion-viz\data\raw\happiness\reg_img113 (3).jpg,happiness
C:\Users\mainh\OneDrive\Attachments\Máy tính\facial-emotion-viz\data\raw\surprise\reg_img69 (9).jpg,surprise
C:\Users\mainh\OneDrive\Attachments\Máy tính\facial-emotion-viz\data\raw\disgust\reg_img110 (28).jpg,disgust
C:\Users\mainh\OneDrive\Attachments\Máy tính\facial-emotion-viz\data\raw\happiness\reg_img122 (11).jpg,happiness
C:\Users\mainh\OneDrive\Attachments\Máy tính\facial-emotion-viz\data\raw\surprise\reg_img56 (5).jpg,surprise
C:\Users\mainh\OneDrive\Attachments\Máy tính\facial-emotion-viz\data\raw\disgust\reg_img146 (11).jpg,disgust
C:\Users\mainh\OneDrive\Attachments\Máy tính\facial-emotion-viz\data\raw\happiness\reg_img56 (4).jpg,happiness
C:\Users\mainh\OneDrive\Attachments\Máy tính\facial-emotion-viz\data\raw\disgust\reg_img76 (4).jpg,disgust
C:\Users\mainh\OneDrive\Attachments\Máy tính\facial-emotion-viz\data\raw\disgust\reg_img33 (7).jpg,disgust
C:\Users\mainh\OneDrive\Attachments\Máy tính\facial-emotion-viz\data\raw\happiness\reg_img85 (18).jpg,happiness
C:\Users\mainh\OneDrive\Attachments\Máy tính\facial-emotion-viz\data\raw\surprise\reg_img54 (6).jpg,surprise
C:\Users\mainh\OneDrive\Attachments\Máy tính\facial-emotion-viz\data\raw\disgust\reg_img104 (16).jpg,disgust
C:\Users\mainh\OneDrive\Attachments\Máy tính\facial-emotion-viz\data\raw\repression\reg_img126 (8).jpg,repression
C:\Users\mainh\OneDrive\Attachments\Máy tính\facial-emotion-viz\data\raw\repression\reg_img33 (3).jpg,repression
C:\Users\mainh\OneDrive\Attachments\Máy tính\facial-emotion-viz\data\raw\surprise\reg_img144 (7).jpg,surprise
C:\Users\mainh\OneDrive\Attachments\Máy tính\facial-emotion-viz\data\raw\disgust\reg_img64 (3).jpg,disgust
C:\Users\mainh\OneDrive\Attachments\Máy tính\facial-emotion-viz\data\raw\happiness\reg_img64.jpg,happiness
C:\Users\mainh\OneDrive\Attachments\Máy tính\facial-emotion-viz\data\raw\surprise\reg_img130 (3).jpg,surprise
C:\Users\mainh\OneDrive\Attachments\Máy tính\facial-emotion-viz\data\raw\happiness\reg_img48 (3).jpg,happiness
C:\Users\mainh\OneDrive\Attachments\Máy tính\facial-emotion-viz\data\raw\surprise\reg_img146 (2).jpg,surprise
C:\Users\mainh\OneDrive\Attachments\Máy tính\facial-emotion-viz\data\raw\disgust\reg_img34 (14).jpg,disgust
C:\Users\mainh\OneDrive\Attachments\Máy tính\facial-emotion-viz\data\raw\surprise\reg_img57 (3).jpg,surprise
C:\Users\mainh\OneDrive\Attachments\Máy tính\facial-emotion-viz\data\raw\disgust\reg_img68 (8).jpg,disgust
C:\Users\mainh\OneDrive\Attachments\Máy tính\facial-emotion-viz\data\raw\disgust\reg_img128 (18).jpg,disgust
C:\Users\mainh\OneDrive\Attachments\Máy tính\facial-emotion-viz\data\raw\disgust\reg_img89 (2).jpg,disgust
C:\Users\mainh\OneDrive\Attachments\Máy tính\facial-emotion-viz\data\raw\surprise\reg_img128 (6).jpg,surprise
C:\Users\mainh\OneDrive\Attachments\Máy tính\facial-emotion-viz\data\raw\surprise\reg_img81.jpg,surprise
C:\Users\mainh\OneDrive\Attachments\Máy tính\facial-emotion-viz\data\raw\repression\reg_img251.jpg,repression
C:\Users\mainh\OneDrive\Attachments\Máy tính\facial-emotion-viz\data\raw\repression\reg_img119 (12).jpg,repression
C:\Users\mainh\OneDrive\Attachments\Máy tính\facial-emotion-viz\data\raw\repression\reg_img60 (3).jpg,repression
C:\Users\mainh\OneDrive\Attachments\Máy tính\facial-emotion-viz\data\raw\repression\reg_img128 (6).jpg,repression
C:\Users\mainh\OneDrive\Attachments\Máy tính\facial-emotion-viz\data\raw\happiness\reg_img37 (5).jpg,happiness
C:\Users\mainh\OneDrive\Attachments\Máy tính\facial-emotion-viz\data\raw\happiness\reg_img81 (13).jpg,happiness
C:\Users\mainh\OneDrive\Attachments\Máy tính\facial-emotion-viz\data\raw\surprise\reg_img175 (2).jpg,surprise
C:\Users\mainh\OneDrive\Attachments\Máy tính\facial-emotion-viz\data\raw\surprise\reg_img97 (9).jpg,surprise
C:\Users\mainh\OneDrive\Attachments\Máy tính\facial-emotion-viz\data\raw\disgust\reg_img65 (15).jpg,disgust
C:\Users\mainh\OneDrive\Attachments\Máy tính\facial-emotion-viz\data\raw\disgust\reg_img104 (31).jpg,disgust
C:\Users\mainh\OneDrive\Attachments\Máy tính\facial-emotion-viz\data\raw\happiness\reg_img124 (4).jpg,happiness
C:\Users\mainh\OneDrive\Attachments\Máy tính\facial-emotion-viz\data\raw\surprise\reg_img104 (4).jpg,surprise
C:\Users\mainh\OneDrive\Attachments\Máy tính\facial-emotion-viz\data\raw\happiness\reg_img173 (2).jpg,happiness
C:\Users\mainh\OneDrive\Attachments\Máy tính\facial-emotion-viz\data\raw\repression\reg_img122 (5).jpg,repression
C:\Users\mainh\OneDrive\Attachments\Máy tính\facial-emotion-viz\data\raw\disgust\reg_img111 (2).jpg,disgust
C:\Users\mainh\OneDrive\Attachments\Máy tính\facial-emotion-viz\data\raw\fear\reg_img115.jpg,fear
C:\Users\mainh\OneDrive\Attachments\Máy tính\facial-emotion-viz\data\raw\repression\reg_img145 (3).jpg,repression
C:\Users\mainh\OneDrive\Attachments\Máy tính\facial-emotion-viz\data\raw\repression\reg_img53 (3).jpg,repression
C:\Users\mainh\OneDrive\Attachments\Máy tính\facial-emotion-viz\data\raw\disgust\reg_img122 (11).jpg,disgust
C:\Users\mainh\OneDrive\Attachments\Máy tính\facial-emotion-viz\data\raw\surprise\reg_img178.jpg,surprise
C:\Users\mainh\OneDrive\Attachments\Máy tính\facial-emotion-viz\data\raw\disgust\reg_img88 (36).jpg,disgust
C:\Users\mainh\OneDrive\Attachments\Máy tính\facial-emotion-viz\data\raw\disgust\reg_img118 (3).jpg,disgust
C:\Users\mainh\OneDrive\Attachments\Máy tính\facial-emotion-viz\data\raw\disgust\reg_img96 (7).jpg,disgust
C:\Users\mainh\OneDrive\Attachments\Máy tính\facial-emotion-viz\data\raw\repression\reg_img166 (8).jpg,repression
C:\Users\mainh\OneDrive\Attachments\Máy tính\facial-emotion-viz\data\raw\disgust\reg_img294.jpg,disgust
C:\Users\mainh\OneDrive\Attachments\Máy tính\facial-emotion-viz\data\raw\surprise\reg_img24 (6).jpg,surprise
C:\Users\mainh\OneDrive\Attachments\Máy tính\facial-emotion-viz\data\raw\happiness\reg_img101 (20).jpg,happiness
C:\Users\mainh\OneDrive\Attachments\Máy tính\facial-emotion-viz\data\raw\repression\reg_img64 (4).jpg,repression
C:\Users\mainh\OneDrive\Attachments\Máy tính\facial-emotion-viz\data\raw\repression\reg_img57 (9).jpg,repression
C:\Users\mainh\OneDrive\Attachments\Máy tính\facial-emotion-viz\data\raw\sadness\reg_img21.jpg,sadness
C:\Users\mainh\OneDrive\Attachments\Máy tính\facial-emotion-viz\data\raw\disgust\reg_img189 (2).jpg,disgust
C:\Users\mainh\OneDrive\Attachments\Máy tính\facial-emotion-viz\data\raw\disgust\reg_img148 (6).jpg,disgust
C:\Users\mainh\OneDrive\Attachments\Máy tính\facial-emotion-viz\data\raw\sadness\reg_img374.jpg,sadness
C:\Users\mainh\OneDrive\Attachments\Máy tính\facial-emotion-viz\data\raw\happiness\reg_img90 (17).jpg,happiness
C:\Users\mainh\OneDrive\Attachments\Máy tính\facial-emotion-viz\data\raw\happiness\reg_img155 (2).jpg,happiness
C:\Users\mainh\OneDrive\Attachments\Máy tính\facial-emotion-viz\data\raw\disgust\reg_img107 (27).jpg,disgust
C:\Users\mainh\OneDrive\Attachments\Máy tính\facial-emotion-viz\data\raw\repression\reg_img73 (8).jpg,repression
C:\Users\mainh\OneDrive\Attachments\Máy tính\facial-emotion-viz\data\raw\surprise\reg_img83 (15).jpg,surprise
C:\Users\mainh\OneDrive\Attachments\Máy tính\facial-emotion-viz\data\raw\disgust\reg_img116 (12).jpg,disgust
C:\Users\mainh\OneDrive\Attachments\Máy tính\facial-emotion-viz\data\raw\surprise\reg_img61 (6).jpg,surprise
C:\Users\mainh\OneDrive\Attachments\Máy tính\facial-emotion-viz\data\raw\disgust\reg_img438.jpg,disgust
C:\Users\mainh\OneDrive\Attachments\Máy tính\facial-emotion-viz\data\raw\disgust\reg_img103 (17).jpg,disgust
C:\Users\mainh\OneDrive\Attachments\Máy tính\facial-emotion-viz\data\raw\repression\reg_img28 (8).jpg,repression
C:\Users\mainh\OneDrive\Attachments\Máy tính\facial-emotion-viz\data\raw\happiness\reg_img192 (2).jpg,happiness
C:\Users\mainh\OneDrive\Attachments\Máy tính\facial-emotion-viz\data\raw\happiness\reg_img224.jpg,happiness
C:\Users\mainh\OneDrive\Attachments\Máy tính\facial-emotion-viz\data\raw\disgust\reg_img75 (16).jpg,disgust
C:\Users\mainh\OneDrive\Attachments\Máy tính\facial-emotion-viz\data\raw\repression\reg_img115 (15).jpg,repression
C:\Users\mainh\OneDrive\Attachments\Máy tính\facial-emotion-viz\data\raw\surprise\reg_img85 (3).jpg,surprise
C:\Users\mainh\OneDrive\Attachments\Máy tính\facial-emotion-viz\data\raw\surprise\reg_img29 (3).jpg,surprise
C:\Users\mainh\OneDrive\Attachments\Máy tính\facial-emotion-viz\data\raw\repression\reg_img55 (14).jpg,repression
C:\Users\mainh\OneDrive\Attachments\Máy tính\facial-emotion-viz\data\raw\surprise\reg_img63 (2).jpg,surprise
C:\Users\mainh\OneDrive\Attachments\Máy tính\facial-emotion-viz\data\raw\happiness\reg_img144 (6).jpg,happiness
C:\Users\mainh\OneDrive\Attachments\Máy tính\facial-emotion-viz\data\raw\repression\reg_img94 (10).jpg,repression
C:\Users\mainh\OneDrive\Attachments\Máy tính\facial-emotion-viz\data\raw\repression\reg_img52.jpg,repression
C:\Users\mainh\OneDrive\Attachments\Máy tính\facial-emotion-viz\data\raw\disgust\reg_img112 (3).jpg,disgust
C:\Users\mainh\OneDrive\Attachments\Máy tính\facial-emotion-viz\data\raw\surprise\reg_img146 (6).jpg,surprise
C:\Users\mainh\OneDrive\Attachments\Máy tính\facial-emotion-viz\data\raw\happiness\reg_img94 (3).jpg,happiness
C:\Users\mainh\OneDrive\Attachments\Máy tính\facial-emotion-viz\data\raw\disgust\reg_img92 (25).jpg,disgust
C:\Users\mainh\OneDrive\Attachments\Máy tính\facial-emotion-viz\data\raw\repression\reg_img163 (4).jpg,repression
C:\Users\mainh\OneDrive\Attachments\Máy tính\facial-emotion-viz\data\raw\surprise\reg_img43 (9).jpg,surprise
C:\Users\mainh\OneDrive\Attachments\Máy tính\facial-emotion-viz\data\raw\happiness\reg_img225.jpg,happiness
C:\Users\mainh\OneDrive\Attachments\Máy tính\facial-emotion-viz\data\raw\repression\reg_img94 (8).jpg,repression
C:\Users\mainh\OneDrive\Attachments\Máy tính\facial-emotion-viz\data\raw\disgust\reg_img68 (10).jpg,disgust
C:\Users\mainh\OneDrive\Attachments\Máy tính\facial-emotion-viz\data\raw\surprise\reg_img61 (10).jpg,surprise
C:\Users\mainh\OneDrive\Attachments\Máy tính\facial-emotion-viz\data\raw\repression\reg_img112 (7).jpg,repression
C:\Users\mainh\OneDrive\Attachments\Máy tính\facial-emotion-viz\data\raw\happiness\reg_img105 (7).jpg,happiness
C:\Users\mainh\OneDrive\Attachments\Máy tính\facial-emotion-viz\data\raw\disgust\reg_img62 (5).jpg,disgust
C:\Users\mainh\OneDrive\Attachments\Máy tính\facial-emotion-viz\data\raw\happiness\reg_img115 (2).jpg,happiness
C:\Users\mainh\OneDrive\Attachments\Máy tính\facial-emotion-viz\data\raw\happiness\reg_img62 (20).jpg,happiness
C:\Users\mainh\OneDrive\Attachments\Máy tính\facial-emotion-viz\data\raw\disgust\reg_img76 (29).jpg,disgust
C:\Users\mainh\OneDrive\Attachments\Máy tính\facial-emotion-viz\data\raw\happiness\reg_img193 (2).jpg,happiness
C:\Users\mainh\OneDrive\Attachments\Máy tính\facial-emotion-viz\data\raw\repression\reg_img100 (7).jpg,repression
C:\Users\mainh\OneDrive\Attachments\Máy tính\facial-emotion-viz\data\raw\disgust\reg_img85 (33).jpg,disgust
C:\Users\mainh\OneDrive\Attachments\Máy tính\facial-emotion-viz\data\raw\sadness\reg_img350 (2).jpg,sadness
C:\Users\mainh\OneDrive\Attachments\Máy tính\facial-emotion-viz\data\raw\repression\reg_img74 (2).jpg,repression
C:\Users\mainh\OneDrive\Attachments\Máy tính\facial-emotion-viz\data\raw\disgust\reg_img446.jpg,disgust
C:\Users\mainh\OneDrive\Attachments\Máy tính\facial-emotion-viz\data\raw\happiness\reg_img65 (10).jpg,happiness
C:\Users\mainh\OneDrive\Attachments\Máy tính\facial-emotion-viz\data\raw\repression\reg_img217 (2).jpg,repression
C:\Users\mainh\OneDrive\Attachments\Máy tính\facial-emotion-viz\data\raw\sadness\reg_img336.jpg,sadness
C:\Users\mainh\OneDrive\Attachments\Máy tính\facial-emotion-viz\data\raw\surprise\reg_img65 (11).jpg,surprise
C:\Users\mainh\OneDrive\Attachments\Máy tính\facial-emotion-viz\data\raw\disgust\reg_img60 (5).jpg,disgust
C:\Users\mainh\OneDrive\Attachments\Máy tính\facial-emotion-viz\data\raw\happiness\reg_img89 (21).jpg,happiness
C:\Users\mainh\OneDrive\Attachments\Máy tính\facial-emotion-viz\data\raw\disgust\reg_img50 (12).jpg,disgust
C:\Users\mainh\OneDrive\Attachments\Máy tính\facial-emotion-viz\data\raw\happiness\reg_img82 (23).jpg,happiness
C:\Users\mainh\OneDrive\Attachments\Máy tính\facial-emotion-viz\data\raw\happiness\reg_img94 (10).jpg,happiness
C:\Users\mainh\OneDrive\Attachments\Máy tính\facial-emotion-viz\data\raw\disgust\reg_img125 (7).jpg,disgust
C:\Users\mainh\OneDrive\Attachments\Máy tính\facial-emotion-viz\data\raw\sadness\reg_img35 (2).jpg,sadness
C:\Users\mainh\OneDrive\Attachments\Máy tính\facial-emotion-viz\data\raw\happiness\reg_img42 (11).jpg,happiness
C:\Users\mainh\OneDrive\Attachments\Máy tính\facial-emotion-viz\data\raw\happiness\reg_img121 (2).jpg,happiness
C:\Users\mainh\OneDrive\Attachments\Máy tính\facial-emotion-viz\data\raw\disgust\reg_img101 (9).jpg,disgust
C:\Users\mainh\OneDrive\Attachments\Máy tính\facial-emotion-viz\data\raw\disgust\reg_img370.jpg,disgust
C:\Users\mainh\OneDrive\Attachments\Máy tính\facial-emotion-viz\data\raw\disgust\reg_img91 (9).jpg,disgust
C:\Users\mainh\OneDrive\Attachments\Máy tính\facial-emotion-viz\data\raw\disgust\reg_img97 (21).jpg,disgust
C:\Users\mainh\OneDrive\Attachments\Máy tính\facial-emotion-viz\data\raw\disgust\reg_img24 (11).jpg,disgust
C:\Users\mainh\OneDrive\Attachments\Máy tính\facial-emotion-viz\data\raw\disgust\reg_img134 (17).jpg,disgust
C:\Users\mainh\OneDrive\Attachments\Máy tính\facial-emotion-viz\data\raw\repression\reg_img101 (3).jpg,repression
C:\Users\mainh\OneDrive\Attachments\Máy tính\facial-emotion-viz\data\raw\sadness\reg_img60.jpg,sadness
C:\Users\mainh\OneDrive\Attachments\Máy tính\facial-emotion-viz\data\raw\surprise\reg_img49 (5).jpg,surprise
C:\Users\mainh\OneDrive\Attachments\Máy tính\facial-emotion-viz\data\raw\surprise\reg_img27 (6).jpg,surprise
C:\Users\mainh\OneDrive\Attachments\Máy tính\facial-emotion-viz\data\raw\disgust\reg_img67 (33).jpg,disgust
C:\Users\mainh\OneDrive\Attachments\Máy tính\facial-emotion-viz\data\raw\disgust\reg_img94 (3).jpg,disgust
C:\Users\mainh\OneDrive\Attachments\Máy tính\facial-emotion-viz\data\raw\happiness\reg_img229 (2).jpg,happiness
C:\Users\mainh\OneDrive\Attachments\Máy tính\facial-emotion-viz\data\raw\disgust\reg_img83 (22).jpg,disgust
C:\Users\mainh\OneDrive\Attachments\Máy tính\facial-emotion-viz\data\raw\disgust\reg_img83 (26).jpg,disgust
C:\Users\mainh\OneDrive\Attachments\Máy tính\facial-emotion-viz\data\raw\disgust\reg_img79 (30).jpg,disgust
C:\Users\mainh\OneDrive\Attachments\Máy tính\facial-emotion-viz\data\raw\surprise\reg_img83 (8).jpg,surprise
C:\Users\mainh\OneDrive\Attachments\Máy tính\facial-emotion-viz\data\raw\sadness\reg_img97.jpg,sadness
C:\Users\mainh\OneDrive\Attachments\Máy tính\facial-emotion-viz\data\raw\disgust\reg_img96 (20).jpg,disgust
C:\Users\mainh\OneDrive\Attachments\Máy tính\facial-emotion-viz\data\raw\disgust\reg_img390.jpg,disgust
C:\Users\mainh\OneDrive\Attachments\Máy tính\facial-emotion-viz\data\raw\happiness\reg_img86 (9).jpg,happiness
C:\Users\mainh\OneDrive\Attachments\Máy tính\facial-emotion-viz\data\raw\surprise\reg_img40.jpg,surprise
C:\Users\mainh\OneDrive\Attachments\Máy tính\facial-emotion-viz\data\raw\surprise\reg_img91 (10).jpg,surprise
C:\Users\mainh\OneDrive\Attachments\Máy tính\facial-emotion-viz\data\raw\disgust\reg_img103 (37).jpg,disgust
C:\Users\mainh\OneDrive\Attachments\Máy tính\facial-emotion-viz\data\raw\disgust\reg_img42 (13).jpg,disgust
C:\Users\mainh\OneDrive\Attachments\Máy tính\facial-emotion-viz\data\raw\disgust\reg_img110 (6).jpg,disgust
C:\Users\mainh\OneDrive\Attachments\Máy tính\facial-emotion-viz\data\raw\disgust\reg_img66 (7).jpg,disgust
C:\Users\mainh\OneDrive\Attachments\Máy tính\facial-emotion-viz\data\raw\disgust\reg_img108 (11).jpg,disgust
C:\Users\mainh\OneDrive\Attachments\Máy tính\facial-emotion-viz\data\raw\disgust\reg_img95 (22).jpg,disgust
C:\Users\mainh\OneDrive\Attachments\Máy tính\facial-emotion-viz\data\raw\happiness\reg_img130.jpg,happiness
C:\Users\mainh\OneDrive\Attachments\Máy tính\facial-emotion-viz\data\raw\disgust\reg_img41 (20).jpg,disgust
C:\Users\mainh\OneDrive\Attachments\Máy tính\facial-emotion-viz\data\raw\surprise\reg_img95 (13).jpg,surprise
C:\Users\mainh\OneDrive\Attachments\Máy tính\facial-emotion-viz\data\raw\repression\reg_img135 (8).jpg,repression
C:\Users\mainh\OneDrive\Attachments\Máy tính\facial-emotion-viz\data\raw\happiness\reg_img41 (11).jpg,happiness
C:\Users\mainh\OneDrive\Attachments\Máy tính\facial-emotion-viz\data\raw\happiness\reg_img49 (17).jpg,happiness
C:\Users\mainh\OneDrive\Attachments\Máy tính\facial-emotion-viz\data\raw\repression\reg_img72 (7).jpg,repression
C:\Users\mainh\OneDrive\Attachments\Máy tính\facial-emotion-viz\data\raw\disgust\reg_img104 (6).jpg,disgust
C:\Users\mainh\OneDrive\Attachments\Máy tính\facial-emotion-viz\data\raw\disgust\reg_img358.jpg,disgust
C:\Users\mainh\OneDrive\Attachments\Máy tính\facial-emotion-viz\data\raw\surprise\reg_img74 (3).jpg,surprise
C:\Users\mainh\OneDrive\Attachments\Máy tính\facial-emotion-viz\data\raw\happiness\reg_img71 (2).jpg,happiness
C:\Users\mainh\OneDrive\Attachments\Máy tính\facial-emotion-viz\data\raw\repression\reg_img81 (10).jpg,repression
C:\Users\mainh\OneDrive\Attachments\Máy tính\facial-emotion-viz\data\raw\happiness\reg_img181 (2).jpg,happiness
C:\Users\mainh\OneDrive\Attachments\Máy tính\facial-emotion-viz\data\raw\happiness\reg_img92 (11).jpg,happiness
C:\Users\mainh\OneDrive\Attachments\Máy tính\facial-emotion-viz\data\raw\happiness\reg_img125 (7).jpg,happiness
C:\Users\mainh\OneDrive\Attachments\Máy tính\facial-emotion-viz\data\raw\happiness\reg_img139.jpg,happiness
C:\Users\mainh\OneDrive\Attachments\Máy tính\facial-emotion-viz\data\raw\disgust\reg_img99 (36).jpg,disgust
C:\Users\mainh\OneDrive\Attachments\Máy tính\facial-emotion-viz\data\raw\repression\reg_img181 (6).jpg,repression
C:\Users\mainh\OneDrive\Attachments\Máy tính\facial-emotion-viz\data\raw\disgust\reg_img39 (21).jpg,disgust
C:\Users\mainh\OneDrive\Attachments\Máy tính\facial-emotion-viz\data\raw\repression\reg_img62 (13).jpg,repression
C:\Users\mainh\OneDrive\Attachments\Máy tính\facial-emotion-viz\data\raw\disgust\reg_img102.jpg,disgust
C:\Users\mainh\OneDrive\Attachments\Máy tính\facial-emotion-viz\data\raw\disgust\reg_img38 (23).jpg,disgust
C:\Users\mainh\OneDrive\Attachments\Máy tính\facial-emotion-viz\data\raw\repression\reg_img63 (16).jpg,repression
C:\Users\mainh\OneDrive\Attachments\Máy tính\facial-emotion-viz\data\raw\repression\reg_img72 (16).jpg,repression
C:\Users\mainh\OneDrive\Attachments\Máy tính\facial-emotion-viz\data\raw\repression\reg_img82 (4).jpg,repression
C:\Users\mainh\OneDrive\Attachments\Máy tính\facial-emotion-viz\data\raw\disgust\reg_img98 (21).jpg,disgust
C:\Users\mainh\OneDrive\Attachments\Máy tính\facial-emotion-viz\data\raw\surprise\reg_img21 (3).jpg,surprise
C:\Users\mainh\OneDrive\Attachments\Máy tính\facial-emotion-viz\data\raw\surprise\reg_img72 (4).jpg,surprise
C:\Users\mainh\OneDrive\Attachments\Máy tính\facial-emotion-viz\data\raw\disgust\reg_img57 (22).jpg,disgust
C:\Users\mainh\OneDrive\Attachments\Máy tính\facial-emotion-viz\data\raw\disgust\reg_img142 (12).jpg,disgust
C:\Users\mainh\OneDrive\Attachments\Máy tính\facial-emotion-viz\data\raw\surprise\reg_img45 (9).jpg,surprise
C:\Users\mainh\OneDrive\Attachments\Máy tính\facial-emotion-viz\data\raw\happiness\reg_img147 (2).jpg,happiness
C:\Users\mainh\OneDrive\Attachments\Máy tính\facial-emotion-viz\data\raw\surprise\reg_img99 (3).jpg,surprise
C:\Users\mainh\OneDrive\Attachments\Máy tính\facial-emotion-viz\data\raw\disgust\reg_img86 (12).jpg,disgust
C:\Users\mainh\OneDrive\Attachments\Máy tính\facial-emotion-viz\data\raw\happiness\reg_img81 (3).jpg,happiness
C:\Users\mainh\OneDrive\Attachments\Máy tính\facial-emotion-viz\data\raw\surprise\reg_img124 (7).jpg,surprise
C:\Users\mainh\OneDrive\Attachments\Máy tính\facial-emotion-viz\data\raw\disgust\reg_img62 (14).jpg,disgust
C:\Users\mainh\OneDrive\Attachments\Máy tính\facial-emotion-viz\data\raw\disgust\reg_img80 (4).jpg,disgust
C:\Users\mainh\OneDrive\Attachments\Máy tính\facial-emotion-viz\data\raw\happiness\reg_img100 (13).jpg,happiness
C:\Users\mainh\OneDrive\Attachments\Máy tính\facial-emotion-viz\data\raw\repression\reg_img141 (8).jpg,repression
C:\Users\mainh\OneDrive\Attachments\Máy tính\facial-emotion-viz\data\raw\disgust\reg_img84 (20).jpg,disgust
C:\Users\mainh\OneDrive\Attachments\Máy tính\facial-emotion-viz\data\raw\disgust\reg_img55 (14).jpg,disgust
C:\Users\mainh\OneDrive\Attachments\Máy tính\facial-emotion-viz\data\raw\disgust\reg_img78 (10).jpg,disgust
C:\Users\mainh\OneDrive\Attachments\Máy tính\facial-emotion-viz\data\raw\disgust\reg_img406 (2).jpg,disgust
C:\Users\mainh\OneDrive\Attachments\Máy tính\facial-emotion-viz\data\raw\disgust\reg_img173 (5).jpg,disgust
C:\Users\mainh\OneDrive\Attachments\Máy tính\facial-emotion-viz\data\raw\repression\reg_img51 (10).jpg,repression
C:\Users\mainh\OneDrive\Attachments\Máy tính\facial-emotion-viz\data\raw\repression\reg_img109 (2).jpg,repression
C:\Users\mainh\OneDrive\Attachments\Máy tính\facial-emotion-viz\data\raw\disgust\reg_img147 (4).jpg,disgust
C:\Users\mainh\OneDrive\Attachments\Máy tính\facial-emotion-viz\data\raw\happiness\reg_img108 (15).jpg,happiness
C:\Users\mainh\OneDrive\Attachments\Máy tính\facial-emotion-viz\data\raw\happiness\reg_img26 (10).jpg,happiness
C:\Users\mainh\OneDrive\Attachments\Máy tính\facial-emotion-viz\data\raw\surprise\reg_img133 (8).jpg,surprise
C:\Users\mainh\OneDrive\Attachments\Máy tính\facial-emotion-viz\data\raw\repression\reg_img78.jpg,repression
C:\Users\mainh\OneDrive\Attachments\Máy tính\facial-emotion-viz\data\raw\disgust\reg_img86 (31).jpg,disgust
C:\Users\mainh\OneDrive\Attachments\Máy tính\facial-emotion-viz\data\raw\disgust\reg_img95 (5).jpg,disgust
C:\Users\mainh\OneDrive\Attachments\Máy tính\facial-emotion-viz\data\raw\disgust\reg_img52 (22).jpg,disgust
C:\Users\mainh\OneDrive\Attachments\Máy tính\facial-emotion-viz\data\raw\happiness\reg_img67 (19).jpg,happiness
C:\Users\mainh\OneDrive\Attachments\Máy tính\facial-emotion-viz\data\raw\surprise\reg_img53 (13).jpg,surprise
C:\Users\mainh\OneDrive\Attachments\Máy tính\facial-emotion-viz\data\raw\happiness\reg_img150.jpg,happiness
C:\Users\mainh\OneDrive\Attachments\Máy tính\facial-emotion-viz\data\raw\happiness\reg_img40 (6).jpg,happiness
C:\Users\mainh\OneDrive\Attachments\Máy tính\facial-emotion-viz\data\raw\surprise\reg_img11.jpg,surprise
C:\Users\mainh\OneDrive\Attachments\Máy tính\facial-emotion-viz\data\raw\disgust\reg_img91 (31).jpg,disgust
C:\Users\mainh\OneDrive\Attachments\Máy tính\facial-emotion-viz\data\raw\disgust\reg_img108 (2).jpg,disgust
C:\Users\mainh\OneDrive\Attachments\Máy tính\facial-emotion-viz\data\raw\disgust\reg_img99 (11).jpg,disgust
C:\Users\mainh\OneDrive\Attachments\Máy tính\facial-emotion-viz\data\raw\happiness\reg_img84 (16).jpg,happiness
C:\Users\mainh\OneDrive\Attachments\Máy tính\facial-emotion-viz\data\raw\disgust\reg_img79 (6).jpg,disgust
C:\Users\mainh\OneDrive\Attachments\Máy tính\facial-emotion-viz\data\raw\disgust\reg_img101 (2).jpg,disgust
C:\Users\mainh\OneDrive\Attachments\Máy tính\facial-emotion-viz\data\raw\disgust\reg_img135 (17).jpg,disgust
C:\Users\mainh\OneDrive\Attachments\Máy tính\facial-emotion-viz\data\raw\sadness\reg_img80.jpg,sadness
C:\Users\mainh\OneDrive\Attachments\Máy tính\facial-emotion-viz\data\raw\happiness\reg_img178.jpg,happiness
C:\Users\mainh\OneDrive\Attachments\Máy tính\facial-emotion-viz\data\raw\surprise\reg_img87 (13).jpg,surprise
C:\Users\mainh\OneDrive\Attachments\Máy tính\facial-emotion-viz\data\raw\disgust\reg_img131 (12).jpg,disgust
C:\Users\mainh\OneDrive\Attachments\Máy tính\facial-emotion-viz\data\raw\surprise\reg_img18 (2).jpg,surprise
C:\Users\mainh\OneDrive\Attachments\Máy tính\facial-emotion-viz\data\raw\disgust\reg_img141 (6).jpg,disgust
C:\Users\mainh\OneDrive\Attachments\Máy tính\facial-emotion-viz\data\raw\repression\reg_img39 (7).jpg,repression
C:\Users\mainh\OneDrive\Attachments\Máy tính\facial-emotion-viz\data\raw\disgust\reg_img90 (12).jpg,disgust
C:\Users\mainh\OneDrive\Attachments\Máy tính\facial-emotion-viz\data\raw\repression\reg_img63 (7).jpg,repression
C:\Users\mainh\OneDrive\Attachments\Máy tính\facial-emotion-viz\data\raw\disgust\reg_img68 (19).jpg,disgust
C:\Users\mainh\OneDrive\Attachments\Máy tính\facial-emotion-viz\data\raw\surprise\reg_img87 (14).jpg,surprise
C:\Users\mainh\OneDrive\Attachments\Máy tính\facial-emotion-viz\data\raw\surprise\reg_img60 (3).jpg,surprise
C:\Users\mainh\OneDrive\Attachments\Máy tính\facial-emotion-viz\data\raw\repression\reg_img100 (4).jpg,repression
C:\Users\mainh\OneDrive\Attachments\Máy tính\facial-emotion-viz\data\raw\disgust\reg_img44.jpg,disgust
C:\Users\mainh\OneDrive\Attachments\Máy tính\facial-emotion-viz\data\raw\happiness\reg_img66 (20).jpg,happiness
C:\Users\mainh\OneDrive\Attachments\Máy tính\facial-emotion-viz\data\raw\happiness\reg_img46 (16).jpg,happiness
C:\Users\mainh\OneDrive\Attachments\Máy tính\facial-emotion-viz\data\raw\disgust\reg_img112 (20).jpg,disgust
C:\Users\mainh\OneDrive\Attachments\Máy tính\facial-emotion-viz\data\raw\disgust\reg_img99 (37).jpg,disgust
C:\Users\mainh\OneDrive\Attachments\Máy tính\facial-emotion-viz\data\raw\disgust\reg_img87 (26).jpg,disgust
C:\Users\mainh\OneDrive\Attachments\Máy tính\facial-emotion-viz\data\raw\disgust\reg_img72 (28).jpg,disgust
C:\Users\mainh\OneDrive\Attachments\Máy tính\facial-emotion-viz\data\raw\repression\reg_img155 (2).jpg,repression
C:\Users\mainh\OneDrive\Attachments\Máy tính\facial-emotion-viz\data\raw\disgust\reg_img162 (2).jpg,disgust
C:\Users\mainh\OneDrive\Attachments\Máy tính\facial-emotion-viz\data\raw\disgust\reg_img125 (4).jpg,disgust
C:\Users\mainh\OneDrive\Attachments\Máy tính\facial-emotion-viz\data\raw\happiness\reg_img82 (10).jpg,happiness
C:\Users\mainh\OneDrive\Attachments\Máy tính\facial-emotion-viz\data\raw\disgust\reg_img96 (31).jpg,disgust
C:\Users\mainh\OneDrive\Attachments\Máy tính\facial-emotion-viz\data\raw\disgust\reg_img44 (2).jpg,disgust
C:\Users\mainh\OneDrive\Attachments\Máy tính\facial-emotion-viz\data\raw\happiness\reg_img57 (12).jpg,happiness
C:\Users\mainh\OneDrive\Attachments\Máy tính\facial-emotion-viz\data\raw\disgust\reg_img53 (6).jpg,disgust
C:\Users\mainh\OneDrive\Attachments\Máy tính\facial-emotion-viz\data\raw\surprise\reg_img107 (11).jpg,surprise
C:\Users\mainh\OneDrive\Attachments\Máy tính\facial-emotion-viz\data\raw\repression\reg_img153 (6).jpg,repression
C:\Users\mainh\OneDrive\Attachments\Máy tính\facial-emotion-viz\data\raw\disgust\reg_img101 (7).jpg,disgust
C:\Users\mainh\OneDrive\Attachments\Máy tính\facial-emotion-viz\data\raw\repression\reg_img72 (4).jpg,repression
C:\Users\mainh\OneDrive\Attachments\Máy tính\facial-emotion-viz\data\raw\repression\reg_img21 (6).jpg,repression
C:\Users\mainh\OneDrive\Attachments\Máy tính\facial-emotion-viz\data\raw\disgust\reg_img137.jpg,disgust
C:\Users\mainh\OneDrive\Attachments\Máy tính\facial-emotion-viz\data\raw\disgust\reg_img36 (5).jpg,disgust
C:\Users\mainh\OneDrive\Attachments\Máy tính\facial-emotion-viz\data\raw\surprise\reg_img107 (4).jpg,surprise
C:\Users\mainh\OneDrive\Attachments\Máy tính\facial-emotion-viz\data\raw\repression\reg_img187 (2).jpg,repression
C:\Users\mainh\OneDrive\Attachments\Máy tính\facial-emotion-viz\data\raw\disgust\reg_img210 (2).jpg,disgust
C:\Users\mainh\OneDrive\Attachments\Máy tính\facial-emotion-viz\data\raw\happiness\reg_img127 (8).jpg,happiness
C:\Users\mainh\OneDrive\Attachments\Máy tính\facial-emotion-viz\data\raw\disgust\reg_img168.jpg,disgust
C:\Users\mainh\OneDrive\Attachments\Máy tính\facial-emotion-viz\data\raw\repression\reg_img129 (9).jpg,repression
C:\Users\mainh\OneDrive\Attachments\Máy tính\facial-emotion-viz\data\raw\repression\reg_img137 (10).jpg,repression
C:\Users\mainh\OneDrive\Attachments\Máy tính\facial-emotion-viz\data\raw\repression\reg_img50.jpg,repression
C:\Users\mainh\OneDrive\Attachments\Máy tính\facial-emotion-viz\data\raw\disgust\reg_img99 (19).jpg,disgust
C:\Users\mainh\OneDrive\Attachments\Máy tính\facial-emotion-viz\data\raw\disgust\reg_img68 (3).jpg,disgust
C:\Users\mainh\OneDrive\Attachments\Máy tính\facial-emotion-viz\data\raw\disgust\reg_img89 (7).jpg,disgust
C:\Users\mainh\OneDrive\Attachments\Máy tính\facial-emotion-viz\data\raw\happiness\reg_img23 (3).jpg,happiness
C:\Users\mainh\OneDrive\Attachments\Máy tính\facial-emotion-viz\data\raw\disgust\reg_img150 (4).jpg,disgust
C:\Users\mainh\OneDrive\Attachments\Máy tính\facial-emotion-viz\data\raw\happiness\reg_img49 (11).jpg,happiness
C:\Users\mainh\OneDrive\Attachments\Máy tính\facial-emotion-viz\data\raw\happiness\reg_img49.jpg,happiness
C:\Users\mainh\OneDrive\Attachments\Máy tính\facial-emotion-viz\data\raw\surprise\reg_img64 (7).jpg,surprise
C:\Users\mainh\OneDrive\Attachments\Máy tính\facial-emotion-viz\data\raw\surprise\reg_img38 (6).jpg,surprise
C:\Users\mainh\OneDrive\Attachments\Máy tính\facial-emotion-viz\data\raw\disgust\reg_img147.jpg,disgust
C:\Users\mainh\OneDrive\Attachments\Máy tính\facial-emotion-viz\data\raw\disgust\reg_img92 (29).jpg,disgust
C:\Users\mainh\OneDrive\Attachments\Máy tính\facial-emotion-viz\data\raw\surprise\reg_img133 (7).jpg,surprise
C:\Users\mainh\OneDrive\Attachments\Máy tính\facial-emotion-viz\data\raw\disgust\reg_img82 (4).jpg,disgust
C:\Users\mainh\OneDrive\Attachments\Máy tính\facial-emotion-viz\data\raw\disgust\reg_img217.jpg,disgust
C:\Users\mainh\OneDrive\Attachments\Máy tính\facial-emotion-viz\data\raw\disgust\reg_img94 (14).jpg,disgust
C:\Users\mainh\OneDrive\Attachments\Máy tính\facial-emotion-viz\data\raw\sadness\reg_img28.jpg,sadness
C:\Users\mainh\OneDrive\Attachments\Máy tính\facial-emotion-viz\data\raw\disgust\reg_img146 (2).jpg,disgust
C:\Users\mainh\OneDrive\Attachments\Máy tính\facial-emotion-viz\data\raw\happiness\reg_img113 (14).jpg,happiness
C:\Users\mainh\OneDrive\Attachments\Máy tính\facial-emotion-viz\data\raw\disgust\reg_img138 (13).jpg,disgust
C:\Users\mainh\OneDrive\Attachments\Máy tính\facial-emotion-viz\data\raw\disgust\reg_img89 (13).jpg,disgust
C:\Users\mainh\OneDrive\Attachments\Máy tính\facial-emotion-viz\data\raw\disgust\reg_img52 (31).jpg,disgust
C:\Users\mainh\OneDrive\Attachments\Máy tính\facial-emotion-viz\data\raw\surprise\reg_img144.jpg,surprise
C:\Users\mainh\OneDrive\Attachments\Máy tính\facial-emotion-viz\data\raw\happiness\reg_img77 (16).jpg,happiness
C:\Users\mainh\OneDrive\Attachments\Máy tính\facial-emotion-viz\data\raw\repression\reg_img143 (10).jpg,repression
C:\Users\mainh\OneDrive\Attachments\Máy tính\facial-emotion-viz\data\raw\repression\reg_img127 (4).jpg,repression
C:\Users\mainh\OneDrive\Attachments\Máy tính\facial-emotion-viz\data\raw\disgust\reg_img89 (26).jpg,disgust
C:\Users\mainh\OneDrive\Attachments\Máy tính\facial-emotion-viz\data\raw\fear\reg_img70.jpg,fear
C:\Users\mainh\OneDrive\Attachments\Máy tính\facial-emotion-viz\data\raw\fear\reg_img13.jpg,fear
C:\Users\mainh\OneDrive\Attachments\Máy tính\facial-emotion-viz\data\raw\surprise\reg_img72.jpg,surprise
C:\Users\mainh\OneDrive\Attachments\Máy tính\facial-emotion-viz\data\raw\happiness\reg_img41 (6).jpg,happiness
C:\Users\mainh\OneDrive\Attachments\Máy tính\facial-emotion-viz\data\raw\repression\reg_img233.jpg,repression
C:\Users\mainh\OneDrive\Attachments\Máy tính\facial-emotion-viz\data\raw\disgust\reg_img99 (31).jpg,disgust
C:\Users\mainh\OneDrive\Attachments\Máy tính\facial-emotion-viz\data\raw\surprise\reg_img85 (2).jpg,surprise
C:\Users\mainh\OneDrive\Attachments\Máy tính\facial-emotion-viz\data\raw\repression\reg_img83 (9).jpg,repression
C:\Users\mainh\OneDrive\Attachments\Máy tính\facial-emotion-viz\data\raw\happiness\reg_img217 (2).jpg,happiness
C:\Users\mainh\OneDrive\Attachments\Máy tính\facial-emotion-viz\data\raw\repression\reg_img32 (7).jpg,repression
C:\Users\mainh\OneDrive\Attachments\Máy tính\facial-emotion-viz\data\raw\repression\reg_img79 (9).jpg,repression
C:\Users\mainh\OneDrive\Attachments\Máy tính\facial-emotion-viz\data\raw\repression\reg_img96 (2).jpg,repression
C:\Users\mainh\OneDrive\Attachments\Máy tính\facial-emotion-viz\data\raw\repression\reg_img70 (6).jpg,repression
C:\Users\mainh\OneDrive\Attachments\Máy tính\facial-emotion-viz\data\raw\sadness\reg_img360.jpg,sadness
C:\Users\mainh\OneDrive\Attachments\Máy tính\facial-emotion-viz\data\raw\disgust\reg_img7 (2).jpg,disgust
C:\Users\mainh\OneDrive\Attachments\Máy tính\facial-emotion-viz\data\raw\disgust\reg_img63 (22).jpg,disgust
C:\Users\mainh\OneDrive\Attachments\Máy tính\facial-emotion-viz\data\raw\disgust\reg_img161 (7).jpg,disgust
C:\Users\mainh\OneDrive\Attachments\Máy tính\facial-emotion-viz\data\raw\fear\reg_img37.jpg,fear
C:\Users\mainh\OneDrive\Attachments\Máy tính\facial-emotion-viz\data\raw\happiness\reg_img58 (8).jpg,happiness
C:\Users\mainh\OneDrive\Attachments\Máy tính\facial-emotion-viz\data\raw\disgust\reg_img160 (4).jpg,disgust
C:\Users\mainh\OneDrive\Attachments\Máy tính\facial-emotion-viz\data\raw\happiness\reg_img56 (5).jpg,happiness
C:\Users\mainh\OneDrive\Attachments\Máy tính\facial-emotion-viz\data\raw\disgust\reg_img53 (17).jpg,disgust
C:\Users\mainh\OneDrive\Attachments\Máy tính\facial-emotion-viz\data\raw\repression\reg_img39.jpg,repression
C:\Users\mainh\OneDrive\Attachments\Máy tính\facial-emotion-viz\data\raw\happiness\reg_img105 (13).jpg,happiness
C:\Users\mainh\OneDrive\Attachments\Máy tính\facial-emotion-viz\data\raw\repression\reg_img109 (13).jpg,repression
C:\Users\mainh\OneDrive\Attachments\Máy tính\facial-emotion-viz\data\raw\happiness\reg_img88 (10).jpg,happiness
C:\Users\mainh\OneDrive\Attachments\Máy tính\facial-emotion-viz\data\raw\repression\reg_img161 (7).jpg,repression
C:\Users\mainh\OneDrive\Attachments\Máy tính\facial-emotion-viz\data\raw\happiness\reg_img117 (2).jpg,happiness
C:\Users\mainh\OneDrive\Attachments\Máy tính\facial-emotion-viz\data\raw\fear\reg_img113.jpg,fear
C:\Users\mainh\OneDrive\Attachments\Máy tính\facial-emotion-viz\data\raw\happiness\reg_img88 (20).jpg,happiness
C:\Users\mainh\OneDrive\Attachments\Máy tính\facial-emotion-viz\data\raw\disgust\reg_img183.jpg,disgust
C:\Users\mainh\OneDrive\Attachments\Máy tính\facial-emotion-viz\data\raw\repression\reg_img76 (10).jpg,repression
C:\Users\mainh\OneDrive\Attachments\Máy tính\facial-emotion-viz\data\raw\disgust\reg_img79 (21).jpg,disgust
C:\Users\mainh\OneDrive\Attachments\Máy tính\facial-emotion-viz\data\raw\repression\reg_img91 (7).jpg,repression
C:\Users\mainh\OneDrive\Attachments\Máy tính\facial-emotion-viz\data\raw\repression\reg_img20.jpg,repression
C:\Users\mainh\OneDrive\Attachments\Máy tính\facial-emotion-viz\data\raw\repression\reg_img100 (9).jpg,repression
C:\Users\mainh\OneDrive\Attachments\Máy tính\facial-emotion-viz\data\raw\repression\reg_img122 (8).jpg,repression
C:\Users\mainh\OneDrive\Attachments\Máy tính\facial-emotion-viz\data\raw\surprise\reg_img65.jpg,surprise
C:\Users\mainh\OneDrive\Attachments\Máy tính\facial-emotion-viz\data\raw\disgust\reg_img22 (9).jpg,disgust
C:\Users\mainh\OneDrive\Attachments\Máy tính\facial-emotion-viz\data\raw\happiness\reg_img72 (2).jpg,happiness
C:\Users\mainh\OneDrive\Attachments\Máy tính\facial-emotion-viz\data\raw\surprise\reg_img104 (9).jpg,surprise
C:\Users\mainh\OneDrive\Attachments\Máy tính\facial-emotion-viz\data\raw\sadness\reg_img70.jpg,sadness
C:\Users\mainh\OneDrive\Attachments\Máy tính\facial-emotion-viz\data\raw\repression\reg_img87 (12).jpg,repression
C:\Users\mainh\OneDrive\Attachments\Máy tính\facial-emotion-viz\data\raw\surprise\reg_img56 (8).jpg,surprise
C:\Users\mainh\OneDrive\Attachments\Máy tính\facial-emotion-viz\data\raw\disgust\reg_img80 (32).jpg,disgust
C:\Users\mainh\OneDrive\Attachments\Máy tính\facial-emotion-viz\data\raw\surprise\reg_img95 (12).jpg,surprise
C:\Users\mainh\OneDrive\Attachments\Máy tính\facial-emotion-viz\data\raw\disgust\reg_img122 (12).jpg,disgust
C:\Users\mainh\OneDrive\Attachments\Máy tính\facial-emotion-viz\data\raw\sadness\reg_img79.jpg,sadness
C:\Users\mainh\OneDrive\Attachments\Máy tính\facial-emotion-viz\data\raw\happiness\reg_img92 (17).jpg,happiness
C:\Users\mainh\OneDrive\Attachments\Máy tính\facial-emotion-viz\data\raw\surprise\reg_img200.jpg,surprise
C:\Users\mainh\OneDrive\Attachments\Máy tính\facial-emotion-viz\data\raw\disgust\reg_img22 (8).jpg,disgust
C:\Users\mainh\OneDrive\Attachments\Máy tính\facial-emotion-viz\data\raw\disgust\reg_img69 (7).jpg,disgust
C:\Users\mainh\OneDrive\Attachments\Máy tính\facial-emotion-viz\data\raw\surprise\reg_img151 (4).jpg,surprise
C:\Users\mainh\OneDrive\Attachments\Máy tính\facial-emotion-viz\data\raw\surprise\reg_img176.jpg,surprise
C:\Users\mainh\OneDrive\Attachments\Máy tính\facial-emotion-viz\data\raw\disgust\reg_img124 (8).jpg,disgust
C:\Users\mainh\OneDrive\Attachments\Máy tính\facial-emotion-viz\data\raw\disgust\reg_img51 (25).jpg,disgust
C:\Users\mainh\OneDrive\Attachments\Máy tính\facial-emotion-viz\data\raw\disgust\reg_img111 (22).jpg,disgust
C:\Users\mainh\OneDrive\Attachments\Máy tính\facial-emotion-viz\data\raw\repression\reg_img90 (4).jpg,repression
C:\Users\mainh\OneDrive\Attachments\Máy tính\facial-emotion-viz\data\raw\disgust\reg_img48 (12).jpg,disgust
C:\Users\mainh\OneDrive\Attachments\Máy tính\facial-emotion-viz\data\raw\surprise\reg_img123 (8).jpg,surprise
C:\Users\mainh\OneDrive\Attachments\Máy tính\facial-emotion-viz\data\raw\happiness\reg_img36 (3).jpg,happiness
C:\Users\mainh\OneDrive\Attachments\Máy tính\facial-emotion-viz\data\raw\disgust\reg_img122 (5).jpg,disgust
C:\Users\mainh\OneDrive\Attachments\Máy tính\facial-emotion-viz\data\raw\repression\reg_img17 (5).jpg,repression
C:\Users\mainh\OneDrive\Attachments\Máy tính\facial-emotion-viz\data\raw\disgust\reg_img318.jpg,disgust
C:\Users\mainh\OneDrive\Attachments\Máy tính\facial-emotion-viz\data\raw\surprise\reg_img55 (9).jpg,surprise
C:\Users\mainh\OneDrive\Attachments\Máy tính\facial-emotion-viz\data\raw\disgust\reg_img115 (25).jpg,disgust
C:\Users\mainh\OneDrive\Attachments\Máy tính\facial-emotion-viz\data\raw\disgust\reg_img37 (21).jpg,disgust
C:\Users\mainh\OneDrive\Attachments\Máy tính\facial-emotion-viz\data\raw\repression\reg_img151 (9).jpg,repression
C:\Users\mainh\OneDrive\Attachments\Máy tính\facial-emotion-viz\data\raw\disgust\reg_img157 (9).jpg,disgust
C:\Users\mainh\OneDrive\Attachments\Máy tính\facial-emotion-viz\data\raw\happiness\reg_img130 (10).jpg,happiness
C:\Users\mainh\OneDrive\Attachments\Máy tính\facial-emotion-viz\data\raw\repression\reg_img161 (4).jpg,repression
C:\Users\mainh\OneDrive\Attachments\Máy tính\facial-emotion-viz\data\raw\happiness\reg_img256.jpg,happiness
C:\Users\mainh\OneDrive\Attachments\Máy tính\facial-emotion-viz\data\raw\surprise\reg_img115 (4).jpg,surprise
C:\Users\mainh\OneDrive\Attachments\Máy tính\facial-emotion-viz\data\raw\disgust\reg_img109 (3).jpg,disgust
C:\Users\mainh\OneDrive\Attachments\Máy tính\facial-emotion-viz\data\raw\disgust\reg_img91 (10).jpg,disgust
C:\Users\mainh\OneDrive\Attachments\Máy tính\facial-emotion-viz\data\raw\surprise\reg_img148 (5).jpg,surprise
C:\Users\mainh\OneDrive\Attachments\Máy tính\facial-emotion-viz\data\raw\happiness\reg_img68 (17).jpg,happiness
C:\Users\mainh\OneDrive\Attachments\Máy tính\facial-emotion-viz\data\raw\disgust\reg_img177 (2).jpg,disgust
C:\Users\mainh\OneDrive\Attachments\Máy tính\facial-emotion-viz\data\raw\happiness\reg_img118 (9).jpg,happiness
C:\Users\mainh\OneDrive\Attachments\Máy tính\facial-emotion-viz\data\raw\disgust\reg_img117 (6).jpg,disgust
C:\Users\mainh\OneDrive\Attachments\Máy tính\facial-emotion-viz\data\raw\happiness\reg_img71 (16).jpg,happiness
C:\Users\mainh\OneDrive\Attachments\Máy tính\facial-emotion-viz\data\raw\happiness\reg_img145 (5).jpg,happiness
C:\Users\mainh\OneDrive\Attachments\Máy tính\facial-emotion-viz\data\raw\surprise\reg_img32 (4).jpg,surprise
C:\Users\mainh\OneDrive\Attachments\Máy tính\facial-emotion-viz\data\raw\happiness\reg_img109 (15).jpg,happiness
C:\Users\mainh\OneDrive\Attachments\Máy tính\facial-emotion-viz\data\raw\disgust\reg_img106 (4).jpg,disgust
C:\Users\mainh\OneDrive\Attachments\Máy tính\facial-emotion-viz\data\raw\happiness\reg_img95 (19).jpg,happiness
C:\Users\mainh\OneDrive\Attachments\Máy tính\facial-emotion-viz\data\raw\surprise\reg_img99 (13).jpg,surprise
C:\Users\mainh\OneDrive\Attachments\Máy tính\facial-emotion-viz\data\raw\repression\reg_img137 (4).jpg,repression
C:\Users\mainh\OneDrive\Attachments\Máy tính\facial-emotion-viz\data\raw\happiness\reg_img26 (5).jpg,happiness
C:\Users\mainh\OneDrive\Attachments\Máy tính\facial-emotion-viz\data\raw\repression\reg_img93 (5).jpg,repression
C:\Users\mainh\OneDrive\Attachments\Máy tính\facial-emotion-viz\data\raw\repression\reg_img116 (5).jpg,repression
C:\Users\mainh\OneDrive\Attachments\Máy tính\facial-emotion-viz\data\raw\repression\reg_img141 (12).jpg,repression
C:\Users\mainh\OneDrive\Attachments\Máy tính\facial-emotion-viz\data\raw\happiness\reg_img50 (16).jpg,happiness
C:\Users\mainh\OneDrive\Attachments\Máy tính\facial-emotion-viz\data\raw\disgust\reg_img142 (7).jpg,disgust
C:\Users\mainh\OneDrive\Attachments\Máy tính\facial-emotion-viz\data\raw\happiness\reg_img102 (4).jpg,happiness
C:\Users\mainh\OneDrive\Attachments\Máy tính\facial-emotion-viz\data\raw\repression\reg_img105 (4).jpg,repression
C:\Users\mainh\OneDrive\Attachments\Máy tính\facial-emotion-viz\data\raw\disgust\reg_img133 (9).jpg,disgust
C:\Users\mainh\OneDrive\Attachments\Máy tính\facial-emotion-viz\data\raw\happiness\reg_img115 (3).jpg,happiness
C:\Users\mainh\OneDrive\Attachments\Máy tính\facial-emotion-viz\data\raw\surprise\reg_img80 (10).jpg,surprise
C:\Users\mainh\OneDrive\Attachments\Máy tính\facial-emotion-viz\data\raw\repression\reg_img53 (15).jpg,repression
C:\Users\mainh\OneDrive\Attachments\Máy tính\facial-emotion-viz\data\raw\happiness\reg_img58 (7).jpg,happiness
C:\Users\mainh\OneDrive\Attachments\Máy tính\facial-emotion-viz\data\raw\repression\reg_img67 (15).jpg,repression
C:\Users\mainh\OneDrive\Attachments\Máy tính\facial-emotion-viz\data\raw\disgust\reg_img76 (7).jpg,disgust
C:\Users\mainh\OneDrive\Attachments\Máy tính\facial-emotion-viz\data\raw\surprise\reg_img48 (8).jpg,surprise
C:\Users\mainh\OneDrive\Attachments\Máy tính\facial-emotion-viz\data\raw\surprise\reg_img91 (5).jpg,surprise
C:\Users\mainh\OneDrive\Attachments\Máy tính\facial-emotion-viz\data\raw\disgust\reg_img59 (17).jpg,disgust
C:\Users\mainh\OneDrive\Attachments\Máy tính\facial-emotion-viz\data\raw\surprise\reg_img51 (11).jpg,surprise
C:\Users\mainh\OneDrive\Attachments\Máy tính\facial-emotion-viz\data\raw\happiness\reg_img31 (3).jpg,happiness
C:\Users\mainh\OneDrive\Attachments\Máy tính\facial-emotion-viz\data\raw\happiness\reg_img182 (3).jpg,happiness
C:\Users\mainh\OneDrive\Attachments\Máy tính\facial-emotion-viz\data\raw\disgust\reg_img162 (5).jpg,disgust
C:\Users\mainh\OneDrive\Attachments\Máy tính\facial-emotion-viz\data\raw\disgust\reg_img21 (3).jpg,disgust
C:\Users\mainh\OneDrive\Attachments\Máy tính\facial-emotion-viz\data\raw\happiness\reg_img123 (11).jpg,happiness
C:\Users\mainh\OneDrive\Attachments\Máy tính\facial-emotion-viz\data\raw\happiness\reg_img39 (8).jpg,happiness
C:\Users\mainh\OneDrive\Attachments\Máy tính\facial-emotion-viz\data\raw\surprise\reg_img75 (8).jpg,surprise
C:\Users\mainh\OneDrive\Attachments\Máy tính\facial-emotion-viz\data\raw\disgust\reg_img98 (12).jpg,disgust
C:\Users\mainh\OneDrive\Attachments\Máy tính\facial-emotion-viz\data\raw\happiness\reg_img241.jpg,happiness
C:\Users\mainh\OneDrive\Attachments\Máy tính\facial-emotion-viz\data\raw\disgust\reg_img56 (30).jpg,disgust
C:\Users\mainh\OneDrive\Attachments\Máy tính\facial-emotion-viz\data\raw\disgust\reg_img25 (5).jpg,disgust
C:\Users\mainh\OneDrive\Attachments\Máy tính\facial-emotion-viz\data\raw\disgust\reg_img64 (32).jpg,disgust
C:\Users\mainh\OneDrive\Attachments\Máy tính\facial-emotion-viz\data\raw\disgust\reg_img68 (29).jpg,disgust
C:\Users\mainh\OneDrive\Attachments\Máy tính\facial-emotion-viz\data\raw\disgust\reg_img75 (31).jpg,disgust
C:\Users\mainh\OneDrive\Attachments\Máy tính\facial-emotion-viz\data\raw\disgust\reg_img73 (25).jpg,disgust
C:\Users\mainh\OneDrive\Attachments\Máy tính\facial-emotion-viz\data\raw\repression\reg_img90 (7).jpg,repression
C:\Users\mainh\OneDrive\Attachments\Máy tính\facial-emotion-viz\data\raw\repression\reg_img51 (8).jpg,repression
C:\Users\mainh\OneDrive\Attachments\Máy tính\facial-emotion-viz\data\raw\surprise\reg_img57 (12).jpg,surprise
C:\Users\mainh\OneDrive\Attachments\Máy tính\facial-emotion-viz\data\raw\disgust\reg_img83 (30).jpg,disgust
C:\Users\mainh\OneDrive\Attachments\Máy tính\facial-emotion-viz\data\raw\repression\reg_img52 (12).jpg,repression
C:\Users\mainh\OneDrive\Attachments\Máy tính\facial-emotion-viz\data\raw\repression\reg_img99 (13).jpg,repression
C:\Users\mainh\OneDrive\Attachments\Máy tính\facial-emotion-viz\data\raw\disgust\reg_img56 (11).jpg,disgust
C:\Users\mainh\OneDrive\Attachments\Máy tính\facial-emotion-viz\data\raw\happiness\reg_img57 (5).jpg,happiness
C:\Users\mainh\OneDrive\Attachments\Máy tính\facial-emotion-viz\data\raw\surprise\reg_img33 (3).jpg,surprise
C:\Users\mainh\OneDrive\Attachments\Máy tính\facial-emotion-viz\data\raw\disgust\reg_img81 (10).jpg,disgust
C:\Users\mainh\OneDrive\Attachments\Máy tính\facial-emotion-viz\data\raw\repression\reg_img212 (2).jpg,repression
C:\Users\mainh\OneDrive\Attachments\Máy tính\facial-emotion-viz\data\raw\repression\reg_img126 (12).jpg,repression
C:\Users\mainh\OneDrive\Attachments\Máy tính\facial-emotion-viz\data\raw\surprise\reg_img140 (2).jpg,surprise
C:\Users\mainh\OneDrive\Attachments\Máy tính\facial-emotion-viz\data\raw\happiness\reg_img107 (3).jpg,happiness
C:\Users\mainh\OneDrive\Attachments\Máy tính\facial-emotion-viz\data\raw\happiness\reg_img91 (4).jpg,happiness
C:\Users\mainh\OneDrive\Attachments\Máy tính\facial-emotion-viz\data\raw\happiness\reg_img60 (14).jpg,happiness
C:\Users\mainh\OneDrive\Attachments\Máy tính\facial-emotion-viz\data\raw\happiness\reg_img94 (13).jpg,happiness
C:\Users\mainh\OneDrive\Attachments\Máy tính\facial-emotion-viz\data\raw\disgust\reg_img80 (30).jpg,disgust
C:\Users\mainh\OneDrive\Attachments\Máy tính\facial-emotion-viz\data\raw\repression\reg_img60 (16).jpg,repression
C:\Users\mainh\OneDrive\Attachments\Máy tính\facial-emotion-viz\data\raw\happiness\reg_img185 (2).jpg,happiness
C:\Users\mainh\OneDrive\Attachments\Máy tính\facial-emotion-viz\data\raw\repression\reg_img156 (3).jpg,repression
C:\Users\mainh\OneDrive\Attachments\Máy tính\facial-emotion-viz\data\raw\happiness\reg_img106 (2).jpg,happiness
C:\Users\mainh\OneDrive\Attachments\Máy tính\facial-emotion-viz\data\raw\surprise\reg_img105 (13).jpg,surprise
C:\Users\mainh\OneDrive\Attachments\Máy tính\facial-emotion-viz\data\raw\repression\reg_img59 (12).jpg,repression
C:\Users\mainh\OneDrive\Attachments\Máy tính\facial-emotion-viz\data\raw\disgust\reg_img153 (11).jpg,disgust
C:\Users\mainh\OneDrive\Attachments\Máy tính\facial-emotion-viz\data\raw\disgust\reg_img20 (3).jpg,disgust
C:\Users\mainh\OneDrive\Attachments\Máy tính\facial-emotion-viz\data\raw\disgust\reg_img142.jpg,disgust
C:\Users\mainh\OneDrive\Attachments\Máy tính\facial-emotion-viz\data\raw\disgust\reg_img124 (17).jpg,disgust
C:\Users\mainh\OneDrive\Attachments\Máy tính\facial-emotion-viz\data\raw\repression\reg_img116.jpg,repression
C:\Users\mainh\OneDrive\Attachments\Máy tính\facial-emotion-viz\data\raw\disgust\reg_img46 (25).jpg,disgust
C:\Users\mainh\OneDrive\Attachments\Máy tính\facial-emotion-viz\data\raw\repression\reg_img204 (2).jpg,repression
C:\Users\mainh\OneDrive\Attachments\Máy tính\facial-emotion-viz\data\raw\disgust\reg_img72 (32).jpg,disgust
C:\Users\mainh\OneDrive\Attachments\Máy tính\facial-emotion-viz\data\raw\disgust\reg_img134 (13).jpg,disgust
C:\Users\mainh\OneDrive\Attachments\Máy tính\facial-emotion-viz\data\raw\disgust\reg_img103 (30).jpg,disgust
C:\Users\mainh\OneDrive\Attachments\Máy tính\facial-emotion-viz\data\raw\disgust\reg_img113 (27).jpg,disgust
C:\Users\mainh\OneDrive\Attachments\Máy tính\facial-emotion-viz\data\raw\disgust\reg_img91 (25).jpg,disgust
C:\Users\mainh\OneDrive\Attachments\Máy tính\facial-emotion-viz\data\raw\surprise\reg_img135 (5).jpg,surprise
C:\Users\mainh\OneDrive\Attachments\Máy tính\facial-emotion-viz\data\raw\repression\reg_img27 (6).jpg,repression
C:\Users\mainh\OneDrive\Attachments\Máy tính\facial-emotion-viz\data\raw\happiness\reg_img15 (3).jpg,happiness
C:\Users\mainh\OneDrive\Attachments\Máy tính\facial-emotion-viz\data\raw\repression\reg_img244.jpg,repression
C:\Users\mainh\OneDrive\Attachments\Máy tính\facial-emotion-viz\data\raw\disgust\reg_img115 (26).jpg,disgust
C:\Users\mainh\OneDrive\Attachments\Máy tính\facial-emotion-viz\data\raw\happiness\reg_img86 (18).jpg,happiness
C:\Users\mainh\OneDrive\Attachments\Máy tính\facial-emotion-viz\data\raw\repression\reg_img110 (4).jpg,repression
C:\Users\mainh\OneDrive\Attachments\Máy tính\facial-emotion-viz\data\raw\repression\reg_img128 (3).jpg,repression
C:\Users\mainh\OneDrive\Attachments\Máy tính\facial-emotion-viz\data\raw\repression\reg_img46 (11).jpg,repression
C:\Users\mainh\OneDrive\Attachments\Máy tính\facial-emotion-viz\data\raw\disgust\reg_img72 (25).jpg,disgust
C:\Users\mainh\OneDrive\Attachments\Máy tính\facial-emotion-viz\data\raw\surprise\reg_img46 (7).jpg,surprise
C:\Users\mainh\OneDrive\Attachments\Máy tính\facial-emotion-viz\data\raw\surprise\reg_img89 (14).jpg,surprise
C:\Users\mainh\OneDrive\Attachments\Máy tính\facial-emotion-viz\data\raw\disgust\reg_img27 (13).jpg,disgust
C:\Users\mainh\OneDrive\Attachments\Máy tính\facial-emotion-viz\data\raw\happiness\reg_img86 (16).jpg,happiness
C:\Users\mainh\OneDrive\Attachments\Máy tính\facial-emotion-viz\data\raw\disgust\reg_img75 (20).jpg,disgust
C:\Users\mainh\OneDrive\Attachments\Máy tính\facial-emotion-viz\data\raw\happiness\reg_img106.jpg,happiness
C:\Users\mainh\OneDrive\Attachments\Máy tính\facial-emotion-viz\data\raw\happiness\reg_img132 (6).jpg,happiness
C:\Users\mainh\OneDrive\Attachments\Máy tính\facial-emotion-viz\data\raw\happiness\reg_img34 (8).jpg,happiness
C:\Users\mainh\OneDrive\Attachments\Máy tính\facial-emotion-viz\data\raw\disgust\reg_img75.jpg,disgust
C:\Users\mainh\OneDrive\Attachments\Máy tính\facial-emotion-viz\data\raw\disgust\reg_img204 (3).jpg,disgust
C:\Users\mainh\OneDrive\Attachments\Máy tính\facial-emotion-viz\data\raw\surprise\reg_img51 (10).jpg,surprise
C:\Users\mainh\OneDrive\Attachments\Máy tính\facial-emotion-viz\data\raw\surprise\reg_img92 (3).jpg,surprise
C:\Users\mainh\OneDrive\Attachments\Máy tính\facial-emotion-viz\data\raw\happiness\reg_img45 (2).jpg,happiness
C:\Users\mainh\OneDrive\Attachments\Máy tính\facial-emotion-viz\data\raw\disgust\reg_img124 (7).jpg,disgust
C:\Users\mainh\OneDrive\Attachments\Máy tính\facial-emotion-viz\data\raw\repression\reg_img168 (7).jpg,repression
C:\Users\mainh\OneDrive\Attachments\Máy tính\facial-emotion-viz\data\raw\disgust\reg_img117 (8).jpg,disgust
C:\Users\mainh\OneDrive\Attachments\Máy tính\facial-emotion-viz\data\raw\disgust\reg_img91 (7).jpg,disgust
C:\Users\mainh\OneDrive\Attachments\Máy tính\facial-emotion-viz\data\raw\repression\reg_img111 (10).jpg,repression
C:\Users\mainh\OneDrive\Attachments\Máy tính\facial-emotion-viz\data\raw\disgust\reg_img32.jpg,disgust
C:\Users\mainh\OneDrive\Attachments\Máy tính\facial-emotion-viz\data\raw\disgust\reg_img119 (24).jpg,disgust
C:\Users\mainh\OneDrive\Attachments\Máy tính\facial-emotion-viz\data\raw\disgust\reg_img149 (5).jpg,disgust
C:\Users\mainh\OneDrive\Attachments\Máy tính\facial-emotion-viz\data\raw\disgust\reg_img97 (8).jpg,disgust
C:\Users\mainh\OneDrive\Attachments\Máy tính\facial-emotion-viz\data\raw\disgust\reg_img53 (28).jpg,disgust
C:\Users\mainh\OneDrive\Attachments\Máy tính\facial-emotion-viz\data\raw\disgust\reg_img203.jpg,disgust
C:\Users\mainh\OneDrive\Attachments\Máy tính\facial-emotion-viz\data\raw\disgust\reg_img85 (17).jpg,disgust
C:\Users\mainh\OneDrive\Attachments\Máy tính\facial-emotion-viz\data\raw\repression\reg_img37 (9).jpg,repression
C:\Users\mainh\OneDrive\Attachments\Máy tính\facial-emotion-viz\data\raw\disgust\reg_img93 (8).jpg,disgust
C:\Users\mainh\OneDrive\Attachments\Máy tính\facial-emotion-viz\data\raw\happiness\reg_img111 (2).jpg,happiness
C:\Users\mainh\OneDrive\Attachments\Máy tính\facial-emotion-viz\data\raw\repression\reg_img79 (13).jpg,repression
C:\Users\mainh\OneDrive\Attachments\Máy tính\facial-emotion-viz\data\raw\disgust\reg_img57 (14).jpg,disgust
C:\Users\mainh\OneDrive\Attachments\Máy tính\facial-emotion-viz\data\raw\surprise\reg_img105 (11).jpg,surprise
C:\Users\mainh\OneDrive\Attachments\Máy tính\facial-emotion-viz\data\raw\repression\reg_img43 (9).jpg,repression
C:\Users\mainh\OneDrive\Attachments\Máy tính\facial-emotion-viz\data\raw\disgust\reg_img109 (20).jpg,disgust
C:\Users\mainh\OneDrive\Attachments\Máy tính\facial-emotion-viz\data\raw\happiness\reg_img81 (5).jpg,happiness
C:\Users\mainh\OneDrive\Attachments\Máy tính\facial-emotion-viz\data\raw\happiness\reg_img42 (9).jpg,happiness
C:\Users\mainh\OneDrive\Attachments\Máy tính\facial-emotion-viz\data\raw\repression\reg_img76 (16).jpg,repression
C:\Users\mainh\OneDrive\Attachments\Máy tính\facial-emotion-viz\data\raw\disgust\reg_img103 (7).jpg,disgust
C:\Users\mainh\OneDrive\Attachments\Máy tính\facial-emotion-viz\data\raw\happiness\reg_img97 (12).jpg,happiness
C:\Users\mainh\OneDrive\Attachments\Máy tính\facial-emotion-viz\data\raw\disgust\reg_img86 (40).jpg,disgust
C:\Users\mainh\OneDrive\Attachments\Máy tính\facial-emotion-viz\data\raw\disgust\reg_img99 (35).jpg,disgust
C:\Users\mainh\OneDrive\Attachments\Máy tính\facial-emotion-viz\data\raw\surprise\reg_img22 (6).jpg,surprise
C:\Users\mainh\OneDrive\Attachments\Máy tính\facial-emotion-viz\data\raw\surprise\reg_img123.jpg,surprise
C:\Users\mainh\OneDrive\Attachments\Máy tính\facial-emotion-viz\data\raw\disgust\reg_img109 (2).jpg,disgust
C:\Users\mainh\OneDrive\Attachments\Máy tính\facial-emotion-viz\data\raw\disgust\reg_img139 (12).jpg,disgust
C:\Users\mainh\OneDrive\Attachments\Máy tính\facial-emotion-viz\data\raw\surprise\reg_img106 (14).jpg,surprise
C:\Users\mainh\OneDrive\Attachments\Máy tính\facial-emotion-viz\data\raw\happiness\reg_img109 (13).jpg,happiness
C:\Users\mainh\OneDrive\Attachments\Máy tính\facial-emotion-viz\data\raw\disgust\reg_img37 (10).jpg,disgust
C:\Users\mainh\OneDrive\Attachments\Máy tính\facial-emotion-viz\data\raw\disgust\reg_img119 (27).jpg,disgust
C:\Users\mainh\OneDrive\Attachments\Máy tính\facial-emotion-viz\data\raw\happiness\reg_img113 (12).jpg,happiness
C:\Users\mainh\OneDrive\Attachments\Máy tính\facial-emotion-viz\data\raw\surprise\reg_img153.jpg,surprise
C:\Users\mainh\OneDrive\Attachments\Máy tính\facial-emotion-viz\data\raw\repression\reg_img72 (12).jpg,repression
C:\Users\mainh\OneDrive\Attachments\Máy tính\facial-emotion-viz\data\raw\surprise\reg_img138 (3).jpg,surprise
C:\Users\mainh\OneDrive\Attachments\Máy tính\facial-emotion-viz\data\raw\disgust\reg_img52 (11).jpg,disgust
C:\Users\mainh\OneDrive\Attachments\Máy tính\facial-emotion-viz\data\raw\disgust\reg_img119 (4).jpg,disgust
C:\Users\mainh\OneDrive\Attachments\Máy tính\facial-emotion-viz\data\raw\disgust\reg_img123.jpg,disgust
C:\Users\mainh\OneDrive\Attachments\Máy tính\facial-emotion-viz\data\raw\repression\reg_img146 (6).jpg,repression
C:\Users\mainh\OneDrive\Attachments\Máy tính\facial-emotion-viz\data\raw\disgust\reg_img123 (20).jpg,disgust
C:\Users\mainh\OneDrive\Attachments\Máy tính\facial-emotion-viz\data\raw\repression\reg_img116 (7).jpg,repression
C:\Users\mainh\OneDrive\Attachments\Máy tính\facial-emotion-viz\data\raw\disgust\reg_img30 (9).jpg,disgust
C:\Users\mainh\OneDrive\Attachments\Máy tính\facial-emotion-viz\data\raw\disgust\reg_img97 (24).jpg,disgust
C:\Users\mainh\OneDrive\Attachments\Máy tính\facial-emotion-viz\data\raw\disgust\reg_img121 (22).jpg,disgust
C:\Users\mainh\OneDrive\Attachments\Máy tính\facial-emotion-viz\data\raw\disgust\reg_img53 (32).jpg,disgust
C:\Users\mainh\OneDrive\Attachments\Máy tính\facial-emotion-viz\data\raw\disgust\reg_img76 (32).jpg,disgust
C:\Users\mainh\OneDrive\Attachments\Máy tính\facial-emotion-viz\data\raw\surprise\reg_img83 (4).jpg,surprise
C:\Users\mainh\OneDrive\Attachments\Máy tính\facial-emotion-viz\data\raw\disgust\reg_img85 (25).jpg,disgust
C:\Users\mainh\OneDrive\Attachments\Máy tính\facial-emotion-viz\data\raw\surprise\reg_img12.jpg,surprise
C:\Users\mainh\OneDrive\Attachments\Máy tính\facial-emotion-viz\data\raw\repression\reg_img41 (2).jpg,repression
C:\Users\mainh\OneDrive\Attachments\Máy tính\facial-emotion-viz\data\raw\surprise\reg_img154.jpg,surprise
C:\Users\mainh\OneDrive\Attachments\Máy tính\facial-emotion-viz\data\raw\disgust\reg_img117 (23).jpg,disgust
C:\Users\mainh\OneDrive\Attachments\Máy tính\facial-emotion-viz\data\raw\surprise\reg_img30 (2).jpg,surprise
C:\Users\mainh\OneDrive\Attachments\Máy tính\facial-emotion-viz\data\raw\disgust\reg_img55 (11).jpg,disgust
C:\Users\mainh\OneDrive\Attachments\Máy tính\facial-emotion-viz\data\raw\disgust\reg_img116 (28).jpg,disgust
C:\Users\mainh\OneDrive\Attachments\Máy tính\facial-emotion-viz\data\raw\sadness\reg_img11.jpg,sadness
C:\Users\mainh\OneDrive\Attachments\Máy tính\facial-emotion-viz\data\raw\disgust\reg_img51 (30).jpg,disgust
C:\Users\mainh\OneDrive\Attachments\Máy tính\facial-emotion-viz\data\raw\disgust\reg_img106 (25).jpg,disgust
C:\Users\mainh\OneDrive\Attachments\Máy tính\facial-emotion-viz\data\raw\disgust\reg_img206 (2).jpg,disgust
C:\Users\mainh\OneDrive\Attachments\Máy tính\facial-emotion-viz\data\raw\happiness\reg_img57 (6).jpg,happiness
C:\Users\mainh\OneDrive\Attachments\Máy tính\facial-emotion-viz\data\raw\repression\reg_img79 (7).jpg,repression
C:\Users\mainh\OneDrive\Attachments\Máy tính\facial-emotion-viz\data\raw\surprise\reg_img64 (15).jpg,surprise
C:\Users\mainh\OneDrive\Attachments\Máy tính\facial-emotion-viz\data\raw\happiness\reg_img196.jpg,happiness
C:\Users\mainh\OneDrive\Attachments\Máy tính\facial-emotion-viz\data\raw\disgust\reg_img176 (2).jpg,disgust
C:\Users\mainh\OneDrive\Attachments\Máy tính\facial-emotion-viz\data\raw\repression\reg_img62 (3).jpg,repression
C:\Users\mainh\OneDrive\Attachments\Máy tính\facial-emotion-viz\data\raw\disgust\reg_img80 (14).jpg,disgust
C:\Users\mainh\OneDrive\Attachments\Máy tính\facial-emotion-viz\data\raw\repression\reg_img127 (13).jpg,repression
C:\Users\mainh\OneDrive\Attachments\Máy tính\facial-emotion-viz\data\raw\disgust\reg_img126.jpg,disgust
C:\Users\mainh\OneDrive\Attachments\Máy tính\facial-emotion-viz\data\raw\surprise\reg_img142 (4).jpg,surprise
C:\Users\mainh\OneDrive\Attachments\Máy tính\facial-emotion-viz\data\raw\repression\reg_img43 (5).jpg,repression
C:\Users\mainh\OneDrive\Attachments\Máy tính\facial-emotion-viz\data\raw\repression\reg_img69.jpg,repression
C:\Users\mainh\OneDrive\Attachments\Máy tính\facial-emotion-viz\data\raw\disgust\reg_img77.jpg,disgust
C:\Users\mainh\OneDrive\Attachments\Máy tính\facial-emotion-viz\data\raw\disgust\reg_img58 (31).jpg,disgust
C:\Users\mainh\OneDrive\Attachments\Máy tính\facial-emotion-viz\data\raw\surprise\reg_img127 (6).jpg,surprise
C:\Users\mainh\OneDrive\Attachments\Máy tính\facial-emotion-viz\data\raw\disgust\reg_img84 (37).jpg,disgust
C:\Users\mainh\OneDrive\Attachments\Máy tính\facial-emotion-viz\data\raw\disgust\reg_img57 (23).jpg,disgust
C:\Users\mainh\OneDrive\Attachments\Máy tính\facial-emotion-viz\data\raw\surprise\reg_img64 (6).jpg,surprise
C:\Users\mainh\OneDrive\Attachments\Máy tính\facial-emotion-viz\data\raw\repression\reg_img115 (9).jpg,repression
C:\Users\mainh\OneDrive\Attachments\Máy tính\facial-emotion-viz\data\raw\disgust\reg_img184 (4).jpg,disgust
C:\Users\mainh\OneDrive\Attachments\Máy tính\facial-emotion-viz\data\raw\happiness\reg_img46 (5).jpg,happiness
C:\Users\mainh\OneDrive\Attachments\Máy tính\facial-emotion-viz\data\raw\repression\reg_img104 (4).jpg,repression
C:\Users\mainh\OneDrive\Attachments\Máy tính\facial-emotion-viz\data\raw\repression\reg_img31 (4).jpg,repression
C:\Users\mainh\OneDrive\Attachments\Máy tính\facial-emotion-viz\data\raw\disgust\reg_img65 (17).jpg,disgust
C:\Users\mainh\OneDrive\Attachments\Máy tính\facial-emotion-viz\data\raw\repression\reg_img105 (10).jpg,repression
C:\Users\mainh\OneDrive\Attachments\Máy tính\facial-emotion-viz\data\raw\disgust\reg_img76 (21).jpg,disgust
C:\Users\mainh\OneDrive\Attachments\Máy tính\facial-emotion-viz\data\raw\happiness\reg_img69 (7).jpg,happiness
C:\Users\mainh\OneDrive\Attachments\Máy tính\facial-emotion-viz\data\raw\surprise\reg_img101 (3).jpg,surprise
C:\Users\mainh\OneDrive\Attachments\Máy tính\facial-emotion-viz\data\raw\repression\reg_img66 (11).jpg,repression
C:\Users\mainh\OneDrive\Attachments\Máy tính\facial-emotion-viz\data\raw\repression\reg_img24 (6).jpg,repression
C:\Users\mainh\OneDrive\Attachments\Máy tính\facial-emotion-viz\data\raw\happiness\reg_img50 (10).jpg,happiness
C:\Users\mainh\OneDrive\Attachments\Máy tính\facial-emotion-viz\data\raw\repression\reg_img145 (9).jpg,repression
C:\Users\mainh\OneDrive\Attachments\Máy tính\facial-emotion-viz\data\raw\surprise\reg_img46 (8).jpg,surprise
C:\Users\mainh\OneDrive\Attachments\Máy tính\facial-emotion-viz\data\raw\disgust\reg_img69 (8).jpg,disgust
C:\Users\mainh\OneDrive\Attachments\Máy tính\facial-emotion-viz\data\raw\disgust\reg_img78 (30).jpg,disgust
C:\Users\mainh\OneDrive\Attachments\Máy tính\facial-emotion-viz\data\raw\surprise\reg_img141.jpg,surprise
C:\Users\mainh\OneDrive\Attachments\Máy tính\facial-emotion-viz\data\raw\repression\reg_img65 (16).jpg,repression
C:\Users\mainh\OneDrive\Attachments\Máy tính\facial-emotion-viz\data\raw\disgust\reg_img161 (2).jpg,disgust
C:\Users\mainh\OneDrive\Attachments\Máy tính\facial-emotion-viz\data\raw\repression\reg_img182 (3).jpg,repression
C:\Users\mainh\OneDrive\Attachments\Máy tính\facial-emotion-viz\data\raw\repression\reg_img231.jpg,repression
C:\Users\mainh\OneDrive\Attachments\Máy tính\facial-emotion-viz\data\raw\disgust\reg_img89 (39).jpg,disgust
C:\Users\mainh\OneDrive\Attachments\Máy tính\facial-emotion-viz\data\raw\disgust\reg_img81.jpg,disgust
C:\Users\mainh\OneDrive\Attachments\Máy tính\facial-emotion-viz\data\raw\sadness\reg_img111.jpg,sadness
C:\Users\mainh\OneDrive\Attachments\Máy tính\facial-emotion-viz\data\raw\repression\reg_img107 (2).jpg,repression
C:\Users\mainh\OneDrive\Attachments\Máy tính\facial-emotion-viz\data\raw\repression\reg_img69 (16).jpg,repression
C:\Users\mainh\OneDrive\Attachments\Máy tính\facial-emotion-viz\data\raw\disgust\reg_img74 (5).jpg,disgust
C:\Users\mainh\OneDrive\Attachments\Máy tính\facial-emotion-viz\data\raw\disgust\reg_img40 (11).jpg,disgust
C:\Users\mainh\OneDrive\Attachments\Máy tính\facial-emotion-viz\data\raw\surprise\reg_img50 (8).jpg,surprise
C:\Users\mainh\OneDrive\Attachments\Máy tính\facial-emotion-viz\data\raw\repression\reg_img86 (3).jpg,repression
C:\Users\mainh\OneDrive\Attachments\Máy tính\facial-emotion-viz\data\raw\disgust\reg_img73 (35).jpg,disgust
C:\Users\mainh\OneDrive\Attachments\Máy tính\facial-emotion-viz\data\raw\surprise\reg_img109 (11).jpg,surprise
C:\Users\mainh\OneDrive\Attachments\Máy tính\facial-emotion-viz\data\raw\disgust\reg_img68.jpg,disgust
C:\Users\mainh\OneDrive\Attachments\Máy tính\facial-emotion-viz\data\raw\repression\reg_img106 (3).jpg,repression
C:\Users\mainh\OneDrive\Attachments\Máy tính\facial-emotion-viz\data\raw\happiness\reg_img53 (2).jpg,happiness
C:\Users\mainh\OneDrive\Attachments\Máy tính\facial-emotion-viz\data\raw\repression\reg_img134 (7).jpg,repression
C:\Users\mainh\OneDrive\Attachments\Máy tính\facial-emotion-viz\data\raw\happiness\reg_img94 (19).jpg,happiness
C:\Users\mainh\OneDrive\Attachments\Máy tính\facial-emotion-viz\data\raw\repression\reg_img131 (7).jpg,repression
C:\Users\mainh\OneDrive\Attachments\Máy tính\facial-emotion-viz\data\raw\happiness\reg_img19 (4).jpg,happiness
C:\Users\mainh\OneDrive\Attachments\Máy tính\facial-emotion-viz\data\raw\repression\reg_img175 (7).jpg,repression
C:\Users\mainh\OneDrive\Attachments\Máy tính\facial-emotion-viz\data\raw\disgust\reg_img69 (6).jpg,disgust
C:\Users\mainh\OneDrive\Attachments\Máy tính\facial-emotion-viz\data\raw\happiness\reg_img163.jpg,happiness
C:\Users\mainh\OneDrive\Attachments\Máy tính\facial-emotion-viz\data\raw\happiness\reg_img157.jpg,happiness
C:\Users\mainh\OneDrive\Attachments\Máy tính\facial-emotion-viz\data\raw\happiness\reg_img36 (5).jpg,happiness
C:\Users\mainh\OneDrive\Attachments\Máy tính\facial-emotion-viz\data\raw\repression\reg_img50 (4).jpg,repression
C:\Users\mainh\OneDrive\Attachments\Máy tính\facial-emotion-viz\data\raw\repression\reg_img190 (3).jpg,repression
C:\Users\mainh\OneDrive\Attachments\Máy tính\facial-emotion-viz\data\raw\repression\reg_img72 (8).jpg,repression
C:\Users\mainh\OneDrive\Attachments\Máy tính\facial-emotion-viz\data\raw\disgust\reg_img103.jpg,disgust
C:\Users\mainh\OneDrive\Attachments\Máy tính\facial-emotion-viz\data\raw\happiness\reg_img263.jpg,happiness
C:\Users\mainh\OneDrive\Attachments\Máy tính\facial-emotion-viz\data\raw\sadness\reg_img33 (2).jpg,sadness
C:\Users\mainh\OneDrive\Attachments\Máy tính\facial-emotion-viz\data\raw\disgust\reg_img25 (14).jpg,disgust
C:\Users\mainh\OneDrive\Attachments\Máy tính\facial-emotion-viz\data\raw\disgust\reg_img136 (10).jpg,disgust
C:\Users\mainh\OneDrive\Attachments\Máy tính\facial-emotion-viz\data\raw\surprise\reg_img152 (3).jpg,surprise
C:\Users\mainh\OneDrive\Attachments\Máy tính\facial-emotion-viz\data\raw\happiness\reg_img84 (13).jpg,happiness
C:\Users\mainh\OneDrive\Attachments\Máy tính\facial-emotion-viz\data\raw\disgust\reg_img24 (10).jpg,disgust
C:\Users\mainh\OneDrive\Attachments\Máy tính\facial-emotion-viz\data\raw\disgust\reg_img71 (13).jpg,disgust
C:\Users\mainh\OneDrive\Attachments\Máy tính\facial-emotion-viz\data\raw\repression\reg_img129 (2).jpg,repression
C:\Users\mainh\OneDrive\Attachments\Máy tính\facial-emotion-viz\data\raw\surprise\reg_img67 (9).jpg,surprise
C:\Users\mainh\OneDrive\Attachments\Máy tính\facial-emotion-viz\data\raw\disgust\reg_img90 (28).jpg,disgust
C:\Users\mainh\OneDrive\Attachments\Máy tính\facial-emotion-viz\data\raw\happiness\reg_img48 (6).jpg,happiness
C:\Users\mainh\OneDrive\Attachments\Máy tính\facial-emotion-viz\data\raw\happiness\reg_img114 (6).jpg,happiness
C:\Users\mainh\OneDrive\Attachments\Máy tính\facial-emotion-viz\data\raw\surprise\reg_img98 (13).jpg,surprise
C:\Users\mainh\OneDrive\Attachments\Máy tính\facial-emotion-viz\data\raw\happiness\reg_img63 (4).jpg,happiness
C:\Users\mainh\OneDrive\Attachments\Máy tính\facial-emotion-viz\data\raw\disgust\reg_img57 (20).jpg,disgust
C:\Users\mainh\OneDrive\Attachments\Máy tính\facial-emotion-viz\data\raw\repression\reg_img14 (2).jpg,repression
C:\Users\mainh\OneDrive\Attachments\Máy tính\facial-emotion-viz\data\raw\surprise\reg_img52 (11).jpg,surprise
C:\Users\mainh\OneDrive\Attachments\Máy tính\facial-emotion-viz\data\raw\repression\reg_img41 (3).jpg,repression
C:\Users\mainh\OneDrive\Attachments\Máy tính\facial-emotion-viz\data\raw\disgust\reg_img82 (17).jpg,disgust
C:\Users\mainh\OneDrive\Attachments\Máy tính\facial-emotion-viz\data\raw\repression\reg_img23 (5).jpg,repression
C:\Users\mainh\OneDrive\Attachments\Máy tính\facial-emotion-viz\data\raw\happiness\reg_img64 (15).jpg,happiness
C:\Users\mainh\OneDrive\Attachments\Máy tính\facial-emotion-viz\data\raw\happiness\reg_img27 (3).jpg,happiness
C:\Users\mainh\OneDrive\Attachments\Máy tính\facial-emotion-viz\data\raw\sadness\reg_img50 (3).jpg,sadness
C:\Users\mainh\OneDrive\Attachments\Máy tính\facial-emotion-viz\data\raw\disgust\reg_img13 (5).jpg,disgust
C:\Users\mainh\OneDrive\Attachments\Máy tính\facial-emotion-viz\data\raw\happiness\reg_img73 (11).jpg,happiness
C:\Users\mainh\OneDrive\Attachments\Máy tính\facial-emotion-viz\data\raw\repression\reg_img124 (14).jpg,repression
C:\Users\mainh\OneDrive\Attachments\Máy tính\facial-emotion-viz\data\raw\disgust\reg_img156 (4).jpg,disgust
C:\Users\mainh\OneDrive\Attachments\Máy tính\facial-emotion-viz\data\raw\disgust\reg_img55 (25).jpg,disgust
C:\Users\mainh\OneDrive\Attachments\Máy tính\facial-emotion-viz\data\raw\disgust\reg_img112 (19).jpg,disgust
C:\Users\mainh\OneDrive\Attachments\Máy tính\facial-emotion-viz\data\raw\disgust\reg_img88 (31).jpg,disgust
C:\Users\mainh\OneDrive\Attachments\Máy tính\facial-emotion-viz\data\raw\disgust\reg_img108 (14).jpg,disgust
C:\Users\mainh\OneDrive\Attachments\Máy tính\facial-emotion-viz\data\raw\happiness\reg_img30 (2).jpg,happiness
C:\Users\mainh\OneDrive\Attachments\Máy tính\facial-emotion-viz\data\raw\happiness\reg_img92 (4).jpg,happiness
C:\Users\mainh\OneDrive\Attachments\Máy tính\facial-emotion-viz\data\raw\disgust\reg_img140 (4).jpg,disgust
C:\Users\mainh\OneDrive\Attachments\Máy tính\facial-emotion-viz\data\raw\happiness\reg_img145 (4).jpg,happiness
C:\Users\mainh\OneDrive\Attachments\Máy tính\facial-emotion-viz\data\raw\disgust\reg_img95 (34).jpg,disgust
C:\Users\mainh\OneDrive\Attachments\Máy tính\facial-emotion-viz\data\raw\repression\reg_img59 (14).jpg,repression
C:\Users\mainh\OneDrive\Attachments\Máy tính\facial-emotion-viz\data\raw\surprise\reg_img132 (4).jpg,surprise
C:\Users\mainh\OneDrive\Attachments\Máy tính\facial-emotion-viz\data\raw\happiness\reg_img140 (4).jpg,happiness
C:\Users\mainh\OneDrive\Attachments\Máy tính\facial-emotion-viz\data\raw\repression\reg_img122 (3).jpg,repression
C:\Users\mainh\OneDrive\Attachments\Máy tính\facial-emotion-viz\data\raw\happiness\reg_img84 (12).jpg,happiness
C:\Users\mainh\OneDrive\Attachments\Máy tính\facial-emotion-viz\data\raw\surprise\reg_img163 (3).jpg,surprise
C:\Users\mainh\OneDrive\Attachments\Máy tính\facial-emotion-viz\data\raw\happiness\reg_img62 (19).jpg,happiness
C:\Users\mainh\OneDrive\Attachments\Máy tính\facial-emotion-viz\data\raw\repression\reg_img201 (2).jpg,repression
C:\Users\mainh\OneDrive\Attachments\Máy tính\facial-emotion-viz\data\raw\surprise\reg_img37 (8).jpg,surprise
C:\Users\mainh\OneDrive\Attachments\Máy tính\facial-emotion-viz\data\raw\surprise\reg_img81 (7).jpg,surprise
C:\Users\mainh\OneDrive\Attachments\Máy tính\facial-emotion-viz\data\raw\repression\reg_img153 (2).jpg,repression
C:\Users\mainh\OneDrive\Attachments\Máy tính\facial-emotion-viz\data\raw\disgust\reg_img34 (12).jpg,disgust
C:\Users\mainh\OneDrive\Attachments\Máy tính\facial-emotion-viz\data\raw\disgust\reg_img109 (30).jpg,disgust
C:\Users\mainh\OneDrive\Attachments\Máy tính\facial-emotion-viz\data\raw\disgust\reg_img89 (4).jpg,disgust
C:\Users\mainh\OneDrive\Attachments\Máy tính\facial-emotion-viz\data\raw\disgust\reg_img223.jpg,disgust
C:\Users\mainh\OneDrive\Attachments\Máy tính\facial-emotion-viz\data\raw\happiness\reg_img101 (7).jpg,happiness
C:\Users\mainh\OneDrive\Attachments\Máy tính\facial-emotion-viz\data\raw\surprise\reg_img50 (3).jpg,surprise
C:\Users\mainh\OneDrive\Attachments\Máy tính\facial-emotion-viz\data\raw\disgust\reg_img87 (4).jpg,disgust
C:\Users\mainh\OneDrive\Attachments\Máy tính\facial-emotion-viz\data\raw\surprise\reg_img95 (2).jpg,surprise
C:\Users\mainh\OneDrive\Attachments\Máy tính\facial-emotion-viz\data\raw\disgust\reg_img128 (11).jpg,disgust
C:\Users\mainh\OneDrive\Attachments\Máy tính\facial-emotion-viz\data\raw\disgust\reg_img53 (26).jpg,disgust
C:\Users\mainh\OneDrive\Attachments\Máy tính\facial-emotion-viz\data\raw\disgust\reg_img74 (35).jpg,disgust
C:\Users\mainh\OneDrive\Attachments\Máy tính\facial-emotion-viz\data\raw\happiness\reg_img144 (3).jpg,happiness
C:\Users\mainh\OneDrive\Attachments\Máy tính\facial-emotion-viz\data\raw\sadness\reg_img27.jpg,sadness
C:\Users\mainh\OneDrive\Attachments\Máy tính\facial-emotion-viz\data\raw\disgust\reg_img186 (4).jpg,disgust
C:\Users\mainh\OneDrive\Attachments\Máy tính\facial-emotion-viz\data\raw\disgust\reg_img128 (2).jpg,disgust
C:\Users\mainh\OneDrive\Attachments\Máy tính\facial-emotion-viz\data\raw\disgust\reg_img94 (19).jpg,disgust
C:\Users\mainh\OneDrive\Attachments\Máy tính\facial-emotion-viz\data\raw\happiness\reg_img29 (2).jpg,happiness
C:\Users\mainh\OneDrive\Attachments\Máy tính\facial-emotion-viz\data\raw\repression\reg_img52 (14).jpg,repression
C:\Users\mainh\OneDrive\Attachments\Máy tính\facial-emotion-viz\data\raw\happiness\reg_img28 (7).jpg,happiness
C:\Users\mainh\OneDrive\Attachments\Máy tính\facial-emotion-viz\data\raw\repression\reg_img125 (7).jpg,repression
C:\Users\mainh\OneDrive\Attachments\Máy tính\facial-emotion-viz\data\raw\disgust\reg_img116 (20).jpg,disgust
C:\Users\mainh\OneDrive\Attachments\Máy tính\facial-emotion-viz\data\raw\disgust\reg_img106 (20).jpg,disgust
C:\Users\mainh\OneDrive\Attachments\Máy tính\facial-emotion-viz\data\raw\surprise\reg_img67.jpg,surprise
C:\Users\mainh\OneDrive\Attachments\Máy tính\facial-emotion-viz\data\raw\disgust\reg_img128 (14).jpg,disgust
C:\Users\mainh\OneDrive\Attachments\Máy tính\facial-emotion-viz\data\raw\repression\reg_img59 (10).jpg,repression
C:\Users\mainh\OneDrive\Attachments\Máy tính\facial-emotion-viz\data\raw\happiness\reg_img101 (3).jpg,happiness
C:\Users\mainh\OneDrive\Attachments\Máy tính\facial-emotion-viz\data\raw\disgust\reg_img22 (5).jpg,disgust
C:\Users\mainh\OneDrive\Attachments\Máy tính\facial-emotion-viz\data\raw\happiness\reg_img139 (6).jpg,happiness
C:\Users\mainh\OneDrive\Attachments\Máy tính\facial-emotion-viz\data\raw\disgust\reg_img114 (5).jpg,disgust
C:\Users\mainh\OneDrive\Attachments\Máy tính\facial-emotion-viz\data\raw\repression\reg_img119 (14).jpg,repression
C:\Users\mainh\OneDrive\Attachments\Máy tính\facial-emotion-viz\data\raw\disgust\reg_img136 (11).jpg,disgust
C:\Users\mainh\OneDrive\Attachments\Máy tính\facial-emotion-viz\data\raw\disgust\reg_img64 (26).jpg,disgust
C:\Users\mainh\OneDrive\Attachments\Máy tính\facial-emotion-viz\data\raw\happiness\reg_img206.jpg,happiness
C:\Users\mainh\OneDrive\Attachments\Máy tính\facial-emotion-viz\data\raw\happiness\reg_img17 (4).jpg,happiness
C:\Users\mainh\OneDrive\Attachments\Máy tính\facial-emotion-viz\data\raw\repression\reg_img145 (7).jpg,repression
C:\Users\mainh\OneDrive\Attachments\Máy tính\facial-emotion-viz\data\raw\disgust\reg_img107 (20).jpg,disgust
C:\Users\mainh\OneDrive\Attachments\Máy tính\facial-emotion-viz\data\raw\disgust\reg_img74 (21).jpg,disgust
C:\Users\mainh\OneDrive\Attachments\Máy tính\facial-emotion-viz\data\raw\happiness\reg_img65 (17).jpg,happiness
C:\Users\mainh\OneDrive\Attachments\Máy tính\facial-emotion-viz\data\raw\happiness\reg_img49 (14).jpg,happiness
C:\Users\mainh\OneDrive\Attachments\Máy tính\facial-emotion-viz\data\raw\surprise\reg_img93 (13).jpg,surprise
C:\Users\mainh\OneDrive\Attachments\Máy tính\facial-emotion-viz\data\raw\repression\reg_img142 (5).jpg,repression
C:\Users\mainh\OneDrive\Attachments\Máy tính\facial-emotion-viz\data\raw\disgust\reg_img61 (2).jpg,disgust
C:\Users\mainh\OneDrive\Attachments\Máy tính\facial-emotion-viz\data\raw\surprise\reg_img138 (4).jpg,surprise
C:\Users\mainh\OneDrive\Attachments\Máy tính\facial-emotion-viz\data\raw\disgust\reg_img210.jpg,disgust
C:\Users\mainh\OneDrive\Attachments\Máy tính\facial-emotion-viz\data\raw\disgust\reg_img58 (27).jpg,disgust
C:\Users\mainh\OneDrive\Attachments\Máy tính\facial-emotion-viz\data\raw\happiness\reg_img93 (7).jpg,happiness
C:\Users\mainh\OneDrive\Attachments\Máy tính\facial-emotion-viz\data\raw\happiness\reg_img37 (10).jpg,happiness
C:\Users\mainh\OneDrive\Attachments\Máy tính\facial-emotion-viz\data\raw\repression\reg_img62 (9).jpg,repression
C:\Users\mainh\OneDrive\Attachments\Máy tính\facial-emotion-viz\data\raw\happiness\reg_img84 (4).jpg,happiness
C:\Users\mainh\OneDrive\Attachments\Máy tính\facial-emotion-viz\data\raw\happiness\reg_img121 (12).jpg,happiness
C:\Users\mainh\OneDrive\Attachments\Máy tính\facial-emotion-viz\data\raw\happiness\reg_img104 (5).jpg,happiness
C:\Users\mainh\OneDrive\Attachments\Máy tính\facial-emotion-viz\data\raw\surprise\reg_img104 (13).jpg,surprise
C:\Users\mainh\OneDrive\Attachments\Máy tính\facial-emotion-viz\data\raw\sadness\reg_img51.jpg,sadness
C:\Users\mainh\OneDrive\Attachments\Máy tính\facial-emotion-viz\data\raw\disgust\reg_img166.jpg,disgust
C:\Users\mainh\OneDrive\Attachments\Máy tính\facial-emotion-viz\data\raw\happiness\reg_img76 (11).jpg,happiness
C:\Users\mainh\OneDrive\Attachments\Máy tính\facial-emotion-viz\data\raw\happiness\reg_img149 (6).jpg,happiness
C:\Users\mainh\OneDrive\Attachments\Máy tính\facial-emotion-viz\data\raw\disgust\reg_img62 (19).jpg,disgust
C:\Users\mainh\OneDrive\Attachments\Máy tính\facial-emotion-viz\data\raw\repression\reg_img82 (6).jpg,repression
C:\Users\mainh\OneDrive\Attachments\Máy tính\facial-emotion-viz\data\raw\sadness\reg_img338 (2).jpg,sadness
C:\Users\mainh\OneDrive\Attachments\Máy tính\facial-emotion-viz\data\raw\disgust\reg_img47 (14).jpg,disgust
C:\Users\mainh\OneDrive\Attachments\Máy tính\facial-emotion-viz\data\raw\disgust\reg_img58 (25).jpg,disgust
C:\Users\mainh\OneDrive\Attachments\Máy tính\facial-emotion-viz\data\raw\repression\reg_img153 (9).jpg,repression
C:\Users\mainh\OneDrive\Attachments\Máy tính\facial-emotion-viz\data\raw\surprise\reg_img34 (5).jpg,surprise
C:\Users\mainh\OneDrive\Attachments\Máy tính\facial-emotion-viz\data\raw\happiness\reg_img196 (2).jpg,happiness
C:\Users\mainh\OneDrive\Attachments\Máy tính\facial-emotion-viz\data\raw\disgust\reg_img96 (11).jpg,disgust
C:\Users\mainh\OneDrive\Attachments\Máy tính\facial-emotion-viz\data\raw\disgust\reg_img106 (6).jpg,disgust
C:\Users\mainh\OneDrive\Attachments\Máy tính\facial-emotion-viz\data\raw\disgust\reg_img73 (8).jpg,disgust
C:\Users\mainh\OneDrive\Attachments\Máy tính\facial-emotion-viz\data\raw\disgust\reg_img127 (4).jpg,disgust
C:\Users\mainh\OneDrive\Attachments\Máy tính\facial-emotion-viz\data\raw\happiness\reg_img65 (8).jpg,happiness
C:\Users\mainh\OneDrive\Attachments\Máy tính\facial-emotion-viz\data\raw\surprise\reg_img53 (4).jpg,surprise
C:\Users\mainh\OneDrive\Attachments\Máy tính\facial-emotion-viz\data\raw\happiness\reg_img105 (8).jpg,happiness
C:\Users\mainh\OneDrive\Attachments\Máy tính\facial-emotion-viz\data\raw\surprise\reg_img51 (5).jpg,surprise
C:\Users\mainh\OneDrive\Attachments\Máy tính\facial-emotion-viz\data\raw\happiness\reg_img215.jpg,happiness
C:\Users\mainh\OneDrive\Attachments\Máy tính\facial-emotion-viz\data\raw\disgust\reg_img31 (10).jpg,disgust
C:\Users\mainh\OneDrive\Attachments\Máy tính\facial-emotion-viz\data\raw\surprise\reg_img42 (9).jpg,surprise
C:\Users\mainh\OneDrive\Attachments\Máy tính\facial-emotion-viz\data\raw\disgust\reg_img111 (7).jpg,disgust
C:\Users\mainh\OneDrive\Attachments\Máy tính\facial-emotion-viz\data\raw\surprise\reg_img72 (7).jpg,surprise
C:\Users\mainh\OneDrive\Attachments\Máy tính\facial-emotion-viz\data\raw\surprise\reg_img81 (2).jpg,surprise
C:\Users\mainh\OneDrive\Attachments\Máy tính\facial-emotion-viz\data\raw\happiness\reg_img41 (9).jpg,happiness
C:\Users\mainh\OneDrive\Attachments\Máy tính\facial-emotion-viz\data\raw\surprise\reg_img181.jpg,surprise
C:\Users\mainh\OneDrive\Attachments\Máy tính\facial-emotion-viz\data\raw\happiness\reg_img77 (3).jpg,happiness
C:\Users\mainh\OneDrive\Attachments\Máy tính\facial-emotion-viz\data\raw\repression\reg_img113 (8).jpg,repression
C:\Users\mainh\OneDrive\Attachments\Máy tính\facial-emotion-viz\data\raw\surprise\reg_img122.jpg,surprise
C:\Users\mainh\OneDrive\Attachments\Máy tính\facial-emotion-viz\data\raw\happiness\reg_img68 (10).jpg,happiness
C:\Users\mainh\OneDrive\Attachments\Máy tính\facial-emotion-viz\data\raw\disgust\reg_img92 (23).jpg,disgust
C:\Users\mainh\OneDrive\Attachments\Máy tính\facial-emotion-viz\data\raw\repression\reg_img154 (7).jpg,repression
C:\Users\mainh\OneDrive\Attachments\Máy tính\facial-emotion-viz\data\raw\happiness\reg_img20 (2).jpg,happiness
C:\Users\mainh\OneDrive\Attachments\Máy tính\facial-emotion-viz\data\raw\happiness\reg_img47 (7).jpg,happiness
C:\Users\mainh\OneDrive\Attachments\Máy tính\facial-emotion-viz\data\raw\repression\reg_img152 (5).jpg,repression
C:\Users\mainh\OneDrive\Attachments\Máy tính\facial-emotion-viz\data\raw\disgust\reg_img107 (17).jpg,disgust
C:\Users\mainh\OneDrive\Attachments\Máy tính\facial-emotion-viz\data\raw\disgust\reg_img158 (4).jpg,disgust
C:\Users\mainh\OneDrive\Attachments\Máy tính\facial-emotion-viz\data\raw\disgust\reg_img17 (6).jpg,disgust
C:\Users\mainh\OneDrive\Attachments\Máy tính\facial-emotion-viz\data\raw\surprise\reg_img105 (3).jpg,surprise
C:\Users\mainh\OneDrive\Attachments\Máy tính\facial-emotion-viz\data\raw\repression\reg_img56 (16).jpg,repression
C:\Users\mainh\OneDrive\Attachments\Máy tính\facial-emotion-viz\data\raw\disgust\reg_img97 (33).jpg,disgust
C:\Users\mainh\OneDrive\Attachments\Máy tính\facial-emotion-viz\data\raw\repression\reg_img35 (3).jpg,repression
C:\Users\mainh\OneDrive\Attachments\Máy tính\facial-emotion-viz\data\raw\disgust\reg_img95 (3).jpg,disgust
C:\Users\mainh\OneDrive\Attachments\Máy tính\facial-emotion-viz\data\raw\happiness\reg_img59 (18).jpg,happiness
C:\Users\mainh\OneDrive\Attachments\Máy tính\facial-emotion-viz\data\raw\surprise\reg_img65 (3).jpg,surprise
C:\Users\mainh\OneDrive\Attachments\Máy tính\facial-emotion-viz\data\raw\disgust\reg_img78 (3).jpg,disgust
C:\Users\mainh\OneDrive\Attachments\Máy tính\facial-emotion-viz\data\raw\surprise\reg_img102 (11).jpg,surprise
C:\Users\mainh\OneDrive\Attachments\Máy tính\facial-emotion-viz\data\raw\disgust\reg_img33 (12).jpg,disgust
C:\Users\mainh\OneDrive\Attachments\Máy tính\facial-emotion-viz\data\raw\happiness\reg_img28 (5).jpg,happiness
C:\Users\mainh\OneDrive\Attachments\Máy tính\facial-emotion-viz\data\raw\disgust\reg_img74 (33).jpg,disgust
C:\Users\mainh\OneDrive\Attachments\Máy tính\facial-emotion-viz\data\raw\happiness\reg_img93 (3).jpg,happiness
C:\Users\mainh\OneDrive\Attachments\Máy tính\facial-emotion-viz\data\raw\disgust\reg_img79 (22).jpg,disgust
C:\Users\mainh\OneDrive\Attachments\Máy tính\facial-emotion-viz\data\raw\happiness\reg_img79 (3).jpg,happiness
C:\Users\mainh\OneDrive\Attachments\Máy tính\facial-emotion-viz\data\raw\repression\reg_img36 (3).jpg,repression
C:\Users\mainh\OneDrive\Attachments\Máy tính\facial-emotion-viz\data\raw\sadness\reg_img47.jpg,sadness
C:\Users\mainh\OneDrive\Attachments\Máy tính\facial-emotion-viz\data\raw\happiness\reg_img175 (2).jpg,happiness
C:\Users\mainh\OneDrive\Attachments\Máy tính\facial-emotion-viz\data\raw\repression\reg_img31.jpg,repression
C:\Users\mainh\OneDrive\Attachments\Máy tính\facial-emotion-viz\data\raw\repression\reg_img61 (5).jpg,repression
C:\Users\mainh\OneDrive\Attachments\Máy tính\facial-emotion-viz\data\raw\happiness\reg_img90 (9).jpg,happiness
C:\Users\mainh\OneDrive\Attachments\Máy tính\facial-emotion-viz\data\raw\disgust\reg_img63 (26).jpg,disgust
C:\Users\mainh\OneDrive\Attachments\Máy tính\facial-emotion-viz\data\raw\happiness\reg_img135 (2).jpg,happiness
C:\Users\mainh\OneDrive\Attachments\Máy tính\facial-emotion-viz\data\raw\repression\reg_img113 (9).jpg,repression
C:\Users\mainh\OneDrive\Attachments\Máy tính\facial-emotion-viz\data\raw\disgust\reg_img66 (16).jpg,disgust
C:\Users\mainh\OneDrive\Attachments\Máy tính\facial-emotion-viz\data\raw\happiness\reg_img25 (5).jpg,happiness
C:\Users\mainh\OneDrive\Attachments\Máy tính\facial-emotion-viz\data\raw\happiness\reg_img174 (2).jpg,happiness
C:\Users\mainh\OneDrive\Attachments\Máy tính\facial-emotion-viz\data\raw\sadness\reg_img50 (2).jpg,sadness
C:\Users\mainh\OneDrive\Attachments\Máy tính\facial-emotion-viz\data\raw\disgust\reg_img46 (3).jpg,disgust
C:\Users\mainh\OneDrive\Attachments\Máy tính\facial-emotion-viz\data\raw\sadness\reg_img109.jpg,sadness
C:\Users\mainh\OneDrive\Attachments\Máy tính\facial-emotion-viz\data\raw\happiness\reg_img125 (4).jpg,happiness
C:\Users\mainh\OneDrive\Attachments\Máy tính\facial-emotion-viz\data\raw\disgust\reg_img25.jpg,disgust
C:\Users\mainh\OneDrive\Attachments\Máy tính\facial-emotion-viz\data\raw\surprise\reg_img58.jpg,surprise
C:\Users\mainh\OneDrive\Attachments\Máy tính\facial-emotion-viz\data\raw\happiness\reg_img145 (3).jpg,happiness
C:\Users\mainh\OneDrive\Attachments\Máy tính\facial-emotion-viz\data\raw\happiness\reg_img55 (18).jpg,happiness
C:\Users\mainh\OneDrive\Attachments\Máy tính\facial-emotion-viz\data\raw\surprise\reg_img90 (13).jpg,surprise
C:\Users\mainh\OneDrive\Attachments\Máy tính\facial-emotion-viz\data\raw\repression\reg_img53 (9).jpg,repression
C:\Users\mainh\OneDrive\Attachments\Máy tính\facial-emotion-viz\data\raw\happiness\reg_img28 (8).jpg,happiness
C:\Users\mainh\OneDrive\Attachments\Máy tính\facial-emotion-viz\data\raw\disgust\reg_img20 (5).jpg,disgust
C:\Users\mainh\OneDrive\Attachments\Máy tính\facial-emotion-viz\data\raw\disgust\reg_img67 (4).jpg,disgust
C:\Users\mainh\OneDrive\Attachments\Máy tính\facial-emotion-viz\data\raw\disgust\reg_img123 (2).jpg,disgust
C:\Users\mainh\OneDrive\Attachments\Máy tính\facial-emotion-viz\data\raw\surprise\reg_img63 (14).jpg,surprise
C:\Users\mainh\OneDrive\Attachments\Máy tính\facial-emotion-viz\data\raw\surprise\reg_img107 (10).jpg,surprise
C:\Users\mainh\OneDrive\Attachments\Máy tính\facial-emotion-viz\data\raw\happiness\reg_img110 (11).jpg,happiness
C:\Users\mainh\OneDrive\Attachments\Máy tính\facial-emotion-viz\data\raw\disgust\reg_img56 (16).jpg,disgust
C:\Users\mainh\OneDrive\Attachments\Máy tính\facial-emotion-viz\data\raw\happiness\reg_img108 (4).jpg,happiness
C:\Users\mainh\OneDrive\Attachments\Máy tính\facial-emotion-viz\data\raw\surprise\reg_img65 (7).jpg,surprise
C:\Users\mainh\OneDrive\Attachments\Máy tính\facial-emotion-viz\data\raw\happiness\reg_img174.jpg,happiness
C:\Users\mainh\OneDrive\Attachments\Máy tính\facial-emotion-viz\data\raw\disgust\reg_img119 (11).jpg,disgust
C:\Users\mainh\OneDrive\Attachments\Máy tính\facial-emotion-viz\data\raw\disgust\reg_img22 (14).jpg,disgust
C:\Users\mainh\OneDrive\Attachments\Máy tính\facial-emotion-viz\data\raw\repression\reg_img79 (12).jpg,repression
C:\Users\mainh\OneDrive\Attachments\Máy tính\facial-emotion-viz\data\raw\happiness\reg_img144.jpg,happiness
C:\Users\mainh\OneDrive\Attachments\Máy tính\facial-emotion-viz\data\raw\happiness\reg_img47 (4).jpg,happiness
C:\Users\mainh\OneDrive\Attachments\Máy tính\facial-emotion-viz\data\raw\surprise\reg_img92 (5).jpg,surprise
C:\Users\mainh\OneDrive\Attachments\Máy tính\facial-emotion-viz\data\raw\happiness\reg_img121 (4).jpg,happiness
C:\Users\mainh\OneDrive\Attachments\Máy tính\facial-emotion-viz\data\raw\repression\reg_img126 (11).jpg,repression
C:\Users\mainh\OneDrive\Attachments\Máy tính\facial-emotion-viz\data\raw\repression\reg_img197 (3).jpg,repression
C:\Users\mainh\OneDrive\Attachments\Máy tính\facial-emotion-viz\data\raw\repression\reg_img73 (5).jpg,repression
C:\Users\mainh\OneDrive\Attachments\Máy tính\facial-emotion-viz\data\raw\repression\reg_img100 (2).jpg,repression
C:\Users\mainh\OneDrive\Attachments\Máy tính\facial-emotion-viz\data\raw\disgust\reg_img107 (28).jpg,disgust
C:\Users\mainh\OneDrive\Attachments\Máy tính\facial-emotion-viz\data\raw\repression\reg_img206 (3).jpg,repression
C:\Users\mainh\OneDrive\Attachments\Máy tính\facial-emotion-viz\data\raw\disgust\reg_img115 (20).jpg,disgust
C:\Users\mainh\OneDrive\Attachments\Máy tính\facial-emotion-viz\data\raw\surprise\reg_img112 (9).jpg,surprise
C:\Users\mainh\OneDrive\Attachments\Máy tính\facial-emotion-viz\data\raw\repression\reg_img76 (2).jpg,repression
C:\Users\mainh\OneDrive\Attachments\Máy tính\facial-emotion-viz\data\raw\surprise\reg_img28 (5).jpg,surprise
C:\Users\mainh\OneDrive\Attachments\Máy tính\facial-emotion-viz\data\raw\surprise\reg_img101 (11).jpg,surprise
C:\Users\mainh\OneDrive\Attachments\Máy tính\facial-emotion-viz\data\raw\disgust\reg_img150 (2).jpg,disgust
C:\Users\mainh\OneDrive\Attachments\Máy tính\facial-emotion-viz\data\raw\happiness\reg_img88 (11).jpg,happiness
C:\Users\mainh\OneDrive\Attachments\Máy tính\facial-emotion-viz\data\raw\happiness\reg_img39 (5).jpg,happiness
C:\Users\mainh\OneDrive\Attachments\Máy tính\facial-emotion-viz\data\raw\repression\reg_img162.jpg,repression
C:\Users\mainh\OneDrive\Attachments\Máy tính\facial-emotion-viz\data\raw\disgust\reg_img113 (3).jpg,disgust
C:\Users\mainh\OneDrive\Attachments\Máy tính\facial-emotion-viz\data\raw\repression\reg_img157 (7).jpg,repression
C:\Users\mainh\OneDrive\Attachments\Máy tính\facial-emotion-viz\data\raw\disgust\reg_img97 (9).jpg,disgust
C:\Users\mainh\OneDrive\Attachments\Máy tính\facial-emotion-viz\data\raw\surprise\reg_img36 (3).jpg,surprise
C:\Users\mainh\OneDrive\Attachments\Máy tính\facial-emotion-viz\data\raw\disgust\reg_img100 (23).jpg,disgust
C:\Users\mainh\OneDrive\Attachments\Máy tính\facial-emotion-viz\data\raw\disgust\reg_img83 (10).jpg,disgust
C:\Users\mainh\OneDrive\Attachments\Máy tính\facial-emotion-viz\data\raw\disgust\reg_img92 (28).jpg,disgust
C:\Users\mainh\OneDrive\Attachments\Máy tính\facial-emotion-viz\data\raw\happiness\reg_img39 (15).jpg,happiness
C:\Users\mainh\OneDrive\Attachments\Máy tính\facial-emotion-viz\data\raw\disgust\reg_img76 (25).jpg,disgust
C:\Users\mainh\OneDrive\Attachments\Máy tính\facial-emotion-viz\data\raw\surprise\reg_img116.jpg,surprise
C:\Users\mainh\OneDrive\Attachments\Máy tính\facial-emotion-viz\data\raw\disgust\reg_img126 (8).jpg,disgust
C:\Users\mainh\OneDrive\Attachments\Máy tính\facial-emotion-viz\data\raw\surprise\reg_img58 (3).jpg,surprise
